round,date,factor_id,group,selected,updated_in_b_step,selected_success,unselected_evaluation,unselected_score,unselected_improvement,alpha_before,beta_before,alpha_after,beta_after,success_rate_after,score_final,score_aggregate,score_bayesian,perf_rank_percentile_input,perf_icir_input,perf_ls_return_input,recent_icir_lookback,recent_ls_mean_lookback,recent_ls_sharpe_lookback,recent_win_rate_lookback
2,2014-06-19,good_000,good,True,True,True,,,,8.0,2.0,9.0,2.0,0.8181818181818182,0.5672349244096015,0.5498535908514438,0.6077913693786362,0.24489795918367346,1.4954582379859247,0.00073568779615882,1.4954586656316926,0.00073568779615882,23.754516843711446,0.9
2,2014-06-19,good_001,good,True,True,True,,,,8.0,2.0,9.0,2.0,0.8181818181818182,0.6621352450666353,0.5643055028892091,0.8904046434806301,0.40816326530612246,1.3013994398146067,0.0007631002033092452,1.3013997505618145,0.0007631002033092452,20.608282349383597,0.85
2,2014-06-19,good_002,good,True,True,False,,,,8.0,2.0,8.0,3.0,0.7272727272727273,0.5548184408203107,0.4916598079835691,0.7021885841060411,0.5918367346938775,1.102240678028349,0.0007157475619690935,1.102240917656699,0.0007157475619690935,17.463016352875155,0.8
2,2014-06-19,good_003,good,True,True,True,,,,8.0,2.0,9.0,2.0,0.8181818181818182,0.5779995177060075,0.47559798849746004,0.8169364191926185,0.5714285714285714,1.1219731925889715,0.0006244549278749516,1.1219734761563538,0.0006244549278749516,17.872253446950594,0.85
2,2014-06-19,good_004,good,True,True,True,,,,8.0,2.0,9.0,2.0,0.8181818181818182,0.7141831370706476,0.6175036543067995,0.9397685968529599,0.0,3.2143719368371757,0.0010813948494611354,3.2143732793612574,0.0010813948494611354,51.42215954965977,1.0
2,2014-06-19,good_005,good,True,True,True,,,,8.0,2.0,9.0,2.0,0.8181818181818182,0.6141775742966218,0.4777196038895849,0.9325795052463745,0.6122448979591837,1.0892009412195292,0.0005990946464651309,1.0892012202319925,0.0005990946464651309,17.355525601009358,0.9
2,2014-06-19,good_006,good,True,True,True,,,,8.0,2.0,9.0,2.0,0.8181818181818182,0.691606047618368,0.6207922023946845,0.8568383531402962,0.04081632653061224,2.531747448827918,0.0009698936954183966,2.5317483786580017,0.0009698936954183966,40.591001796074714,1.0
2,2014-06-19,good_007,good,True,True,True,,,,8.0,2.0,9.0,2.0,0.8181818181818182,0.5733082864462735,0.5274535367350777,0.6803027024390642,0.3469387755102041,1.3671977767628742,0.0007840840055241051,1.3671981129512951,0.0007840840055241051,21.457129265557086,0.9
2,2014-06-19,good_008,good,True,True,True,,,,8.0,2.0,9.0,2.0,0.8181818181818182,0.6217044149516626,0.5777260886483054,0.7243205096594961,0.10204081632653061,1.9970876988754669,0.0008757599863033245,1.9970883382493578,0.0008757599863033245,31.781508113651956,0.9
2,2014-06-19,good_009,good,True,True,False,,,,8.0,2.0,8.0,3.0,0.7272727272727273,0.5306983305177351,0.47143806606770866,0.6689722809011303,0.8571428571428571,0.6676184960849029,0.0005193304614403845,0.6676186169210698,0.0005193304614403845,10.630496874914432,0.75
2,2014-06-19,good_010,good,True,True,True,,,,8.0,2.0,9.0,2.0,0.8181818181818182,0.6971381255420049,0.6259996110413758,0.8631279927101397,0.02040816326530612,2.6226767913573137,0.001056182976937476,2.6226777077233985,0.001056182976937476,41.85921718278484,1.0
2,2014-06-19,good_011,good,True,True,True,,,,8.0,2.0,9.0,2.0,0.8181818181818182,0.6707052757515266,0.5618919345777372,0.924603071823702,0.1836734693877551,1.5494534087241376,0.0008015148142977421,1.5494538307026275,0.0008015148142977421,24.664140562243986,0.95
2,2014-06-19,good_012,good,True,True,True,,,,8.0,2.0,9.0,2.0,0.8181818181818182,0.6470883991970217,0.5215664846542658,0.9399728664634522,0.42857142857142855,1.297894189007179,0.0007016235991252532,1.297894523219368,0.0007016235991252532,20.42934632488939,0.85
2,2014-06-19,good_013,good,True,True,True,,,,8.0,2.0,9.0,2.0,0.8181818181818182,0.6092262065756291,0.5572963438083479,0.730395886365952,0.2653061224489796,1.468003079765044,0.0008064739244863816,1.4680034543960505,0.0008064739244863816,23.48711840452847,0.9
2,2014-06-19,good_014,good,True,True,False,,,,8.0,2.0,8.0,3.0,0.7272727272727273,0.5295181689942564,0.4509058901012595,0.7129468197445827,0.7959183673469388,0.7916295352594469,0.0004530301402581455,0.7916297285334748,0.0004530301402581455,12.375000560015755,0.65
2,2014-06-19,good_015,good,True,True,False,,,,8.0,2.0,8.0,3.0,0.7272727272727273,0.5686622326371493,0.5168488764309328,0.689560063784988,0.7346938775510204,0.930160923949946,0.0005280829430126549,0.9301611545039727,0.0005280829430126549,14.694257433171469,0.8
2,2014-06-19,good_016,good,True,True,True,,,,8.0,2.0,9.0,2.0,0.8181818181818182,0.5732694581933733,0.4486531196227844,0.8640409148580805,0.6938775510204082,0.9663983017698377,0.0005718157211138236,0.9663985318245176,0.0005718157211138236,15.488736915694957,0.85
2,2014-06-19,good_017,good,True,True,False,,,,8.0,2.0,8.0,3.0,0.7272727272727273,0.45325528911512747,0.37685698359203745,0.6315180020023374,0.8163265306122449,0.7561449094286485,0.0005163940463285912,0.7561450668587002,0.0005163940463285912,12.163982702098629,0.7
2,2014-06-19,good_018,good,True,True,True,,,,8.0,2.0,9.0,2.0,0.8181818181818182,0.576575172165833,0.510130598533282,0.7316125106417856,0.30612244897959184,1.4347196914685196,0.0008323955391563883,1.4347200371308624,0.0008323955391563883,22.656559803762306,0.95
2,2014-06-19,good_019,good,True,True,True,,,,8.0,2.0,9.0,2.0,0.8181818181818182,0.6231919799033635,0.5506930786188634,0.7923560829005305,0.14285714285714285,1.8033136575370443,0.0008783129847671279,1.803314175305006,0.0008783129847671279,28.419325139474076,0.9
2,2014-06-19,medium_000,medium,True,True,True,,,,5.0,5.0,6.0,5.0,0.5454545454545454,0.6285347593978132,0.5538004365407667,0.8029148460642552,0.5510204081632653,1.2096527415083829,0.0006209795410225563,1.2096530715968636,0.0006209795410225563,19.19994087903167,0.95
2,2014-06-19,medium_001,medium,True,True,True,,,,5.0,5.0,6.0,5.0,0.5454545454545454,0.5412341633825145,0.5772514653365575,0.45719379215641437,0.08163265306122448,2.266872530643355,0.0009326369478343593,2.2668733075269665,0.0009326369478343593,35.682633105695196,0.9
2,2014-06-19,medium_002,medium,True,True,False,,,,5.0,5.0,5.0,6.0,0.45454545454545453,0.46178352674309364,0.45469799605993133,0.47831643167047255,0.6530612244897959,1.0251278084633249,0.0005710923534344078,1.0251280648258632,0.0005710923534344078,16.280326930855036,0.9
2,2014-06-19,medium_003,medium,True,True,True,,,,5.0,5.0,6.0,5.0,0.5454545454545454,0.5249746779669552,0.5170955514793508,0.543359306438032,0.3673469387755102,1.357417922192719,0.0007132425094751842,1.3574182848365017,0.0007132425094751842,21.583651795430097,0.85
2,2014-06-19,medium_004,medium,False,True,False,,,,5.0,5.0,5.0,6.0,0.45454545454545453,0.42377656486064375,0.39241999098152724,0.4969419039119158,0.9183673469387755,0.5462436311744857,0.00037447597662056104,0.546243743466601,0.00037447597662056104,8.720323218579074,0.6
2,2014-06-19,medium_005,medium,True,False,,,,,5.0,5.0,5.0,5.0,0.5,0.46518300150815933,0.5933881609466338,0.16603762948505224,,,,3.191663126808192,0.001022680091153865,51.14800555929268,1.0
2,2014-06-19,medium_006,medium,True,True,True,,,,5.0,5.0,6.0,5.0,0.5454545454545454,0.48361252165143354,0.4679068032502416,0.5202591979208814,0.4897959183673469,1.262378757641966,0.0006019817975762435,1.2623791294603544,0.0006019817975762435,20.081614704023696,0.85
2,2014-06-19,medium_007,medium,True,True,False,,,,5.0,5.0,5.0,6.0,0.45454545454545453,0.4504435827279963,0.5280250107902273,0.2694202505827905,0.7551020408163265,0.9020538288585153,0.0005462854607320275,0.9020540374829892,0.0005462854607320275,14.260460902714309,0.85
2,2014-06-19,medium_008,medium,True,True,True,,,,5.0,5.0,6.0,5.0,0.5454545454545454,0.6001902765994744,0.5528203088049605,0.7107202014533403,0.4489795918367347,1.29017450036485,0.000700231448456124,1.2901748349131796,0.000700231448456124,20.381885845913498,0.9
2,2014-06-19,medium_009,medium,True,True,True,,,,5.0,5.0,6.0,5.0,0.5454545454545454,0.46145845520150075,0.5544614549245873,0.24445145584763212,0.5306122448979592,1.2165668312209041,0.0006849228276744465,1.2165671344222246,0.0006849228276744465,19.24245987796248,0.85
2,2014-06-19,medium_010,medium,True,True,True,,,,5.0,5.0,6.0,5.0,0.5454545454545454,0.5167444802878869,0.4997651630630372,0.5563628871458697,0.3877551020408163,1.3065195716027498,0.0007750171063825699,1.3065198794552817,0.0007750171063825699,20.745811904056453,0.85
2,2014-06-19,medium_011,medium,True,True,True,,,,5.0,5.0,6.0,5.0,0.5454545454545454,0.5344813570719307,0.5490056326691546,0.5005913806784085,0.22448979591836735,1.5187021367475293,0.0006535407536325971,1.5187026314620167,0.0006535407536325971,24.12317130898691,0.9
2,2014-06-19,medium_012,medium,True,False,,,,,5.0,5.0,5.5,5.0,0.5238095238095238,0.48620914337568155,0.46385365806066303,0.5383719424440583,,,,1.2068237521853464,0.0007390969948151218,19.300162960980618,0.85
2,2014-06-19,medium_013,medium,True,True,False,,,,5.0,5.0,5.0,6.0,0.45454545454545453,0.4630403089139793,0.41328945540064516,0.5791256337784255,0.9387755102040817,0.5240064404463424,0.000320425954219889,0.5240065630737075,0.000320425954219889,8.417336456284048,0.65
2,2014-06-19,medium_014,medium,True,True,True,,,,5.0,5.0,6.0,5.0,0.5454545454545454,0.5322298928451724,0.4867834162531546,0.6382716715598806,0.673469387755102,0.9746368640846542,0.0004720891938982199,0.9746371487066734,0.0004720891938982199,15.536318385650645,0.85
2,2014-06-19,medium_015,medium,True,True,True,,,,5.0,5.0,6.0,5.0,0.5454545454545454,0.5528607690482612,0.5026832655486764,0.6699416105472927,0.46938775510204084,1.2844431630537168,0.000693008045303309,1.2844434985646536,0.000693008045303309,20.50586840528121,0.85
2,2014-06-19,medium_016,medium,False,True,False,,,,5.0,5.0,5.0,6.0,0.45454545454545453,0.3876748285345597,0.33146699412607766,0.5188264421543511,0.9795918367346939,0.3660776792002155,0.00022279639788784343,0.3660777650601835,0.00022279639788784343,5.848517882124355,0.6
2,2014-06-19,medium_017,medium,False,True,False,,,,5.0,5.0,5.0,6.0,0.45454545454545453,0.3933195611444515,0.3926572024248503,0.394865064823521,0.8775510204081632,0.6030594678537261,0.0002952453160865964,0.6030596418591695,0.0002952453160865964,9.633998151290834,0.75
2,2014-06-19,medium_018,medium,True,True,True,,,,5.0,5.0,6.0,5.0,0.5454545454545454,0.49054205036126375,0.5089414857342812,0.44761003449088965,0.32653061224489793,1.396529543984733,0.000664827445333609,1.396529957845604,0.000664827445333609,22.34219794256726,0.85
2,2014-06-19,medium_019,medium,True,True,True,,,,5.0,5.0,6.0,5.0,0.5454545454545454,0.5549446156575124,0.5288548773889695,0.6158206716174459,0.16326530612244897,1.715015230636684,0.0007986766444317214,1.7150157510454684,0.0007986766444317214,27.139210721786956,0.95
2,2014-06-19,medium_020,medium,True,True,True,,,,5.0,5.0,6.0,5.0,0.5454545454545454,0.6020041577498633,0.5991041105748405,0.608770934491583,0.061224489795918366,2.3984340229101586,0.0009216285216721871,2.3984348984112867,0.0009216285216721871,38.74698297879168,1.0
2,2014-06-19,medium_021,medium,True,True,True,,,,5.0,5.0,6.0,5.0,0.5454545454545454,0.5451677917674482,0.5551163739453904,0.52195443335225,0.20408163265306123,1.5235930073920279,0.0007133954129896605,1.523593462832584,0.0007133954129896605,23.890646446428576,0.85
2,2014-06-19,medium_022,medium,True,True,True,,,,5.0,5.0,6.0,5.0,0.5454545454545454,0.643260944831755,0.5762926808370888,0.7995202274859763,0.12244897959183673,1.8399927316258626,0.0007908166397078874,1.8399933336774454,0.0007908166397078874,29.228858172230407,0.95
2,2014-06-19,medium_023,medium,False,True,False,,,,5.0,5.0,5.0,6.0,0.45454545454545453,0.40820284389690786,0.3571434895725296,0.5273413373204573,0.9591836734693877,0.4675635418510782,0.0002785751042938032,0.467563653749205,0.0002785751042938032,7.462208165251448,0.75
2,2014-06-19,medium_024,medium,False,True,False,,,,5.0,5.0,5.0,6.0,0.45454545454545453,0.42566272118294834,0.478444692252859,0.3025047886864901,0.6326530612244898,1.037042516937728,0.0006089289707383999,1.0370427665971744,0.0006089289707383999,16.538797350648313,0.8
2,2014-06-19,medium_025,medium,True,True,True,,,,5.0,5.0,6.0,5.0,0.5454545454545454,0.5216468980688741,0.5302683801791044,0.5015301064783368,0.5102040816326531,1.2379114435581715,0.0005606933676074666,1.237911823073049,0.0005606933676074666,19.617663455328866,0.85
2,2014-06-19,medium_026,medium,True,False,,,,,5.0,5.0,5.5,5.0,0.5238095238095238,0.5940406714091453,0.5909680909097008,0.6012100259078491,,,,2.712550457471437,0.0009815720111760223,43.16202825292188,0.95
2,2014-06-19,medium_027,medium,False,False,,failure,0.39000000000000007,-2.442109584182589,5.0,5.0,5.0,5.0,0.5,0.4503749872608612,0.40837950463940487,0.5483644467109262,,,,0.6824201949118524,0.00035406778521483424,10.849731638746633,0.75
2,2014-06-19,medium_028,medium,True,False,,,,,5.0,5.0,5.0,5.0,0.5,0.5112298401339628,0.490326369675489,0.5600046045370686,,,,0.6887608844192025,0.0005635291200884942,11.053356127825925,0.8
2,2014-06-19,medium_029,medium,True,False,,,,,5.0,5.0,5.5,5.0,0.5238095238095238,0.495574978205961,0.4426979950115105,0.618954605659679,,,,0.6769944554495727,0.00042019803335108154,10.797132261426732,0.75
2,2014-06-19,bad_000,bad,True,False,,,,,2.0,8.0,2.0,8.0,0.2,0.4758399594045353,0.4410020654805692,0.5571283785604562,,,,0.7596634518357992,0.0004681755494671582,12.266263916988951,0.75
2,2014-06-19,bad_001,bad,False,False,,failure,0.5100000000000001,-1.253036363649116,2.0,8.0,2.0,8.0,0.2,0.38877849889328137,0.44540045257364325,0.25666060697243703,,,,0.7799073727449898,0.0004538855719995549,12.574615153784558,0.8
2,2014-06-19,bad_002,bad,False,False,,success,0.9400000000000001,4.56073697134606,2.0,8.0,2.5,8.0,0.23809523809523808,0.4195299091037284,0.4151790857972891,0.4296818301520868,,,,0.21371408323816304,0.00012903892322325115,3.349830129758906,0.65
2,2014-06-19,bad_003,bad,False,True,False,,,,2.0,8.0,2.0,9.0,0.18181818181818182,0.41596897931973914,0.4729657582407355,0.2829764951707477,0.8367346938775511,0.729757993800984,0.00046849802710819115,0.7297581516561982,0.00046849802710819115,11.57763017405231,0.7
2,2014-06-19,bad_004,bad,False,False,,failure,0.5100000000000001,-3.9610461773624905,2.0,8.0,2.0,8.0,0.2,0.35684828874430335,0.4079940218170486,0.23750824490789788,,,,0.69938084808903,0.00037284763143125173,11.143648008395399,0.65
2,2014-06-19,bad_005,bad,False,False,,failure,0.5400000000000001,-2.908238519939218,2.0,8.0,2.0,8.0,0.2,0.41565160029449155,0.43824402214254327,0.3629359493157044,,,,0.8705511211161742,0.00046604381727120305,13.964265087696033,0.8
2,2014-06-19,bad_006,bad,True,False,,,,,2.0,8.0,2.0,8.0,0.2,0.48518433786026943,0.5272678619465245,0.38698944832567433,,,,2.169389827606853,0.000706372476174363,34.83167423330561,1.0
2,2014-06-19,bad_007,bad,False,False,,success,0.9400000000000001,6.581960318033495,2.0,8.0,2.5,8.0,0.23809523809523808,0.39764225850194157,0.49086117862856804,0.18013144487314658,,,,0.6082289789964913,0.0003910399535982507,9.593808690061172,0.7
2,2014-06-19,bad_008,bad,False,False,,failure,0.5100000000000001,-4.377267380104556,2.0,8.0,2.0,8.0,0.2,0.42303892275140503,0.5391210571935563,0.1521806090530522,,,,1.9245056158040714,0.000920528482409952,30.539036583560428,0.9
2,2014-06-19,bad_009,bad,False,False,,failure,0.39000000000000007,-4.787922150787807,2.0,8.0,2.0,8.0,0.2,0.35013029619796804,0.4798161400283073,0.04752999392717661,,,,0.50129402955377,0.00032928209477401597,7.889943205461273,0.7
2,2014-06-19,bad_010,bad,False,True,False,,,,2.0,8.0,2.0,9.0,0.18181818181818182,0.33215770195106914,0.45581409511373505,0.043626117904848806,0.7142857142857143,0.9371390307678746,0.000529876515453602,0.937139265740716,0.000529876515453602,15.14601505465769,0.75
2,2014-06-19,bad_011,bad,False,False,,success,0.9400000000000001,4.707155307533853,2.0,8.0,2.5,8.0,0.23809523809523808,0.39344578113490786,0.5027781782537926,0.13833685452417696,,,,1.0852870333905766,0.0005360827457281795,17.387963436980268,0.9
2,2014-06-19,bad_012,bad,False,False,,success,0.9700000000000001,0.7996631503589384,2.0,8.0,2.5,8.0,0.23809523809523808,0.43481928121453256,0.46871978074120535,0.3557181156522961,,,,1.2127038936841832,0.000596519069514029,19.309726185452735,0.9
2,2014-06-19,bad_013,bad,False,False,,failure,0.5100000000000001,-1.2481173646697385,2.0,8.0,2.0,8.0,0.2,0.2896526434844162,0.4017279441528536,0.028143608591395784,,,,0.6636437482488504,0.00032757121192476693,10.526796005530176,0.8
2,2014-06-19,bad_014,bad,False,False,,failure,0.5100000000000001,-1.0706931950389844,2.0,8.0,2.0,8.0,0.2,0.40559305403474455,0.42217899483953036,0.36689252549024437,,,,0.6563485464025061,0.000386516177740557,10.3420869986401,0.7
2,2014-06-19,bad_015,bad,False,False,,success,0.8500000000000002,0.07475404960442233,2.0,8.0,2.5,8.0,0.23809523809523808,0.385636496348232,0.4536841961585495,0.22685853012415788,,,,1.0073229413160691,0.0006561338024985144,15.998182872625366,0.85
2,2014-06-19,bad_016,bad,False,False,,failure,0.39000000000000007,-2.0395376635029265,2.0,8.0,2.0,8.0,0.2,0.33364135034917974,0.41510978404346344,0.1435483383958511,,,,0.436002371555933,0.00025844050291702424,6.807609770989374,0.7
2,2014-06-19,bad_017,bad,False,False,,success,0.8500000000000002,2.89079110879824,2.0,8.0,2.5,8.0,0.23809523809523808,0.43082804353624193,0.5057058562067516,0.25611314730505286,,,,1.476984398623533,0.0008076016260541998,23.588564533662275,0.9
2,2014-06-19,bad_018,bad,False,False,,failure,0.39000000000000007,-4.019956670277068,2.0,8.0,2.0,8.0,0.2,0.33505967730161695,0.4718624491932225,0.015853209554537423,,,,1.1008846088705628,0.0004359484666230441,17.420432928568307,0.85
2,2014-06-19,bad_019,bad,False,False,,success,0.8200000000000002,0.7270626261944386,2.0,8.0,2.5,8.0,0.23809523809523808,0.3936493538871878,0.4718777656848238,0.21111639302603713,,,,0.8985887170080677,0.000524291275318105,14.462757838379758,0.8
2,2014-06-19,bad_020,bad,False,False,,success,0.9700000000000001,1.4612533373924492,2.0,8.0,2.5,8.0,0.23809523809523808,0.43335227092495227,0.5458991729853655,0.17074283278398814,,,,1.7262491400647704,0.0008314531904614717,27.336114769295175,0.95
2,2014-06-19,bad_021,bad,True,True,True,,,,2.0,8.0,3.0,8.0,0.2727272727272727,0.48442346243273615,0.527515819753345,0.38387462868464867,0.2857142857142857,1.4481098199552906,0.0007566208693445501,1.448110210384577,0.0007566208693445501,22.96073294082204,0.9
2,2014-06-19,bad_022,bad,False,False,,failure,0.39000000000000007,-3.029542410735374,2.0,8.0,2.0,8.0,0.2,0.4313264565514733,0.49366207249962035,0.28587668600579685,,,,1.733677789819469,0.0006498630416736912,27.381996717553896,0.95
2,2014-06-19,bad_023,bad,False,False,,success,0.8500000000000002,3.1393225071524427,2.0,8.0,2.5,8.0,0.23809523809523808,0.3790436301407847,0.4648445976624705,0.1788413725901846,,,,0.9394371544452603,0.0005386034246388134,14.817042866704663,0.8
2,2014-06-19,bad_024,bad,False,False,,success,0.9700000000000001,3.162392534821848,2.0,8.0,2.5,8.0,0.23809523809523808,0.3641619751318953,0.4137794570509383,0.24838785065412844,,,,0.9893086421780325,0.0007794532123033229,15.74357562180317,0.8
2,2014-06-19,bad_025,bad,False,False,,success,0.8200000000000002,1.8296334725971093,2.0,8.0,2.5,8.0,0.23809523809523808,0.3555874898846912,0.46602349231869417,0.09790348420535089,,,,0.7859405362299013,0.0006130621511086703,12.608144278477246,0.85
2,2014-06-19,bad_026,bad,False,False,,failure,0.4200000000000001,-0.1983197048497658,2.0,8.0,2.0,8.0,0.2,0.3555010967974176,0.4156960307853314,0.2150462508256188,,,,1.191785781504339,0.000759845639701783,18.95180049865726,0.85
2,2014-06-19,bad_027,bad,False,False,,failure,0.39000000000000007,-3.916810196375451,2.0,8.0,2.0,8.0,0.2,0.2866824311623542,0.3992311874071496,0.02406866659116503,,,,0.6493979197132776,0.00022996037756060962,10.344740147548762,0.7
2,2014-06-19,bad_028,bad,False,False,,success,0.9400000000000001,2.7116025260949783,2.0,8.0,2.5,8.0,0.23809523809523808,0.4143245016766025,0.5043131152773632,0.20435106994149424,,,,1.528225098388444,0.0006333672879270715,24.405980978554847,0.9
2,2014-06-19,bad_029,bad,False,True,False,,,,2.0,8.0,2.0,9.0,0.18181818181818182,0.339560186782115,0.4380966596088305,0.10964175018644565,0.8979591836734694,0.5667515419038882,0.00044082161347575217,0.5667516443882487,0.00044082161347575217,9.001865698336573,0.65
2,2014-06-19,bad_030,bad,True,False,,,,,2.0,8.0,2.5,8.0,0.23809523809523808,0.48801221561099317,0.542230723569061,0.3615023637088349,,,,1.262510746040512,0.0008239120846268384,20.243802638697154,0.9
2,2014-06-19,bad_031,bad,False,False,,failure,0.5400000000000001,-0.27630031435343483,2.0,8.0,2.0,8.0,0.2,0.3857308262057586,0.5047810159475066,0.1079470501416801,,,,1.478016309820995,0.0008118840495351493,23.371016647347204,0.9
2,2014-06-19,bad_032,bad,False,False,,failure,0.4200000000000001,-6.8844195944936075,2.0,8.0,2.0,8.0,0.2,0.39169376796150324,0.511954768297309,0.11108476717795648,,,,0.9799949066976,0.0006763178555549908,15.350110751999283,0.85
2,2014-06-19,bad_033,bad,True,False,,,,,2.0,8.0,2.0,8.0,0.2,0.454641774357888,0.4682681800273495,0.4228468277958111,,,,1.1191554109419781,0.0006175070637641658,17.81360437748718,0.8
2,2014-06-19,bad_034,bad,False,False,,success,0.8200000000000002,1.376509528787878,2.0,8.0,2.5,8.0,0.23809523809523808,0.43036432586036577,0.4489746759742908,0.3869401755945408,,,,0.7462740800138263,0.00047907946763814813,11.85527116438663,0.85
2,2014-06-19,bad_035,bad,False,True,False,,,,2.0,8.0,2.0,9.0,0.18181818181818182,0.27779152586113887,0.38698250197730744,0.023012581590078966,0.7755102040816326,0.8826208271816278,0.0005386726872517077,0.8826210324081321,0.0005386726872517077,14.14158923321879,0.75
2,2014-06-19,bad_036,bad,False,False,,failure,0.36000000000000004,-5.4296293310339365,2.0,8.0,2.0,8.0,0.2,0.3187343668457047,0.3655402148265542,0.20952072155705606,,,,0.5575514995402345,0.0003949142531476621,8.946805196520465,0.7
2,2014-06-19,bad_037,bad,False,False,,failure,0.5100000000000001,-4.095139301716031,2.0,8.0,2.0,8.0,0.2,0.3968568381886558,0.5010916218781296,0.15364234291321707,,,,1.7985333383890305,0.0008163230349918352,28.865026257926367,0.95
2,2014-06-19,bad_038,bad,False,False,,success,0.9400000000000001,1.098153332472748,2.0,8.0,2.5,8.0,0.23809523809523808,0.3845411799436922,0.4618344168369389,0.20419029385944987,,,,1.1107843086131748,0.0005423380879947474,17.56281081282691,0.9
2,2014-06-19,bad_039,bad,False,True,False,,,,2.0,8.0,2.0,9.0,0.18181818181818182,0.3718257380352944,0.4496247192945092,0.19029478176379327,1.0,0.2825821830116332,0.0001877772755622403,0.28258224190381226,0.0001877772755622403,4.3832448780855,0.6
2,2014-06-19,bad_040,bad,False,False,,failure,0.5100000000000001,-1.9211809477043857,2.0,8.0,2.0,8.0,0.2,0.35734979614876056,0.47072158351622134,0.09281562562468529,,,,0.8560781812878591,0.000435009655825347,13.33615424855567,0.85
2,2014-06-19,bad_041,bad,False,False,,success,0.8200000000000002,1.8741513242024865,2.0,8.0,2.5,8.0,0.23809523809523808,0.35683656088445603,0.45601707022830396,0.12541537241547757,,,,0.8453837823919798,0.00037066142868616946,13.3878265646841,0.7
2,2014-06-19,bad_042,bad,False,False,,failure,0.5100000000000001,-4.80024489690453,2.0,8.0,2.0,8.0,0.2,0.3411233947959369,0.4118488857159537,0.1760972493158979,,,,0.8245627465610426,0.0005109968373891869,13.24756511914749,0.85
2,2014-06-19,bad_043,bad,False,False,,failure,0.39000000000000007,-2.7153004510767857,2.0,8.0,2.0,8.0,0.2,0.3133247896328945,0.3455228070028263,0.23819608243638715,,,,0.6409093621966325,0.00034255441576009574,10.32267101800433,0.7
2,2014-06-19,bad_044,bad,False,False,,failure,0.5100000000000001,-2.839849316506232,2.0,8.0,2.0,8.0,0.2,0.3383200938364968,0.44154860825802633,0.09745356018626145,,,,0.756646453767486,0.0004491505568822822,12.029541333608746,0.85
2,2014-06-19,bad_045,bad,False,False,,failure,0.39000000000000007,-0.9056706025440775,2.0,8.0,2.0,8.0,0.2,0.3543097142181152,0.43546885897109144,0.16493837646117065,,,,0.8836716322254783,0.0005929789938748965,14.185871542888231,0.8
2,2014-06-19,bad_046,bad,True,False,,,,,2.0,8.0,2.0,8.0,0.2,0.5597481672666893,0.6193600917300028,0.4206536768522914,,,,3.245765219962357,0.0010592789385801794,51.70539736209731,1.0
2,2014-06-19,bad_047,bad,False,False,,success,0.9400000000000001,2.391405850862057,2.0,8.0,2.5,8.0,0.23809523809523808,0.3900797850941539,0.43363100800590737,0.2884602649667294,,,,1.1244797808636864,0.000601401728681847,17.85075876955268,0.85
2,2014-06-19,bad_048,bad,False,False,,failure,0.4200000000000001,-0.696797629506861,2.0,8.0,2.0,8.0,0.2,0.34037116832948433,0.4189811362625898,0.1569479098189049,,,,0.6164167792940963,0.0003218252231533659,9.732929544793398,0.85
2,2014-06-19,bad_049,bad,False,False,,failure,0.5100000000000001,-3.1546495278059155,2.0,8.0,2.0,8.0,0.2,0.38910248441714557,0.4651629169112468,0.2116281419309094,,,,0.9183041217120866,0.0004598137639914847,14.781840315115272,0.8
3,2014-07-18,good_000,good,True,True,True,,,,9.0,2.0,10.0,2.0,0.8333333333333334,0.5759372676021478,0.5535435433691545,0.6281892908124658,0.12244897959183673,2.0472517251062015,0.0008291957868513212,2.0472524289540814,0.0008291957868513212,32.71776265356957,1.0
3,2014-07-18,good_001,good,True,True,False,,,,9.0,2.0,9.0,3.0,0.75,0.5195590146757091,0.35486423779653775,0.9038468273937758,0.9591836734693877,0.49166049369586595,0.0003135458173369157,0.49166059866287665,0.0003135458173369157,7.626722538693728,0.7
3,2014-07-18,good_002,good,True,True,True,,,,8.0,3.0,9.0,3.0,0.75,0.6267067741082211,0.5565027330069948,0.7905162033444156,0.5102040816326531,1.099450877449632,0.0006506917378018417,1.0994511386619275,0.0006506917378018417,17.525348094196428,0.85
3,2014-07-18,good_003,good,True,True,True,,,,9.0,2.0,10.0,2.0,0.8333333333333334,0.6045479005258263,0.5207199809678282,0.8001463794944884,0.5714285714285714,1.018756901985446,0.0006094906204521615,1.0187571418697694,0.0006094906204521615,16.144596772960266,0.75
3,2014-07-18,good_004,good,True,True,True,,,,9.0,2.0,10.0,2.0,0.8333333333333334,0.5735682872819969,0.47857985820418125,0.7952079551302336,0.3877551020408163,1.2300564993702676,0.000641005611620514,1.230056826419687,0.000641005611620514,19.281461935220232,0.85
3,2014-07-18,good_005,good,True,True,True,,,,9.0,2.0,10.0,2.0,0.8333333333333334,0.6588904165434746,0.5345045057068788,0.9491242084955314,0.5306122448979592,1.0913366176965835,0.0007194765639072243,1.0913368502022749,0.0007194765639072243,17.423605730292024,0.9
3,2014-07-18,good_006,good,True,True,False,,,,9.0,2.0,9.0,3.0,0.75,0.5364744419452991,0.46818836505447536,0.6958086213572215,0.6938775510204082,0.897417398834286,0.0004919327068287167,0.8974176251342634,0.0004919327068287167,14.270914542730694,0.85
3,2014-07-18,good_007,good,True,True,True,,,,9.0,2.0,10.0,2.0,0.8333333333333334,0.6233665125590879,0.5731529146647412,0.7405315743125639,0.3673469387755102,1.3065204405161124,0.0007753375671282624,1.306520749579307,0.0007753375671282624,20.951874228684627,0.85
3,2014-07-18,good_008,good,True,True,True,,,,9.0,2.0,10.0,2.0,0.8333333333333334,0.6823318636739376,0.5715150625776833,0.9409043995651978,0.04081632653061224,2.419251742405843,0.0010010868670429986,2.419252556769898,0.0010010868670429986,37.891817853501166,0.95
3,2014-07-18,good_009,good,True,True,True,,,,8.0,3.0,9.0,3.0,0.75,0.5897392300221407,0.5359172574466895,0.7153238326981934,0.4489795918367347,1.1548397981081346,0.00058006150841137,1.1548401217824482,0.00058006150841137,18.184397699250546,0.85
3,2014-07-18,good_010,good,True,True,True,,,,9.0,2.0,10.0,2.0,0.8333333333333334,0.6629320908407548,0.591911234416903,0.828647422496409,0.24489795918367346,1.6868421149923205,0.0008498724919212368,1.686842585554391,0.0008498724919212368,26.84374187527796,0.95
3,2014-07-18,good_011,good,True,True,False,,,,9.0,2.0,9.0,3.0,0.75,0.5067834045948293,0.45483046831524176,0.6280069225805336,0.7755102040816326,0.739312446990175,0.00045589567498929,0.7393126155748815,0.00045589567498929,11.817528176205327,0.7
3,2014-07-18,good_012,good,True,True,True,,,,9.0,2.0,10.0,2.0,0.8333333333333334,0.6342603595010539,0.5743101348980355,0.7741442169080968,0.08163265306122448,2.119342312525639,0.0009028949221423926,2.119343007678341,0.0009028949221423926,34.04885358139077,1.0
3,2014-07-18,good_013,good,True,True,False,,,,9.0,2.0,9.0,3.0,0.75,0.6169914963626639,0.4832641616670519,0.9290219439857589,0.8163265306122449,0.7124066687060332,0.0004533561861047715,0.7124068246964986,0.0004533561861047715,11.330836040877092,0.75
3,2014-07-18,good_014,good,True,True,True,,,,8.0,3.0,9.0,3.0,0.75,0.5688714025024557,0.5223055113000283,0.6775251486414531,0.22448979591836735,1.6894170098546595,0.000795222147413271,1.6894175080851805,0.000795222147413271,27.443547410538645,0.95
3,2014-07-18,good_015,good,True,True,True,,,,8.0,3.0,9.0,3.0,0.75,0.6154696818384735,0.49987755252234034,0.8851846502427844,0.6326530612244898,0.9625949751817178,0.000604311127430523,0.962595188564888,0.000604311127430523,15.355968144095295,0.8
3,2014-07-18,good_016,good,True,True,True,,,,9.0,2.0,10.0,2.0,0.8333333333333334,0.637664116713755,0.5939585759431807,0.739643711845095,0.14285714285714285,1.9340996780080748,0.0008337696396061052,1.934100308790769,0.0008337696396061052,30.379178484528623,1.0
3,2014-07-18,good_017,good,True,True,True,,,,8.0,3.0,9.0,3.0,0.75,0.666374955075544,0.6140401545468539,0.7884894896424879,0.0,3.2406895705381045,0.0009499174727557489,3.2406911220739683,0.0009499174727557489,50.438184148043604,1.0
3,2014-07-18,good_018,good,True,True,True,,,,9.0,2.0,10.0,2.0,0.8333333333333334,0.6325101637186306,0.5781657558812432,0.759313782005868,0.32653061224489793,1.4614541205980907,0.0007256292316721787,1.4614545330639543,0.0007256292316721787,23.132392453652987,0.9
3,2014-07-18,good_019,good,True,True,True,,,,9.0,2.0,10.0,2.0,0.8333333333333334,0.5809949227742437,0.5633387165778228,0.6221927372325595,0.20408163265306123,1.690667754537183,0.0007971305209974496,1.6906682547044414,0.0007971305209974496,27.253994148419483,1.0
3,2014-07-18,medium_000,medium,True,True,False,,,,6.0,5.0,6.0,6.0,0.5,0.49927069389456524,0.5007609099966879,0.4957935229896125,0.42857142857142855,1.2055422372594733,0.0005451764423879843,1.2055426096003408,0.0005451764423879843,18.821922325086827,0.8
3,2014-07-18,medium_001,medium,False,True,False,,,,6.0,5.0,6.0,6.0,0.5,0.4184834155682096,0.4394370504624121,0.36959160081507053,0.6530612244897959,0.9542456848303574,0.0005054288733302395,0.9542459339778689,0.0005054288733302395,15.049322132272042,0.8
3,2014-07-18,medium_002,medium,True,True,False,,,,5.0,6.0,5.0,7.0,0.4166666666666667,0.5721184709882184,0.5279860610195165,0.6750940942485231,0.40816326530612246,1.2057668754752178,0.0006662029650354613,1.205767180252308,0.0006662029650354613,19.12266391251318,0.9
3,2014-07-18,medium_003,medium,True,True,True,,,,6.0,5.0,7.0,5.0,0.5833333333333334,0.6033406174574608,0.5330974460013493,0.7672413508550543,0.2653061224489796,1.6781941856639138,0.0007250804402212515,1.6781947246452804,0.0007250804402212515,26.517067419834188,0.95
3,2014-07-18,medium_004,medium,False,False,,success,0.9400000000000001,0.17217687656120972,5.0,6.0,5.5,6.0,0.4782608695652174,0.4207941465975322,0.4622307989691503,0.32410862439709015,,,,0.7090251945971605,0.0004582078274825675,11.308735063827177,0.8
3,2014-07-18,medium_005,medium,True,True,True,,,,5.0,5.0,6.0,5.0,0.5454545454545454,0.6089292802861792,0.5865306201389109,0.6611928206298051,0.10204081632653061,2.0760258628390975,0.0009024567918196112,2.076026533161696,0.0009024567918196112,33.6998983710714,0.95
3,2014-07-18,medium_006,medium,True,True,False,,,,6.0,5.0,6.0,6.0,0.5,0.5438141103889772,0.5041387864143418,0.6363898663297931,0.8775510204081632,0.6700558668322345,0.0005548816773049117,0.6700559789688326,0.0005548816773049117,10.500975854034394,0.8
3,2014-07-18,medium_007,medium,False,True,False,,,,5.0,6.0,5.0,7.0,0.4166666666666667,0.4382485307191008,0.4743469005636277,0.35401900108187156,0.673469387755102,0.9391941588868274,0.0005120266430606774,0.9391944005362101,0.0005120266430606774,14.808350166533964,0.8
3,2014-07-18,medium_008,medium,True,True,False,,,,6.0,5.0,6.0,6.0,0.5,0.48049845759878174,0.5042820511216858,0.42500340604533915,0.9183673469387755,0.5767260156669842,0.0004883301961677635,0.5767261120957218,0.0004883301961677635,9.292661004169842,0.65
3,2014-07-18,medium_009,medium,True,True,True,,,,6.0,5.0,7.0,5.0,0.5833333333333334,0.5247253396847302,0.5295639083393906,0.5134353461571893,0.3469387755102041,1.3741074408969582,0.0005097407701028074,1.3741079605016029,0.0005097407701028074,21.707122978904508,0.85
3,2014-07-18,medium_010,medium,True,True,False,,,,6.0,5.0,6.0,6.0,0.5,0.5013771338324271,0.4309560050981425,0.6656931008790911,0.8979591836734694,0.6255602191229533,0.00037040196617413497,0.625560367870644,0.00037040196617413497,9.942305066203136,0.7
3,2014-07-18,medium_011,medium,True,True,False,,,,6.0,5.0,6.0,6.0,0.5,0.5313074221883133,0.47509038143067706,0.6624805172894647,0.46938775510204084,1.144073936644639,0.0006350827653279353,1.1440742214476003,0.0006350827653279353,17.991647479636157,0.85
3,2014-07-18,medium_012,medium,True,True,True,,,,5.5,5.0,6.5,5.0,0.5652173913043478,0.5567950229472868,0.5858144781803862,0.48908296073672153,0.061224489795918366,2.329227752128187,0.0009136831789441937,2.3292285859868573,0.0009136831789441937,36.12214172851448,1.0
3,2014-07-18,medium_013,medium,False,True,False,,,,5.0,6.0,5.0,7.0,0.4166666666666667,0.36566819679507545,0.39840164071314266,0.28929016098625204,0.8571428571428571,0.6792537150351587,0.00038669250833822867,0.6792538829173729,0.00038669250833822867,10.862837069515994,0.75
3,2014-07-18,medium_014,medium,True,True,True,,,,6.0,5.0,7.0,5.0,0.5833333333333334,0.6377046195680313,0.5784626986658964,0.7759357683396793,0.02040816326530612,2.508694688175836,0.000804796390988844,2.5086957749338348,0.000804796390988844,39.88435040819544,1.0
3,2014-07-18,medium_015,medium,True,True,False,,,,6.0,5.0,6.0,6.0,0.5,0.44143251240528264,0.46235688151624327,0.39260898447970793,0.7959183673469388,0.7283561909889081,0.00032484668712242217,0.7283564166476294,0.00032484668712242217,11.424417198962033,0.7
3,2014-07-18,medium_016,medium,True,False,,,,,5.0,6.0,5.5,6.0,0.4782608695652174,0.4484578272680078,0.475634124116449,0.38504646795497854,,,,0.7331624416857335,0.00043234295267815224,11.779954028390403,0.75
3,2014-07-18,medium_017,medium,False,False,,failure,0.39000000000000007,-9.804117191216577,5.0,6.0,5.0,6.0,0.45454545454545453,0.31371123536412326,0.3171564071878627,0.3056725011087313,,,,0.32342716546773115,0.0001754495128204932,4.937679884627391,0.65
3,2014-07-18,medium_018,medium,True,True,False,,,,6.0,5.0,6.0,6.0,0.5,0.5098236791306405,0.44787658798279506,0.6543668918089465,0.7346938775510204,0.8263460652968783,0.000473461259732188,0.8263462680663721,0.000473461259732188,13.160362522760936,0.85
3,2014-07-18,medium_019,medium,False,True,False,,,,6.0,5.0,6.0,6.0,0.5,0.43787356227166363,0.47065275689550695,0.3613887748160292,0.5510204081632653,1.072383129767158,0.0005374306888935525,1.0723834274125046,0.0005374306888935525,16.98549476144793,0.9
3,2014-07-18,medium_020,medium,True,True,True,,,,6.0,5.0,7.0,5.0,0.5833333333333334,0.5140814142035399,0.45965630433172144,0.6410733372377833,0.5918367346938775,0.9966459427351562,0.0005625725738683679,0.9966461894445925,0.0005625725738683679,15.65409541039398,0.9
3,2014-07-18,medium_021,medium,True,True,True,,,,6.0,5.0,7.0,5.0,0.5833333333333334,0.4979142301760331,0.5345381913101176,0.4124583208631693,0.16326530612244897,1.840958338939906,0.0006687409950120848,1.840959045493723,0.0006687409950120848,29.102063437379126,1.0
3,2014-07-18,medium_022,medium,False,True,False,,,,6.0,5.0,6.0,6.0,0.5,0.3925844753230608,0.4449358078119209,0.2704313661823872,0.8367346938775511,0.69759555951364,0.00029528177283410834,0.697595789627276,0.00029528177283410834,11.108844484286205,0.7
3,2014-07-18,medium_023,medium,True,False,,,,,5.0,6.0,5.5,6.0,0.4782608695652174,0.5225675893580525,0.5083487920765049,0.5557447830149971,,,,1.2682435064029018,0.0007195848164370342,20.581155713382334,0.95
3,2014-07-18,medium_024,medium,True,False,,,,,5.0,6.0,5.0,6.0,0.45454545454545453,0.48890436040160834,0.4966840177244355,0.47075182664834514,,,,0.6982401507722704,0.0004441797310168616,11.125945211379138,0.75
3,2014-07-18,medium_025,medium,False,True,False,,,,6.0,5.0,6.0,6.0,0.5,0.41034035498202015,0.3447267423637193,0.5634387844247222,0.9795918367346939,0.47228269605702194,0.00032594787482849517,0.47228278996942663,0.00032594787482849517,7.292746081998843,0.7
3,2014-07-18,medium_026,medium,True,True,True,,,,5.5,5.0,6.5,5.0,0.5652173913043478,0.6052358162462101,0.4807507186256394,0.8957010440275418,0.4897959183673469,1.1272011844041818,0.0005359410570829414,1.1272015153775132,0.0005359410570829414,17.822858865971895,0.9
3,2014-07-18,medium_027,medium,True,False,,,,,5.0,5.0,5.5,5.0,0.5238095238095238,0.46123209033613777,0.4836526873451992,0.40891736398166123,,,,0.5849700304650978,0.0004506410547379148,9.455411735488969,0.7
3,2014-07-18,medium_028,medium,True,True,True,,,,5.0,5.0,6.0,5.0,0.5454545454545454,0.520873381285846,0.5666349620677051,0.4140963594615084,0.2857142857142857,1.6539117428046428,0.0008225510278142276,1.6539122084415836,0.0008225510278142276,26.554020837517307,0.95
3,2014-07-18,medium_029,medium,True,True,True,,,,5.5,5.0,6.5,5.0,0.5652173913043478,0.5815283574086203,0.5469210647581269,0.6622787069264385,0.30612244897959184,1.5596329260219197,0.0007134366346775004,1.5596334060464292,0.0007134366346775004,24.906201157774007,0.95
3,2014-07-18,bad_000,bad,False,True,False,,,,2.0,8.0,2.0,9.0,0.18181818181818182,0.36736724672313925,0.4202390275445086,0.24399975813994423,0.7551020408163265,0.799137823928203,0.0005029323870096929,0.7991379984035145,0.0005029323870096929,12.457199711864492,0.8
3,2014-07-18,bad_001,bad,False,False,,failure,0.5100000000000001,-4.819531401145412,2.0,8.0,2.0,8.0,0.2,0.32007952997264005,0.3916614425695903,0.153055067246423,,,,0.7099012994180183,0.0004001124261598014,11.083174240091713,0.8
3,2014-07-18,bad_002,bad,False,False,,success,0.9400000000000001,0.301855030077391,2.5,8.0,3.0,8.0,0.2727272727272727,0.39816338541046875,0.4855379257138938,0.19428945803581027,,,,1.3025209180151585,0.0007337778011545158,20.71186722010677,0.85
3,2014-07-18,bad_003,bad,False,False,,success,0.8200000000000002,4.64593626164006,2.0,9.0,2.5,9.0,0.21739130434782608,0.41336013442478586,0.44157543704624547,0.34752442830804675,,,,1.2284477272996126,0.0006632256946857435,19.52460706470396,0.85
3,2014-07-18,bad_004,bad,False,False,,failure,0.39000000000000007,-1.3269806286818238,2.0,8.0,2.0,8.0,0.2,0.4151395432396431,0.506440672649063,0.20210357461766337,,,,0.9987740355593238,0.0006350652242877945,15.802848343893723,0.9
3,2014-07-18,bad_005,bad,True,False,,,,,2.0,8.0,2.5,8.0,0.23809523809523808,0.4400040784745906,0.5309190053845181,0.22786924901809325,,,,0.8186945496056225,0.0005761422762233729,13.153079594456925,0.8
3,2014-07-18,bad_006,bad,False,True,False,,,,2.0,8.0,2.0,9.0,0.18181818181818182,0.3441500016841647,0.38506320147085715,0.248685868848549,0.6122448979591837,0.9724478859986158,0.0005947313421923152,0.9724481090112631,0.0005947313421923152,15.375882519146824,0.75
3,2014-07-18,bad_007,bad,False,False,,success,0.9400000000000001,0.9743664535079404,2.5,8.0,3.0,8.0,0.2727272727272727,0.407787785920926,0.4644746253837222,0.27551849384106836,,,,0.8770606367422544,0.0005768107266810115,14.025560313324824,0.85
3,2014-07-18,bad_008,bad,False,False,,failure,0.39000000000000007,-2.252658245739127,2.0,8.0,2.0,8.0,0.2,0.4176065241750807,0.4791636791176558,0.2739731626424055,,,,0.6088159056833181,0.0003212281186845361,9.828981085812526,0.75
3,2014-07-18,bad_009,bad,False,False,,failure,0.5100000000000001,-1.503747924551476,2.0,8.0,2.0,8.0,0.2,0.35134284325070364,0.40133642450055307,0.2346911536677218,,,,0.8365532520355168,0.0005194045030252744,13.235687047483744,0.85
3,2014-07-18,bad_010,bad,False,False,,success,0.9700000000000001,2.1060921512314934,2.0,9.0,2.5,9.0,0.21739130434782608,0.40231429377879074,0.4580115059144435,0.2723541321289343,,,,1.1259254866922188,0.0006999758028674493,17.78723200983975,0.9
3,2014-07-18,bad_011,bad,False,False,,failure,0.39000000000000007,-2.979525273554742,2.5,8.0,2.5,8.0,0.23809523809523808,0.35154373068477196,0.4334912486064657,0.16033285553415313,,,,0.5271086352126397,0.00036145778626436647,8.338340435172949,0.65
3,2014-07-18,bad_012,bad,False,False,,failure,0.39000000000000007,-0.4253155925236598,2.5,8.0,2.5,8.0,0.23809523809523808,0.3424788040575982,0.4178849450835428,0.16653114166372762,,,,0.8875862283722934,0.0003918276084300124,13.924792718214958,0.85
3,2014-07-18,bad_013,bad,False,False,,failure,0.5100000000000001,-0.21985733084642334,2.0,8.0,2.0,8.0,0.2,0.35461399715214464,0.43463530318267285,0.1678976164142456,,,,0.8882365195425538,0.0004962267521443055,13.974799609293294,0.75
3,2014-07-18,bad_014,bad,False,False,,failure,0.36000000000000004,-4.874729892518303,2.0,8.0,2.0,8.0,0.2,0.27601919242771245,0.31707534584539054,0.18022150111979696,,,,0.07625163467885966,3.683357273598103e-05,1.1349223404744688,0.6
3,2014-07-18,bad_015,bad,False,False,,success,0.8200000000000002,2.587967526060055,2.5,8.0,3.0,8.0,0.2727272727272727,0.37874909242028876,0.4669448230390295,0.17295905430989378,,,,0.6286316825194384,0.0003560323453084967,10.029708934055094,0.75
3,2014-07-18,bad_016,bad,True,False,,,,,2.0,8.0,2.5,8.0,0.23809523809523808,0.45551861238612823,0.4651278241994494,0.4330971181550456,,,,0.9098320119067146,0.0005409956438930843,14.479843869713514,0.8
3,2014-07-18,bad_017,bad,True,False,,,,,2.5,8.0,3.0,8.0,0.2727272727272727,0.4577867055833639,0.44946336950965915,0.47720782308867493,,,,0.5234149545280282,0.000349478756197912,8.347222244294073,0.75
3,2014-07-18,bad_018,bad,False,False,,success,0.9700000000000001,2.3968759467069134,2.0,8.0,2.5,8.0,0.23809523809523808,0.3511799702283445,0.47022080300984426,0.0734180270715118,,,,1.2937856380144879,0.0008111491624760702,20.790127461971334,0.85
3,2014-07-18,bad_019,bad,False,False,,success,0.9700000000000001,2.410478867104203,2.5,8.0,3.0,8.0,0.2727272727272727,0.4201617230912944,0.4539542443620006,0.34131250679298014,,,,0.9169051808362713,0.0005187903693748931,14.522518986569562,0.9
3,2014-07-18,bad_020,bad,False,False,,success,0.8500000000000002,2.987560313225245,2.5,8.0,3.0,8.0,0.2727272727272727,0.36323184026630184,0.4343669386911313,0.1972499439416998,,,,1.186873306981111,0.0006721816219927435,18.80698004528928,0.85
3,2014-07-18,bad_021,bad,False,True,False,,,,3.0,8.0,3.0,9.0,0.25,0.40391781936751797,0.5178902950549389,0.13798204276353593,0.7142857142857143,0.8417899640151927,0.0004538700453988037,0.8417901822549131,0.0004538700453988037,13.376583462784208,0.8
3,2014-07-18,bad_022,bad,False,False,,failure,0.39000000000000007,-1.8051086149226592,2.0,8.0,2.0,8.0,0.2,0.288833868395232,0.362026615593347,0.11805079159963039,,,,0.4023004746364894,0.00016862266947978462,6.106025821145414,0.75
3,2014-07-18,bad_023,bad,False,False,,failure,0.39000000000000007,-6.571757116549321,2.5,8.0,2.5,8.0,0.23809523809523808,0.38097950936502406,0.5084697819895503,0.08350220657446303,,,,1.2851719195739741,0.0005501632207102838,20.29437889447473,0.85
3,2014-07-18,bad_024,bad,True,False,,,,,2.5,8.0,3.0,8.0,0.2727272727272727,0.44198296223252986,0.4566865339234313,0.4076746282870934,,,,0.8243901750358469,0.0004404431743287781,13.25473617465039,0.75
3,2014-07-18,bad_025,bad,False,False,,success,0.8200000000000002,0.974991140034021,2.5,8.0,3.0,8.0,0.2727272727272727,0.28832482602209464,0.3078916412287459,0.24266892387324165,,,,0.23256390897986354,0.00012695141752332484,3.8131139689867255,0.55
3,2014-07-18,bad_026,bad,False,False,,success,0.8500000000000002,1.8800898405284556,2.0,8.0,2.5,8.0,0.23809523809523808,0.4257118821604958,0.5024076778851649,0.24675502546960115,,,,1.2428325830416818,0.0005874161332511432,19.53853676251212,0.85
3,2014-07-18,bad_027,bad,False,False,,failure,0.39000000000000007,-0.8382900988952713,2.0,8.0,2.0,8.0,0.2,0.4000874581424452,0.4392653166177893,0.308672455033309,,,,0.874885858335325,0.0006367329626644209,13.785399635705092,0.75
3,2014-07-18,bad_028,bad,False,False,,failure,0.4200000000000001,-4.183850556995139,2.5,8.0,2.5,8.0,0.23809523809523808,0.4029112693286161,0.5238462120408007,0.12072973633351881,,,,0.8581486995136238,0.0005399161334936687,13.724810536660398,0.85
3,2014-07-18,bad_029,bad,False,False,,success,0.8200000000000002,0.8397491686135652,2.0,9.0,2.5,9.0,0.21739130434782608,0.36527628802249734,0.4734371760787276,0.11290088255796006,,,,1.2530806640014276,0.000637093188508706,19.425303009311225,0.9
3,2014-07-18,bad_030,bad,False,True,False,,,,2.5,8.0,2.5,9.0,0.21739130434782608,0.32656907989750766,0.45335516042196616,0.030734892007104463,0.9387755102040817,0.522783175563637,0.00025086673852076145,0.5227833301315443,0.00025086673852076145,8.454381494265567,0.7
3,2014-07-18,bad_031,bad,False,False,,failure,0.39000000000000007,-4.009596055502001,2.0,8.0,2.0,8.0,0.2,0.2389853973198736,0.3328719737871737,0.019916718896173306,,,,0.2902836466355018,0.00016553249664521793,4.506207645750692,0.5
3,2014-07-18,bad_032,bad,False,False,,failure,0.39000000000000007,-0.7742325243041677,2.0,8.0,2.0,8.0,0.2,0.4100815513912842,0.4670365650157708,0.2771865196008156,,,,0.7405030800805997,0.00041938848598934363,11.733290738139598,0.75
3,2014-07-18,bad_033,bad,False,True,False,,,,2.0,8.0,2.0,9.0,0.18181818181818182,0.35155338530183305,0.44268988302487317,0.13890155728140618,1.0,0.41710884704169027,0.00017639731072836045,0.41710898562657894,0.00017639731072836045,6.539175471693935,0.7
3,2014-07-18,bad_034,bad,True,False,,,,,2.5,8.0,2.5,8.0,0.23809523809523808,0.452013330181671,0.4249971783652604,0.5150510177532959,,,,0.22875010642019794,0.00013637011072960417,3.8059757973618917,0.7
3,2014-07-18,bad_035,bad,False,False,,success,0.9400000000000001,1.1879868505495494,2.0,9.0,2.5,9.0,0.21739130434782608,0.3586878704919098,0.4628727626179888,0.11558978886439222,,,,0.8057497501364208,0.00034188288546743007,12.834809784173569,0.9
3,2014-07-18,bad_036,bad,False,False,,success,0.8200000000000002,1.6862086185748097,2.0,8.0,2.5,8.0,0.23809523809523808,0.39722627329786153,0.5331862641920154,0.0799862945448358,,,,1.5127506945145812,0.0007966935413533584,23.8891699828264,0.95
3,2014-07-18,bad_037,bad,False,False,,failure,0.4200000000000001,-2.655169598865257,2.0,8.0,2.0,8.0,0.2,0.4030143832325322,0.5283584614989113,0.11054486727764765,,,,1.2177360282739456,0.0005852734607677757,19.26662112707115,0.9
3,2014-07-18,bad_038,bad,True,False,,,,,2.5,8.0,3.0,8.0,0.2727272727272727,0.44728246764528823,0.44468633077262765,0.453340120348163,,,,0.8656480214085278,0.0005591493701585132,13.823260557605245,0.75
3,2014-07-18,bad_039,bad,False,False,,success,0.8200000000000002,2.6125278060051755,2.0,9.0,2.5,9.0,0.21739130434782608,0.395173682860535,0.5085275410858863,0.13068134700138218,,,,0.9122716649432532,0.000612442542982449,14.367796952746575,0.8
3,2014-07-18,bad_040,bad,False,False,,success,0.9400000000000001,1.7362452029803705,2.0,8.0,2.5,8.0,0.23809523809523808,0.3777613535390853,0.5303670025794871,0.021681505778147685,,,,1.518783696856185,0.0008160865641536537,24.023824796407155,0.9
3,2014-07-18,bad_041,bad,False,False,,success,0.9400000000000001,3.491115633589658,2.5,8.0,3.0,8.0,0.2727272727272727,0.37312995909293517,0.405840688730322,0.29680492327236613,,,,1.0958068421780258,0.0006197803121449463,17.354359070523934,0.8
3,2014-07-18,bad_042,bad,False,False,,success,0.9400000000000001,3.034030838996955,2.0,8.0,2.5,8.0,0.23809523809523808,0.3674414777754426,0.4477018764346402,0.18016721423731497,,,,0.4995156042982713,0.00025231086468814384,7.87688648735576,0.7
3,2014-07-18,bad_043,bad,False,False,,failure,0.48000000000000004,-2.577406674894249,2.0,8.0,2.0,8.0,0.2,0.3385430991800944,0.2917307007855821,0.4477720287672898,,,,0.4014391362397626,0.0002457174586426703,6.354895794513016,0.6
3,2014-07-18,bad_044,bad,False,False,,success,0.8200000000000002,1.8944786731899512,2.0,8.0,2.5,8.0,0.23809523809523808,0.3367784419266833,0.36558983898906067,0.2695518487811362,,,,0.7288066413779941,0.00040478712917627215,11.553388567368593,0.8
3,2014-07-18,bad_045,bad,True,False,,,,,2.0,8.0,2.0,8.0,0.2,0.4487521830992357,0.5306448396382808,0.25766931784146385,,,,2.148486187534882,0.0009921656654633252,33.912914698321515,0.9
3,2014-07-18,bad_046,bad,True,True,True,,,,2.0,8.0,3.0,8.0,0.2727272727272727,0.4575466167435875,0.5906303808676573,0.14701783378742475,0.1836734693877551,1.7924409217276207,0.0007827030739460603,1.7924414992822724,0.0007827030739460603,28.325156106069915,0.9
3,2014-07-18,bad_047,bad,False,False,,failure,0.39000000000000007,-3.303393080048153,2.5,8.0,2.5,8.0,0.23809523809523808,0.37809738144652943,0.5098372570412928,0.07070433839208169,,,,0.9277081294402763,0.0005646033367325087,14.587202475420282,0.8
3,2014-07-18,bad_048,bad,False,False,,failure,0.5100000000000001,-1.299109978065772,2.0,8.0,2.0,8.0,0.2,0.37139623347718664,0.4516270940453483,0.18419089215147627,,,,0.9198167835996318,0.0005666300772759955,14.59230253969806,0.8
3,2014-07-18,bad_049,bad,False,False,,failure,0.5100000000000001,-4.544798423440099,2.0,8.0,2.0,8.0,0.2,0.29617345735755135,0.4116192762808764,0.02679987986979296,,,,0.2467248645146107,0.00013664991003975219,3.9679878284026615,0.6
4,2014-08-18,good_000,good,True,True,True,,,,10.0,2.0,11.0,2.0,0.8461538461538461,0.641997107578187,0.5508425074336564,0.8546911745820919,0.2857142857142857,1.5540586728849588,0.0008628309603492168,1.5540590674199208,0.0008628309603492168,24.629997606015475,0.9
4,2014-08-18,good_001,good,True,True,True,,,,9.0,3.0,10.0,3.0,0.7692307692307693,0.6047598409854475,0.5144542198502572,0.8154729569675585,0.42857142857142855,1.3285771355216522,0.0006905293133783776,1.3285774943824795,0.0006905293133783776,21.02861370922442,0.8
4,2014-08-18,good_002,good,True,True,True,,,,9.0,3.0,10.0,3.0,0.7692307692307693,0.5932886605103287,0.50815235466718,0.791940040811009,0.6530612244897959,1.0113733292898557,0.0006304851466823353,1.011373555335825,0.0006304851466823353,16.013862276764087,0.8
4,2014-08-18,good_003,good,True,True,True,,,,10.0,2.0,11.0,2.0,0.8461538461538461,0.5100255973475016,0.42760003033862076,0.7023519203682238,0.6938775510204082,0.9264877748460904,0.000572360415223695,0.9264879858130298,0.000572360415223695,14.833892089342424,0.75
4,2014-08-18,good_004,good,True,True,True,,,,10.0,2.0,11.0,2.0,0.8461538461538461,0.6185877987937498,0.5268005066611003,0.8327581471032652,0.6122448979591837,1.0371316013950556,0.0006800758416354129,1.0371318244141827,0.0006800758416354129,16.536016467466517,0.75
4,2014-08-18,good_005,good,True,True,True,,,,10.0,2.0,11.0,2.0,0.8461538461538461,0.5690078447467827,0.5427158370465079,0.6303558627140904,0.40816326530612246,1.333572319860886,0.0007821029034582631,1.3335726412112334,0.0007821029034582631,21.16133899329598,0.95
4,2014-08-18,good_006,good,True,True,True,,,,9.0,3.0,10.0,3.0,0.7692307692307693,0.6595337224995941,0.6145616841441455,0.7644684786623076,0.10204081632653061,2.293975566028576,0.0009726644759613037,2.2939763284247263,0.0009726644759613037,36.04373662624343,0.95
4,2014-08-18,good_007,good,True,True,False,,,,10.0,2.0,10.0,3.0,0.7692307692307693,0.49247407288171136,0.3464493130052283,0.8331985125935053,0.8979591836734694,0.4295714343949517,0.0002345180752534356,0.4295715414179594,0.0002345180752534356,6.65093749062616,0.7
4,2014-08-18,good_008,good,True,True,False,,,,10.0,2.0,10.0,3.0,0.7692307692307693,0.5342018779266491,0.4228232451829955,0.7940853543285074,0.9387755102040817,0.38325517767337747,0.00021524426095997164,0.38325527541939164,0.00021524426095997164,6.148585899742963,0.75
4,2014-08-18,good_009,good,False,True,False,,,,9.0,3.0,9.0,4.0,0.6923076923076923,0.44612940359379005,0.39309732084085935,0.5698709300172952,0.5306122448979592,1.1344933389694838,0.0006900356153330309,1.1344936002570543,0.0006900356153330309,17.59809545189816,0.8
4,2014-08-18,good_010,good,True,True,True,,,,10.0,2.0,11.0,2.0,0.8461538461538461,0.6752500730510435,0.6155492939383638,0.8145518909806296,0.0,3.2089229415665135,0.001013280243947364,3.208924362856616,0.001013280243947364,50.64275366746179,1.0
4,2014-08-18,good_011,good,True,True,True,,,,9.0,3.0,10.0,3.0,0.7692307692307693,0.6747884589254223,0.605931528403862,0.8354546301423966,0.1836734693877551,1.9469263570588005,0.0009753508513167016,1.946926905058924,0.0009753508513167016,31.258232157094763,0.95
4,2014-08-18,good_012,good,True,True,True,,,,10.0,2.0,11.0,2.0,0.8461538461538461,0.6940451569518044,0.5896547128488057,0.9376228598588014,0.30612244897959184,1.5285994317206408,0.0008288030032571898,1.5285998259167624,0.0008288030032571898,23.956551541931358,0.85
4,2014-08-18,good_013,good,True,True,True,,,,9.0,3.0,10.0,3.0,0.7692307692307693,0.6906999431210905,0.5895406467082823,0.9267383014176429,0.14285714285714285,2.0562677803849274,0.0008889377562609467,2.0562684508913245,0.0008889377562609467,32.73104828875617,1.0
4,2014-08-18,good_014,good,False,True,False,,,,9.0,3.0,9.0,4.0,0.6923076923076923,0.4429088065022948,0.40383361878860213,0.5340842445009111,0.9183673469387755,0.38672306893454356,0.00022158016889710347,0.38672316366337495,0.00022158016889710347,6.186482841267343,0.6
4,2014-08-18,good_015,good,True,True,True,,,,9.0,3.0,10.0,3.0,0.7692307692307693,0.6418497822909796,0.5281530752231621,0.9071420987825537,0.5510204081632653,1.1331066401092311,0.0006373196428717032,1.1331069214423286,0.0006373196428717032,17.97886733570051,0.9
4,2014-08-18,good_016,good,True,True,True,,,,10.0,2.0,11.0,2.0,0.8461538461538461,0.7110354693096461,0.6259841034390019,0.9094886563411492,0.061224489795918366,2.8598355178431216,0.0010834987070741488,2.8598365867423903,0.0010834987070741488,44.1498207063846,1.0
4,2014-08-18,good_017,good,True,True,True,,,,9.0,3.0,10.0,3.0,0.7692307692307693,0.6900214248753725,0.5830752779992193,0.9395624342530635,0.16326530612244897,1.9523807689695747,0.00086228088903295,1.9523813871289646,0.00086228088903295,30.999361169021213,0.95
4,2014-08-18,good_018,good,True,True,True,,,,10.0,2.0,11.0,2.0,0.8461538461538461,0.6427522615988153,0.6277266322187033,0.6778120634857434,0.02040816326530612,3.1743926637905986,0.001027763494906373,3.174394038201317,0.001027763494906373,49.93507872535001,1.0
4,2014-08-18,good_019,good,True,True,False,,,,10.0,2.0,10.0,3.0,0.7692307692307693,0.5473796731837347,0.4378972074678634,0.8028387598541011,0.8163265306122449,0.5685736673026519,0.00030638437451871925,0.5685738135797146,0.00030638437451871925,8.969724460650989,0.6
4,2014-08-18,medium_000,medium,True,True,False,,,,6.0,6.0,6.0,7.0,0.46153846153846156,0.5671528942582209,0.550126546930442,0.6068810380230384,0.3877551020408163,1.3708667976632212,0.0007736011650970043,1.3708671380425612,0.0007736011650970043,21.709621005848778,0.9
4,2014-08-18,medium_001,medium,True,False,,,,,6.0,6.0,6.0,6.0,0.5,0.53052256388335,0.5099183508967176,0.5785990608521587,,,,0.9388918544873268,0.0005758413714865402,14.729906336165813,0.8
4,2014-08-18,medium_002,medium,True,True,True,,,,5.0,7.0,6.0,7.0,0.46153846153846156,0.5684960802802824,0.6255698624402515,0.4353239219070214,0.04081632653061224,3.124177245499369,0.0010353657783268879,3.1241785792660623,0.0010353657783268879,47.08740652429264,1.0
4,2014-08-18,medium_003,medium,True,True,False,,,,7.0,5.0,7.0,6.0,0.5384615384615384,0.46490475602128545,0.43203512533301747,0.5416005609605776,0.8571428571428571,0.4969278726432191,0.00031031301800176273,0.49692798615687145,0.00031031301800176273,8.132432598869613,0.75
4,2014-08-18,medium_004,medium,False,False,,failure,0.5100000000000001,-4.414363148910979,5.5,6.0,5.5,6.0,0.4782608695652174,0.36916073691326207,0.4648394731826464,0.14591035228469867,,,,0.9661396182353874,0.0005918829583809674,15.42788746788128,0.75
4,2014-08-18,medium_005,medium,True,True,True,,,,6.0,5.0,7.0,5.0,0.5833333333333334,0.5119498286525394,0.5189196020709264,0.4956870240096365,0.5918367346938775,1.0635593688392073,0.0006239770223263703,1.0635596240406764,0.0006239770223263703,17.046217597949294,0.8
4,2014-08-18,medium_006,medium,True,True,True,,,,6.0,6.0,7.0,6.0,0.5384615384615384,0.5231864970149303,0.5212155098145062,0.5277854671492532,0.20408163265306123,1.8383429678273804,0.0009711728674417893,1.8383434544131254,0.0009711728674417893,29.547652451157912,0.9
4,2014-08-18,medium_007,medium,True,False,,,,,5.0,7.0,5.5,7.0,0.44,0.5487298305190187,0.5532240415178848,0.5382433381883314,,,,1.556391752019681,0.0008643807592139216,24.642516140905567,0.9
4,2014-08-18,medium_008,medium,True,True,True,,,,6.0,6.0,7.0,6.0,0.5384615384615384,0.557094815683884,0.5456221483673509,0.5838643727557948,0.4489795918367347,1.2722662133654263,0.0006754163508118185,1.27226655085573,0.0006754163508118185,20.171183178363844,0.9
4,2014-08-18,medium_009,medium,True,True,True,,,,7.0,5.0,8.0,5.0,0.6153846153846154,0.5476720177132648,0.5301484236860784,0.5885604037766999,0.3673469387755102,1.4117226889295422,0.0007050247323446641,1.411723084902498,0.0007050247323446641,22.30433363128178,0.9
4,2014-08-18,medium_010,medium,True,True,True,,,,6.0,6.0,7.0,6.0,0.5384615384615384,0.5113737278619422,0.5240348119229263,0.4818311983863127,0.5102040816326531,1.2528050786607747,0.0006297089564239061,1.25280542961128,0.0006297089564239061,19.98652954636483,0.9
4,2014-08-18,medium_011,medium,True,True,True,,,,6.0,6.0,7.0,6.0,0.5384615384615384,0.5826252842482718,0.5562881006003725,0.6440787127600367,0.3469387755102041,1.441193378500249,0.0007601078154251103,1.4411937608835825,0.0007601078154251103,23.31415038781763,0.9
4,2014-08-18,medium_012,medium,True,True,True,,,,6.5,5.0,7.5,5.0,0.6,0.4965596795985114,0.5061758570384158,0.4741219322387345,0.5714285714285714,1.1205263891796802,0.00045664303948610125,1.120526773694772,0.00045664303948610125,17.888802440066122,0.9
4,2014-08-18,medium_013,medium,False,False,,failure,0.39000000000000007,-2.310789278403334,5.0,7.0,5.0,7.0,0.4166666666666667,0.3659597005893542,0.47289202636041705,0.11645094045687426,,,,0.8086829386001051,0.0003470384915281232,12.67059916545434,0.7
4,2014-08-18,medium_014,medium,True,True,True,,,,7.0,5.0,8.0,5.0,0.6153846153846154,0.5366699752648133,0.5397138274075746,0.5295676535983704,0.24489795918367346,1.6431522834618544,0.00084492564807761,1.6431527329780404,0.00084492564807761,26.00578070573471,1.0
4,2014-08-18,medium_015,medium,False,True,False,,,,6.0,6.0,6.0,7.0,0.46153846153846156,0.37690676569827636,0.35819431903420607,0.4205691412477737,0.7755102040816326,0.5963019727848418,0.0003526555268985069,0.5963021132398618,0.0003526555268985069,9.434858169796165,0.7
4,2014-08-18,medium_016,medium,True,True,True,,,,5.5,6.0,6.5,6.0,0.52,0.46936384301548995,0.5436309400508871,0.29607394993289654,0.08163265306122448,2.429585696277072,0.000841195349559647,2.4295866799946766,0.000841195349559647,38.495471591041856,1.0
4,2014-08-18,medium_017,medium,False,False,,failure,0.36000000000000004,-4.889389564278488,5.0,6.0,5.0,6.0,0.45454545454545453,0.40353471865350854,0.3421332064743747,0.5468049137381544,,,,0.5665953390497057,0.00040862931361307245,9.052271345001882,0.75
4,2014-08-18,medium_018,medium,False,True,False,,,,6.0,6.0,6.0,7.0,0.46153846153846156,0.33280571427527006,0.36970727630589206,0.24670206953715215,0.8367346938775511,0.5056744644853622,0.0003220147836476826,0.5056745762877769,0.0003220147836476826,7.9604413978201425,0.7
4,2014-08-18,medium_019,medium,False,False,,neutral,0.39000000000000007,-0.09795229961758878,6.0,6.0,6.0,6.0,0.5,0.4205377400043614,0.4678404053391422,0.31016485422320633,,,,0.436270104285774,0.00025189892230725663,6.895326710178565,0.55
4,2014-08-18,medium_020,medium,True,True,False,,,,7.0,5.0,7.0,6.0,0.5384615384615384,0.4970619393067317,0.47806600587733095,0.5413857839753337,0.7959183673469388,0.5788487849164411,0.00031355416656854874,0.578848935320432,0.00031355416656854874,9.253007357265174,0.75
4,2014-08-18,medium_021,medium,True,True,True,,,,7.0,5.0,8.0,5.0,0.6153846153846154,0.5013014140881633,0.5257921979666085,0.44415625170512474,0.32653061224489793,1.4817649620442561,0.0008113375476485067,1.4817653425952888,0.0008113375476485067,23.5852539188395,0.9
4,2014-08-18,medium_022,medium,True,False,,,,,6.0,6.0,6.0,6.0,0.5,0.4687189742926161,0.5113380427962759,0.36927448111740996,,,,0.9338471579404986,0.0005139320735732015,14.859754991261568,0.8
4,2014-08-18,medium_023,medium,False,True,False,,,,5.5,6.0,5.5,7.0,0.44,0.41946222124166177,0.45015292941890583,0.34785056882809223,0.6326530612244898,1.0293279552760335,0.0006721581826435804,1.0293281748404317,0.0006721581826435804,16.42766977150604,0.75
4,2014-08-18,medium_024,medium,False,True,False,,,,5.0,6.0,5.0,7.0,0.4166666666666667,0.40848330109074815,0.36487163646282816,0.5102438518892282,1.0,0.16168977649522728,9.915356291041815e-05,0.16168981414541211,9.915356291041815e-05,2.6014103737250793,0.6
4,2014-08-18,medium_025,medium,True,False,,,,,6.0,6.0,6.0,6.0,0.5,0.5393292910087488,0.481899451392505,0.673332250113318,,,,0.6673005303813678,0.0004174592574979501,10.682830434267288,0.65
4,2014-08-18,medium_026,medium,True,True,True,,,,6.5,5.0,7.5,5.0,0.6,0.5704830847017821,0.5760071868984684,0.557593512909514,0.2653061224489796,1.6071066939035377,0.0008757338226873286,1.6071071113216693,0.0008757338226873286,25.21948153166436,0.95
4,2014-08-18,medium_027,medium,False,True,False,,,,5.5,5.0,5.5,6.0,0.4782608695652174,0.39001965800244964,0.409681360284799,0.3441423526769678,0.9591836734693877,0.376321044387126,0.0002514089339981512,0.3763211219360513,0.0002514089339981512,5.741052162456841,0.75
4,2014-08-18,medium_028,medium,True,True,True,,,,6.0,5.0,7.0,5.0,0.5833333333333334,0.6338715036133011,0.5808697335407802,0.7575423004491836,0.12244897959183673,2.26428175713601,0.0008981389766209612,2.2642825515776597,0.0008981389766209612,36.29117295627382,1.0
4,2014-08-18,medium_029,medium,True,True,False,,,,6.5,5.0,6.5,6.0,0.52,0.5310714964435349,0.45829315085599254,0.7008876361478007,0.7142857142857143,0.8299474138821246,0.0004792482909189982,0.8299476167845398,0.0004792482909189982,13.174424198797688,0.9
4,2014-08-18,bad_000,bad,False,False,,success,0.8200000000000002,3.341340341282617,2.0,9.0,2.5,9.0,0.21739130434782608,0.3912160868669448,0.45422966355280947,0.2441844079332607,,,,1.1677423111439222,0.000601168184279744,18.709306967630752,0.85
4,2014-08-18,bad_001,bad,True,False,,,,,2.0,8.0,2.5,8.0,0.23809523809523808,0.48081566200912085,0.4918852013433674,0.4549867368958791,,,,1.191435227457205,0.0008691559744892555,18.924812953315023,0.85
4,2014-08-18,bad_002,bad,True,False,,,,,3.0,8.0,3.0,8.0,0.2727272727272727,0.45279194262552636,0.4646927491078604,0.42502339416674695,,,,1.060373240229721,0.0004940774336536188,16.773971351665228,0.85
4,2014-08-18,bad_003,bad,True,False,,,,,2.5,9.0,3.0,9.0,0.25,0.5018536995946234,0.44848279145099507,0.6263858185964233,,,,0.4541141831774013,0.00028262029381476264,7.32610065186202,0.65
4,2014-08-18,bad_004,bad,False,False,,success,0.9400000000000001,0.8810698795391971,2.0,8.0,2.5,8.0,0.23809523809523808,0.3978079427470887,0.47334524145328316,0.2215542457659684,,,,0.9326267540895854,0.0005164919639000705,14.637031566571302,0.85
4,2014-08-18,bad_005,bad,False,True,False,,,,2.5,8.0,2.5,9.0,0.21739130434782608,0.4343678361865573,0.5015876080558331,0.2775217018249138,0.7346938775510204,0.7735303256278855,0.00042118175987203993,0.7735305275710094,0.00042118175987203993,12.347241760585323,0.7
4,2014-08-18,bad_006,bad,False,False,,failure,0.5400000000000001,-0.11674371801875338,2.0,9.0,2.0,9.0,0.18181818181818182,0.3339217305200195,0.4516312534137348,0.059266177101350744,,,,0.7033394418488177,0.00047695152543134723,11.22741036610843,0.75
4,2014-08-18,bad_007,bad,False,False,,success,0.8200000000000002,1.8890571346972962,3.0,8.0,3.5,8.0,0.30434782608695654,0.3865281392702043,0.39719856684154253,0.36163047493708184,,,,0.7668453716524986,0.0005222374377457277,12.088474170742563,0.7
4,2014-08-18,bad_008,bad,False,False,,failure,0.5100000000000001,-6.951823138220263,2.0,8.0,2.0,8.0,0.2,0.4132484480915251,0.47672164956567653,0.26514431131850524,,,,0.6926558773085677,0.000361868323140737,10.971053129278395,0.75
4,2014-08-18,bad_009,bad,False,False,,success,0.9400000000000001,1.358740253996018,2.0,8.0,2.5,8.0,0.23809523809523808,0.35603871334754655,0.4275006666618262,0.1892941556142275,,,,0.703527657995251,0.0002828232534340517,11.114156599211618,0.75
4,2014-08-18,bad_010,bad,False,False,,failure,0.5100000000000001,-5.636991133717842,2.5,9.0,2.5,9.0,0.21739130434782608,0.3950441177696511,0.5363105841496024,0.06542236288309804,,,,1.0065903124054556,0.0006038478804736023,16.130579894252794,0.85
4,2014-08-18,bad_011,bad,False,False,,failure,0.39000000000000007,-3.6897465673188776,2.5,8.0,2.5,8.0,0.23809523809523808,0.31334410663489853,0.3289615861713595,0.2769033210498229,,,,0.456414367639414,0.00029154103098196616,7.259222937056887,0.7
4,2014-08-18,bad_012,bad,False,False,,failure,0.39000000000000007,-4.492533195443755,2.5,8.0,2.5,8.0,0.23809523809523808,0.37320574591015376,0.38692665697407835,0.3411902867609965,,,,0.3088476528639805,0.00023900630417505653,4.871571318746549,0.55
4,2014-08-18,bad_013,bad,False,False,,success,0.9400000000000001,0.2115465633439868,2.0,8.0,2.5,8.0,0.23809523809523808,0.30584957671479174,0.3888473946093259,0.11218800162754551,,,,0.49488318078931043,0.0003014249736348079,7.843099766196311,0.6
4,2014-08-18,bad_014,bad,False,False,,failure,0.36000000000000004,-3.2684738266134303,2.0,8.0,2.0,8.0,0.2,0.36164049811408144,0.48623896092995633,0.07091075154370693,,,,0.7588358239038945,0.0005568147357537228,12.092895273475436,0.85
4,2014-08-18,bad_015,bad,True,False,,,,,3.0,8.0,3.0,8.0,0.2727272727272727,0.46401708753526255,0.5452703701590438,0.27442609474643986,,,,1.8333580509324188,0.0008961313141939799,28.987681236905352,0.9
4,2014-08-18,bad_016,bad,False,True,True,,,,2.5,8.0,3.5,8.0,0.30434782608695654,0.440314069113684,0.48269314217068393,0.34142956531401764,0.673469387755102,0.9671659623815244,0.0005959272753124754,0.9671661830941248,0.0005959272753124754,15.097896847653212,0.8
4,2014-08-18,bad_017,bad,True,True,True,,,,3.0,8.0,4.0,8.0,0.3333333333333333,0.47017458017842234,0.499297305351266,0.40222155477512045,0.46938775510204084,1.268961693420119,0.0006593127708249234,1.2689620338162135,0.0006593127708249234,19.982268399740434,0.9
4,2014-08-18,bad_018,bad,False,False,,success,0.9700000000000001,2.891441297110177,2.5,8.0,3.0,8.0,0.2727272727272727,0.40144987525586495,0.5089441071564021,0.1506300008212782,,,,0.8934375190116495,0.0005283119682673673,14.248947526890369,0.8
4,2014-08-18,bad_019,bad,True,False,,,,,3.0,8.0,3.5,8.0,0.30434782608695654,0.502956307076792,0.57119609906167,0.34373012577874335,,,,2.220461876251302,0.000926418968813683,35.64982143657249,1.0
4,2014-08-18,bad_020,bad,True,False,,,,,3.0,8.0,3.5,8.0,0.30434782608695654,0.5795445961593203,0.5479526111856673,0.6532592277645107,,,,1.870960094154729,0.0007628961563905415,28.926096367566956,0.95
4,2014-08-18,bad_021,bad,False,False,,failure,0.5400000000000001,-2.672497493016877,3.0,9.0,3.0,9.0,0.25,0.3756120947415658,0.47005294888545707,0.15525010173915302,,,,1.0016898102816691,0.0005706395752915623,15.886766483421836,0.8
4,2014-08-18,bad_022,bad,False,False,,success,0.8500000000000002,0.2811080792390044,2.0,8.0,2.5,8.0,0.23809523809523808,0.44171738171495356,0.509045557748499,0.28461830430334756,,,,1.4057348902335727,0.0008693805414074889,22.419634142425906,0.85
4,2014-08-18,bad_023,bad,False,False,,failure,0.39000000000000007,-5.6374060515470745,2.5,8.0,2.5,8.0,0.23809523809523808,0.2941028441207565,0.40471690428050866,0.03600337041466817,,,,0.4752732772024268,0.00026244747241248014,7.608494235895963,0.75
4,2014-08-18,bad_024,bad,False,True,False,,,,3.0,8.0,3.0,9.0,0.25,0.3689146842007997,0.4585804118520299,0.15969465301459604,0.7551020408163265,0.6615466592401431,0.0003366634904781888,0.6615468443583881,0.0003366634904781888,10.553142298231693,0.8
4,2014-08-18,bad_025,bad,False,False,,failure,0.39000000000000007,-4.014812451438402,3.0,8.0,3.0,8.0,0.2727272727272727,0.4055466079301374,0.48314941876441997,0.22447338265014496,,,,0.8769535440043369,0.00048181212979986967,13.930998921307667,0.8
4,2014-08-18,bad_026,bad,False,False,,failure,0.39000000000000007,-3.1264079295316662,2.5,8.0,2.5,8.0,0.23809523809523808,0.41906213691625055,0.4380946680168756,0.374652897681459,,,,0.529843657668646,0.0003006488200333763,8.427008154096933,0.7
4,2014-08-18,bad_027,bad,False,False,,failure,0.39000000000000007,-1.929045578683315,2.0,8.0,2.0,8.0,0.2,0.41379811780039166,0.4552544351793644,0.31706671058278874,,,,0.778119353839216,0.0005231476353643719,12.377423824098207,0.75
4,2014-08-18,bad_028,bad,False,False,,failure,0.39000000000000007,-1.605273006296784,2.5,8.0,2.5,8.0,0.23809523809523808,0.4359552391958405,0.4727407834731844,0.35012230254870486,,,,0.4435343247405082,0.0002620545064185093,7.221547837375043,0.65
4,2014-08-18,bad_029,bad,False,False,,success,0.9400000000000001,0.7462170282115608,2.5,9.0,3.0,9.0,0.25,0.37134327607818063,0.500737894706336,0.0694224992791514,,,,1.3307323740263288,0.0008252182261521612,20.993349148320764,0.9
4,2014-08-18,bad_030,bad,False,False,,failure,0.5100000000000001,-8.930669941194608,2.5,9.0,2.5,9.0,0.21739130434782608,0.38657178228317063,0.4733752677965649,0.18403031608525075,,,,0.6450776496888726,0.0005071179190385678,10.114074913359028,0.8
4,2014-08-18,bad_031,bad,False,False,,failure,0.5100000000000001,-0.70667299117585,2.0,8.0,2.0,8.0,0.2,0.4470710244568365,0.49275237328399324,0.34048121052680425,,,,1.4672860179024252,0.0006782424445313257,23.080973128756586,0.95
4,2014-08-18,bad_032,bad,False,False,,failure,0.5100000000000001,-0.3396913132545194,2.0,8.0,2.0,8.0,0.2,0.36183696996771536,0.4216500732028282,0.22227306241911882,,,,0.8123695878874418,0.0005002055655637447,12.873696751744836,0.9
4,2014-08-18,bad_033,bad,False,False,,failure,0.36000000000000004,-3.081283640981752,2.0,9.0,2.0,9.0,0.18181818181818182,0.24110192757027787,0.29129757186403993,0.12397875755149977,,,,0.1590821949020011,9.488590315938591e-05,2.3362732570362725,0.65
4,2014-08-18,bad_034,bad,True,True,True,,,,2.5,8.0,3.5,8.0,0.30434782608695654,0.46704974197918503,0.4655842311151688,0.4704692673285563,0.4897959183673469,1.267822359125327,0.000708897475861232,1.2678226769192702,0.000708897475861232,20.20492078278528,0.9
4,2014-08-18,bad_035,bad,False,False,,failure,0.5100000000000001,-1.603263579146713,2.5,9.0,2.5,9.0,0.21739130434782608,0.27195172337468243,0.3378137560496567,0.11827364713307587,,,,0.5514014429003502,0.00033884518262073987,8.608145657346357,0.7
4,2014-08-18,bad_036,bad,False,False,,failure,0.39000000000000007,-6.489375460582579,2.5,8.0,2.5,8.0,0.23809523809523808,0.40917082443704783,0.4422816963166949,0.3319121233845381,,,,0.7682117405816729,0.0005030652407944463,12.050563842433617,0.8
4,2014-08-18,bad_037,bad,False,False,,success,0.8500000000000002,0.5647173623755748,2.0,8.0,2.5,8.0,0.23809523809523808,0.41459470930154535,0.518457984834391,0.17224706639157225,,,,0.9550369804097283,0.0005531070155118916,15.189300872561825,0.85
4,2014-08-18,bad_038,bad,False,True,False,,,,3.0,8.0,3.0,9.0,0.25,0.26456414003283774,0.3088246618299053,0.1612895891730134,0.9795918367346939,0.17307768517051353,0.00010179188334945119,0.17307772593275084,0.00010179188334945119,2.7241885141057374,0.55
4,2014-08-18,bad_039,bad,False,False,,failure,0.5100000000000001,-2.6837127928246645,2.5,9.0,2.5,9.0,0.21739130434782608,0.3130490960841375,0.4047906788138624,0.09898540304811285,,,,0.6754588559883606,0.0003274353556580002,10.789635522135859,0.75
4,2014-08-18,bad_040,bad,False,False,,success,0.9400000000000001,5.705273007595821,2.5,8.0,3.0,8.0,0.2727272727272727,0.3596002468515622,0.4620819152172321,0.12047635399833254,,,,0.5776777747745571,0.0002686756952136575,9.222907859767918,0.65
4,2014-08-18,bad_041,bad,False,False,,failure,0.5100000000000001,-0.9734470515132472,3.0,8.0,3.0,8.0,0.2727272727272727,0.3270362451332475,0.36899709691021376,0.229127590986993,,,,0.35975912640862967,0.00018766002843206804,5.633867958141758,0.7
4,2014-08-18,bad_042,bad,False,False,,failure,0.5100000000000001,-7.9787065676612485,2.5,8.0,2.5,8.0,0.23809523809523808,0.37575151141309926,0.46261147149132503,0.17307827123057246,,,,0.7249504087042503,0.0004689951735228655,11.622987939560431,0.8
4,2014-08-18,bad_043,bad,False,False,,success,0.7900000000000001,1.4248937719582528,2.0,8.0,2.5,8.0,0.23809523809523808,0.2972371422092169,0.3228232368094467,0.23753625480868065,,,,0.4741249285934031,0.0003062491211808243,7.457823763114522,0.65
4,2014-08-18,bad_044,bad,True,False,,,,,2.5,8.0,3.0,8.0,0.2727272727272727,0.4687109488082595,0.4819902950305814,0.4377258076228418,,,,1.4039091389041258,0.000633393825790951,22.077189432904596,0.9
4,2014-08-18,bad_045,bad,False,True,True,,,,2.0,8.0,3.0,8.0,0.2727272727272727,0.43247890192402794,0.5729376979964831,0.10474171108829933,0.22448979591836735,1.832209091638209,0.0007850141069106166,1.8322096973942261,0.0007850141069106166,28.44941533703685,1.0
4,2014-08-18,bad_046,bad,False,True,False,,,,3.0,8.0,3.0,9.0,0.25,0.3701016977494353,0.4151388706037642,0.2650149610893347,0.8775510204081632,0.4666051904812459,0.0002441432395500095,0.46660531503222774,0.0002441432395500095,7.516641181822683,0.75
4,2014-08-18,bad_047,bad,True,False,,,,,2.5,8.0,2.5,8.0,0.23809523809523808,0.4667000383077243,0.5779495203850769,0.20711791346056835,,,,2.1183981561458456,0.0009078043262779386,33.661100554649764,1.0
4,2014-08-18,bad_048,bad,False,False,,failure,0.39000000000000007,-0.5402396409194665,2.0,8.0,2.0,8.0,0.2,0.3422256837467574,0.4449777911673669,0.10247076643200174,,,,1.0170177539298728,0.0006125973302311995,16.073541956160973,0.85
4,2014-08-18,bad_049,bad,True,False,,,,,2.0,8.0,2.0,8.0,0.2,0.4720271983373779,0.5044353269635063,0.3964082315430782,,,,1.1695295565477783,0.0007245551121938973,18.45474110733412,0.9
5,2014-09-16,good_000,good,True,True,True,,,,11.0,2.0,12.0,2.0,0.8571428571428571,0.6340907235769713,0.5107298989139314,0.9219326477907308,0.3877551020408163,1.3758561347402036,0.0006075510967756929,1.3758565736356518,0.0006075510967756929,21.767088393101385,0.85
5,2014-09-16,good_001,good,True,True,True,,,,10.0,3.0,11.0,3.0,0.7857142857142857,0.6363237937873427,0.5540795507597154,0.8282270275184735,0.2653061224489796,1.698268638353365,0.0008269145603457958,1.6982691283337685,0.0008269145603457958,27.02538735913758,0.95
5,2014-09-16,good_002,good,True,True,True,,,,10.0,3.0,11.0,3.0,0.7857142857142857,0.6139079484100296,0.5136460091051928,0.8478524734546493,0.5102040816326531,1.096205509511343,0.0006052617786761983,1.096205793103217,0.0006052617786761983,17.608918920372187,0.9
5,2014-09-16,good_003,good,True,True,True,,,,11.0,2.0,12.0,2.0,0.8571428571428571,0.6551708730180417,0.5349213438068451,0.9357531078441672,0.42857142857142855,1.3054117011078128,0.0007449336612854215,1.3054120229973711,0.0007449336612854215,20.62400530008651,0.9
5,2014-09-16,good_004,good,True,True,True,,,,11.0,2.0,12.0,2.0,0.8571428571428571,0.6797951643631688,0.5813904297393864,0.9094062118186613,0.24489795918367346,1.7034186200604553,0.0008431192349812966,1.7034191067952416,0.0008431192349812966,27.061298569462814,0.9
5,2014-09-16,good_005,good,True,True,True,,,,11.0,2.0,12.0,2.0,0.8571428571428571,0.6650616512869254,0.5589896823303966,0.9125629121854928,0.2857142857142857,1.5728794150771968,0.0007088008946740848,1.5728799050052755,0.0007088008946740848,24.791000901033282,0.95
5,2014-09-16,good_006,good,True,True,True,,,,10.0,3.0,11.0,3.0,0.7857142857142857,0.6884667877386799,0.6007894637600697,0.8930472103554369,0.12244897959183673,2.124764014881805,0.0010717995436133614,2.124764606576381,0.0010717995436133614,34.17661684796178,0.95
5,2014-09-16,good_007,good,True,True,True,,,,10.0,3.0,11.0,3.0,0.7857142857142857,0.5766768694029655,0.5280315612127323,0.6901825885135094,0.5918367346938775,0.956363119961564,0.0005386182067012521,0.956363359753321,0.0005386182067012521,15.220503214394963,0.85
5,2014-09-16,good_008,good,True,True,False,,,,10.0,3.0,10.0,4.0,0.7142857142857143,0.5139139623236189,0.3787563085699304,0.8292818210822254,0.7346938775510204,0.8440396091666421,0.0005698112978625471,0.8440397847238366,0.0005698112978625471,13.335927710666084,0.75
5,2014-09-16,good_009,good,True,False,,,,,9.0,4.0,9.5,4.0,0.7037037037037037,0.6194377933506614,0.5706323878284947,0.7333170729023837,,,,1.8177881680796375,0.0008576300351078464,29.084679764396913,0.95
5,2014-09-16,good_010,good,True,True,True,,,,11.0,2.0,12.0,2.0,0.8571428571428571,0.7007753746758726,0.6023726072983554,0.9303818318900794,0.04081632653061224,2.2253493640794746,0.0008730073100860398,2.225350163089153,0.0008730073100860398,35.380780938383005,0.95
5,2014-09-16,good_011,good,True,True,True,,,,10.0,3.0,11.0,3.0,0.7857142857142857,0.6720130953062887,0.6096538119614198,0.8175180897776496,0.02040816326530612,2.26415567674471,0.0009178102185201694,2.2641564576828173,0.0009178102185201694,35.8842507923292,1.0
5,2014-09-16,good_012,good,True,True,True,,,,11.0,2.0,12.0,2.0,0.8571428571428571,0.6941258755167568,0.6040301064048145,0.9043493367779555,0.14285714285714285,2.058210147039491,0.0009056241859399334,2.0582108074474053,0.0009056241859399334,32.14939267628762,0.95
5,2014-09-16,good_013,good,True,True,True,,,,10.0,3.0,11.0,3.0,0.7857142857142857,0.6346987206853367,0.5417813321365414,0.851505960632526,0.20408163265306123,1.7534610677946214,0.0008893060856574773,1.7534615526112394,0.0008893060856574773,27.66736459469329,0.9
5,2014-09-16,good_014,good,True,False,,,,,9.0,4.0,9.5,4.0,0.7037037037037037,0.5053184335794283,0.5215968821469812,0.4673353869218052,,,,1.2232776035321158,0.0006231258259619584,19.334494375955284,0.85
5,2014-09-16,good_015,good,True,True,False,,,,10.0,3.0,10.0,4.0,0.7142857142857143,0.5008383232893532,0.45810718355032476,0.6005443160137528,0.5714285714285714,1.013007720974118,0.0005721849711495949,1.0130079732102555,0.0005721849711495949,16.01063334569846,0.8
5,2014-09-16,good_016,good,True,True,True,,,,11.0,2.0,12.0,2.0,0.8571428571428571,0.6348462214153704,0.5049668169455471,0.9378981651782915,0.4897959183673469,1.1529327645939174,0.0006514231078502252,1.1529330508443023,0.0006514231078502252,18.095333540503663,0.9
5,2014-09-16,good_017,good,True,True,False,,,,10.0,3.0,10.0,4.0,0.7142857142857143,0.5921088537426213,0.5093151518915645,0.7852941580617541,0.7142857142857143,0.8465300158549577,0.00039298017029502035,0.8465302738387609,0.00039298017029502035,13.62401029244643,0.8
5,2014-09-16,good_018,good,True,True,True,,,,11.0,2.0,12.0,2.0,0.8571428571428571,0.6194768256530977,0.6047593470918574,0.6538176089626585,0.08163265306122448,2.157319158379762,0.000880412792373126,2.1573199022469534,0.000880412792373126,34.2604172825227,0.95
5,2014-09-16,good_019,good,True,True,True,,,,10.0,3.0,11.0,3.0,0.7857142857142857,0.5930989099360351,0.5078111322548998,0.7921037245253507,0.5510204081632653,1.021558616009451,0.0006641201038538088,1.0215588379066822,0.0006641201038538088,16.157955211397585,0.85
5,2014-09-16,medium_000,medium,False,True,False,,,,6.0,7.0,6.0,8.0,0.42857142857142855,0.3794597622902768,0.39906761345571634,0.33370810957091784,0.8979591836734694,0.4868399722620362,0.0002885592949098915,0.48684008805584433,0.0002885592949098915,7.761886639113155,0.7
5,2014-09-16,medium_001,medium,True,True,True,,,,6.0,6.0,7.0,6.0,0.5384615384615384,0.5593089025996869,0.49860309377495476,0.7009557898573953,0.3469387755102041,1.4304203292284159,0.0006198741500475366,1.4304207969014846,0.0006198741500475366,22.738261418221114,0.9
5,2014-09-16,medium_002,medium,True,True,True,,,,6.0,7.0,7.0,7.0,0.5,0.548716617217597,0.5970260916055204,0.4359945103124425,0.1836734693877551,1.820941049741281,0.0007888686839432346,1.8209416418815434,0.0007888686839432346,28.450144962534555,0.95
5,2014-09-16,medium_003,medium,True,True,True,,,,7.0,6.0,8.0,6.0,0.5714285714285714,0.540009399104463,0.5351117851894527,0.5514371649061539,0.22448979591836735,1.7236526460345731,0.0006954084129253516,1.7236532424928697,0.0006954084129253516,27.24067069861472,0.95
5,2014-09-16,medium_004,medium,True,False,,,,,5.5,6.0,5.5,6.0,0.4782608695652174,0.5372864597457193,0.4669298464937788,0.701451890666914,,,,1.4033412058763617,0.0007494085401523617,22.196612361050242,0.9
5,2014-09-16,medium_005,medium,False,True,False,,,,7.0,5.0,7.0,6.0,0.5384615384615384,0.4409177930550259,0.3963462699094321,0.5449180137280782,0.9591836734693877,0.29155084103403145,0.00019284721550623374,0.29155090317922333,0.00019284721550623374,4.5962657503599935,0.6
5,2014-09-16,medium_006,medium,False,True,False,,,,7.0,6.0,7.0,7.0,0.5,0.4441725847125281,0.4427178246526524,0.4475670248522381,0.8367346938775511,0.7033320923055016,0.00043931261779997136,0.7033322497933288,0.00043931261779997136,11.10233248763287,0.75
5,2014-09-16,medium_007,medium,True,True,True,,,,5.5,7.0,6.5,7.0,0.48148148148148145,0.46747709882123567,0.5398984652579919,0.29849391046880447,0.3673469387755102,1.4022039650290998,0.000746001506627232,1.4022043370357196,0.000746001506627232,22.598735078413085,0.9
5,2014-09-16,medium_008,medium,True,True,True,,,,7.0,6.0,8.0,6.0,0.5714285714285714,0.6111170922914675,0.5142845823843242,0.8370596154081354,0.32653061224489793,1.5347968879763296,0.0007404145725000451,1.5347973330084306,0.0007404145725000451,24.332099644661092,0.95
5,2014-09-16,medium_009,medium,True,True,True,,,,8.0,5.0,9.0,5.0,0.6428571428571429,0.6186582465588217,0.635921859961567,0.5783764819524164,0.0,3.059098827585058,0.0011237534309312676,3.0590999992471106,0.0011237534309312676,49.08849544984395,1.0
5,2014-09-16,medium_010,medium,True,True,False,,,,7.0,6.0,7.0,7.0,0.5,0.46311505092242977,0.52433337909894,0.3202722851772394,0.6326530612244898,0.9037203686257943,0.0006228809813331038,0.9037205525637103,0.0006228809813331038,14.258982635124122,0.8
5,2014-09-16,medium_011,medium,True,True,False,,,,7.0,6.0,7.0,7.0,0.5,0.45399864729766876,0.470577062342878,0.4153156788588473,0.673469387755102,0.8839772940503071,0.0005572132494669408,0.8839774920897477,0.0005572132494669408,13.998113629983724,0.85
5,2014-09-16,medium_012,medium,True,True,False,,,,7.5,5.0,7.5,6.0,0.5555555555555556,0.4987252967962662,0.48214528357490205,0.5374119943127827,0.6122448979591837,0.9138235719092751,0.0006188040092100113,0.9138237608391673,0.0006188040092100113,14.43066318538049,0.75
5,2014-09-16,medium_013,medium,True,False,,,,,5.0,7.0,5.5,7.0,0.44,0.5446117514603995,0.5625031737641876,0.5028650994182274,,,,2.184485201312007,0.0008315486883790045,34.5943619089629,1.0
5,2014-09-16,medium_014,medium,False,True,False,,,,8.0,5.0,8.0,6.0,0.5714285714285714,0.4071224642811666,0.4212972018224327,0.3740480766848792,0.8571428571428571,0.5914512564849628,0.0002720992918161506,0.591451436749813,0.0002720992918161506,9.452926427563812,0.7
5,2014-09-16,medium_015,medium,True,False,,,,,6.0,7.0,6.5,7.0,0.48148148148148145,0.5480544297469008,0.4620199364118076,0.7488015808621181,,,,0.7359507970581225,0.00045027004287774444,11.771205519299244,0.75
5,2014-09-16,medium_016,medium,True,True,False,,,,6.5,6.0,6.5,7.0,0.48148148148148145,0.4962182973840257,0.5139616981513881,0.45481702892684656,0.8163265306122449,0.7162280495698343,0.0004688400960433547,0.7162282027887766,0.0004688400960433547,11.38118734948608,0.75
5,2014-09-16,medium_017,medium,True,False,,,,,5.0,6.0,5.0,6.0,0.45454545454545453,0.49211381699522505,0.4946392863302559,0.48622105521348663,,,,0.7142082575875182,0.0004375103355041091,11.281730327511795,0.75
5,2014-09-16,medium_018,medium,True,False,,,,,6.0,7.0,6.5,7.0,0.48148148148148145,0.5144950029766073,0.5140452943663358,0.515544323067241,,,,1.652835377956268,0.0007676973879713091,26.034341437540757,0.9
5,2014-09-16,medium_019,medium,True,False,,,,,6.0,6.0,6.5,6.0,0.52,0.4519416385112382,0.4187251989976086,0.5294466640430406,,,,0.979165247134658,0.0006759737465548406,15.493630276419868,0.8
5,2014-09-16,medium_020,medium,True,True,True,,,,7.0,6.0,8.0,6.0,0.5714285714285714,0.5115080194165371,0.5569783278066232,0.4054106331730031,0.30612244897959184,1.5596650391847042,0.0007403105292178699,1.5596655043442906,0.0007403105292178699,25.181713753778286,0.95
5,2014-09-16,medium_021,medium,True,True,True,,,,8.0,5.0,9.0,5.0,0.6428571428571429,0.533399037599873,0.5174804898328463,0.5705423157229351,0.4489795918367347,1.2116821090885277,0.0005986135668942705,1.2116824551549121,0.0005986135668942705,19.349733520226405,0.85
5,2014-09-16,medium_022,medium,True,True,True,,,,6.0,6.0,7.0,6.0,0.5384615384615384,0.5622366923117882,0.5805788289115458,0.5194383735790207,0.16326530612244897,1.9166756723539746,0.0009231524980869566,1.916676231654967,0.0009231524980869566,30.508813193194143,0.9
5,2014-09-16,medium_023,medium,True,False,,,,,5.5,7.0,6.0,7.0,0.46153846153846156,0.5805386771862884,0.5701608165838514,0.6047536852586414,,,,1.6944810775375052,0.0008088484432674702,26.939081703650224,0.95
5,2014-09-16,medium_024,medium,False,False,,success,0.8200000000000002,4.477194686773245,5.0,7.0,5.5,7.0,0.44,0.4402824145543912,0.4339744525151191,0.4550009926460261,,,,1.0621862903546526,0.0005382610766164768,16.725302053566146,0.85
5,2014-09-16,medium_025,medium,True,True,True,,,,6.0,6.0,7.0,6.0,0.5384615384615384,0.5736904857975836,0.528643727180428,0.6787995892376136,0.10204081632653061,2.139368732065814,0.0007666588156075716,2.139369569120507,0.0007666588156075716,34.22441402974586,1.0
5,2014-09-16,medium_026,medium,True,True,False,,,,7.5,5.0,7.5,6.0,0.5555555555555556,0.5206668458721426,0.4910485841103218,0.5897761233163913,0.8775510204081632,0.5302773311215019,0.0003735538005968466,0.5302774364614892,0.0003735538005968466,8.388850691000311,0.7
5,2014-09-16,medium_027,medium,True,False,,,,,5.5,6.0,6.0,6.0,0.5,0.4830859604664528,0.4575252743427639,0.5427275614217271,,,,0.7223508515338936,0.0004907572848174664,11.351809145820942,0.7
5,2014-09-16,medium_028,medium,True,True,True,,,,7.0,5.0,8.0,5.0,0.6153846153846154,0.6360825386302508,0.5833170097106324,0.7592021061093605,0.061224489795918366,2.1632688915319482,0.00100034009298247,2.1632695510781423,0.00100034009298247,34.88299388018125,0.95
5,2014-09-16,medium_029,medium,True,True,True,,,,6.5,6.0,7.5,6.0,0.5555555555555556,0.47409250858206964,0.5164655578242459,0.3752220603503251,0.6938775510204082,0.8768111415948346,0.0005028363143798663,0.8768113582745654,0.0005028363143798663,13.897792244775317,0.65
5,2014-09-16,bad_000,bad,True,False,,,,,2.5,9.0,3.0,9.0,0.25,0.45329731941426055,0.4775060485383821,0.3968102847913105,,,,1.0312450100576644,0.0007195949974190415,16.404780628514473,0.9
5,2014-09-16,bad_001,bad,False,True,False,,,,2.5,8.0,2.5,9.0,0.21739130434782608,0.3383933112287618,0.32824255678190617,0.3620784049380918,0.9795918367346939,0.2897689826176755,0.00021078873468223725,0.2897690377445957,0.00021078873468223725,4.537306264128013,0.55
5,2014-09-16,bad_002,bad,False,True,False,,,,3.0,8.0,3.0,9.0,0.25,0.3838622022332402,0.41547891820493166,0.31008986496596014,0.9387755102040817,0.3653650213855969,0.00022676343682314308,0.3653651045458286,0.00022676343682314308,5.818964226489615,0.6
5,2014-09-16,bad_003,bad,False,True,False,,,,3.0,9.0,3.0,10.0,0.23076923076923078,0.3562655909350133,0.4385268807818719,0.16432258129234328,0.6530612244897959,0.8905426874914429,0.0004887463328112458,0.8905429138785359,0.0004887463328112458,14.236816989007423,0.65
5,2014-09-16,bad_004,bad,False,False,,success,0.8200000000000002,2.573903170255875,2.5,8.0,3.0,8.0,0.2727272727272727,0.3578733881865182,0.3941558201036209,0.2732143803799453,,,,0.9368847413416135,0.0006445955213595612,14.86016742706232,0.75
5,2014-09-16,bad_005,bad,False,False,,failure,0.5100000000000001,-2.02969034773227,2.5,9.0,2.5,9.0,0.21739130434782608,0.3934897227268139,0.4337221727880043,0.2996140059173697,,,,0.6095786275777767,0.0003600026987414762,9.650026719998406,0.7
5,2014-09-16,bad_006,bad,False,False,,success,0.9400000000000001,0.6741655725964364,2.0,9.0,2.5,9.0,0.21739130434782608,0.3870002239949994,0.4501575348082536,0.2396331654307397,,,,0.5695558346613939,0.0003745598763186712,9.034135780177404,0.75
5,2014-09-16,bad_007,bad,False,False,,success,0.8200000000000002,0.9740754772885225,3.5,8.0,4.0,8.0,0.3333333333333333,0.29031722540230254,0.36402705841788724,0.11832761503260487,,,,0.21934836685552467,0.00015934661892696452,3.487910746074989,0.55
5,2014-09-16,bad_008,bad,False,False,,failure,0.39000000000000007,-2.864936485813928,2.0,8.0,2.0,8.0,0.2,0.36658184145173034,0.5168831164812019,0.015878866382963402,,,,1.2858238028898428,0.0006733069822098314,20.056674721112056,0.95
5,2014-09-16,bad_009,bad,False,False,,success,0.9400000000000001,2.451934852108508,2.5,8.0,3.0,8.0,0.2727272727272727,0.44658351891331716,0.4424479904478147,0.456233085332823,,,,0.7796885260313048,0.0004945987198000865,12.418191647523736,0.85
5,2014-09-16,bad_010,bad,True,False,,,,,2.5,9.0,3.0,9.0,0.25,0.48813711019581263,0.5397657559266711,0.367670270157143,,,,1.1717286478513727,0.0007233310086610005,18.7358567770799,0.8
5,2014-09-16,bad_011,bad,False,False,,failure,0.36000000000000004,-3.2630718412733017,2.5,8.0,2.5,8.0,0.23809523809523808,0.2749942208632686,0.3714579813450158,0.04991211307252518,,,,0.3190427598906143,0.00019697585110111494,4.924623422436818,0.6
5,2014-09-16,bad_012,bad,False,False,,success,0.8200000000000002,4.058359436097348,2.5,8.0,3.0,8.0,0.2727272727272727,0.3439433260655015,0.42485310468317516,0.15515384262426296,,,,0.6901263569519117,0.0003157470208980398,10.999484010308056,0.7
5,2014-09-16,bad_013,bad,False,False,,success,0.9400000000000001,2.5751699401996717,2.5,8.0,3.0,8.0,0.2727272727272727,0.3270252096395218,0.3962138756975888,0.16558498883736558,,,,0.39252619726984034,0.0002573874132238862,6.241635490545694,0.7
5,2014-09-16,bad_014,bad,False,False,,failure,0.36000000000000004,-2.268682700698463,2.0,8.0,2.0,8.0,0.2,0.37183888219993283,0.410563272069169,0.28148197250504864,,,,0.714611241123712,0.0004579188389616011,11.373720920416101,0.75
5,2014-09-16,bad_015,bad,False,True,False,,,,3.0,8.0,3.0,9.0,0.25,0.42137841829792794,0.4307785784779407,0.3994447112112315,0.7755102040816326,0.7992296093732068,0.00045977430002158216,0.7992298065720956,0.00045977430002158216,12.745391179734135,0.75
5,2014-09-16,bad_016,bad,False,False,,success,0.8200000000000002,3.691812347080642,3.5,8.0,4.0,8.0,0.3333333333333333,0.36838945480279944,0.4439031989822392,0.1921907183841068,,,,0.30137118426022,0.0002202338132914938,4.861687544882504,0.6
5,2014-09-16,bad_017,bad,False,True,False,,,,4.0,8.0,4.0,9.0,0.3076923076923077,0.41141978809006097,0.5094552862973738,0.1826702922729979,0.7959183673469388,0.7908257219798882,0.00044812700591229625,0.7908259172051457,0.00044812700591229625,12.48539717576715,0.8
5,2014-09-16,bad_018,bad,True,False,,,,,3.0,8.0,3.0,8.0,0.2727272727272727,0.4891139341221681,0.5339456680569953,0.38450655494090485,,,,1.0501071779027764,0.0006882622548319457,16.62875649748904,0.9
5,2014-09-16,bad_019,bad,False,True,True,,,,3.5,8.0,4.5,8.0,0.36,0.4309615720967417,0.4884132399152271,0.29690768052027583,0.5306122448979592,1.0468543555102479,0.0005576958728191516,1.046854630160336,0.0005576958728191516,16.449718272287857,0.9
5,2014-09-16,bad_020,bad,False,True,False,,,,3.5,8.0,3.5,9.0,0.28,0.27438635989270427,0.317233451758564,0.1744098122056983,1.0,-0.1214270456400257,-7.945340990067307e-05,-0.1214270707944055,-7.945340990067307e-05,-1.851097198127219,0.5
5,2014-09-16,bad_021,bad,False,False,,failure,0.39000000000000007,-4.195767820123919,3.0,9.0,3.0,9.0,0.25,0.3604387944378057,0.3680013041560002,0.3427929384286853,,,,0.1490317062165963,8.332956164802296e-05,2.5416899430575484,0.45
5,2014-09-16,bad_022,bad,False,False,,failure,0.39000000000000007,-10.522055701501642,2.5,8.0,2.5,8.0,0.23809523809523808,0.3763922448038795,0.4472415705986082,0.21107715128284602,,,,0.4542862981703497,0.00025239765167533134,7.289314589212837,0.7
5,2014-09-16,bad_023,bad,False,False,,success,0.9400000000000001,5.062834325760619,2.5,8.0,3.0,8.0,0.2727272727272727,0.34354767790193114,0.36131708996192374,0.302085716428615,,,,0.7878379484377811,0.0005863473499627634,12.516771783589398,0.8
5,2014-09-16,bad_024,bad,False,False,,success,0.8200000000000002,0.10342910468349942,3.0,9.0,3.5,9.0,0.28,0.4146326904163624,0.4787838545453882,0.26494664078196906,,,,0.9330751479142574,0.0005435992552397483,14.99701335969437,0.75
5,2014-09-16,bad_025,bad,False,False,,failure,0.5100000000000001,-4.998757537196596,3.0,8.0,3.0,8.0,0.2727272727272727,0.3601958639251559,0.39484963400165984,0.27933706707998024,,,,0.6293265248797908,0.00035207045986085736,9.751323476615058,0.9
5,2014-09-16,bad_026,bad,False,False,,failure,0.39000000000000007,-1.0612310885453837,2.5,8.0,2.5,8.0,0.23809523809523808,0.4365623084900137,0.5027513087154273,0.2821213079640487,,,,1.0522876157195975,0.000570715289358444,16.561993392855328,0.85
5,2014-09-16,bad_027,bad,False,False,,success,0.9700000000000001,3.16266410667221,2.0,8.0,2.5,8.0,0.23809523809523808,0.41009112615312615,0.5462346156730205,0.09242298394003959,,,,1.934006420008756,0.0008300208056963912,30.320242564799262,0.95
5,2014-09-16,bad_028,bad,False,False,,success,0.9400000000000001,1.8271151123563811,2.5,8.0,3.0,8.0,0.2727272727272727,0.43183174603031427,0.4236589188394314,0.45090167614237425,,,,0.9292144166923032,0.0004773795772564959,14.679388336068797,0.75
5,2014-09-16,bad_029,bad,False,False,,failure,0.39000000000000007,-0.9406219862495817,3.0,9.0,3.0,9.0,0.25,0.3239858975570116,0.4001612130469273,0.14624349474720832,,,,0.3747683277652396,0.0002242708948397864,5.980907005449105,0.65
5,2014-09-16,bad_030,bad,False,False,,failure,0.39000000000000007,-4.697953925023114,2.5,9.0,2.5,9.0,0.21739130434782608,0.42358661645081297,0.42317316038064634,0.4245513472812018,,,,0.7872811985250016,0.0004612319041798716,12.27450743390547,0.75
5,2014-09-16,bad_031,bad,False,False,,neutral,0.39000000000000007,-0.05322802271354021,2.0,8.0,2.0,8.0,0.2,0.3790753143070629,0.4617321160547775,0.18620944356239563,,,,0.928946874648585,0.0004334325253383223,14.773108281837745,0.8
5,2014-09-16,bad_032,bad,False,False,,success,0.8200000000000002,3.9905095578267265,2.0,8.0,2.5,8.0,0.23809523809523808,0.3748280962138679,0.4279817974938064,0.2508027932273449,,,,0.3845068331984622,0.00022043786292033404,5.993676589881487,0.7
5,2014-09-16,bad_033,bad,False,False,,success,0.91,0.07100005439393442,2.0,9.0,2.5,9.0,0.21739130434782608,0.2726328301228995,0.35407070378791644,0.08261112490452666,,,,0.42167515141949286,0.0002134203050630214,6.783526780071007,0.65
5,2014-09-16,bad_034,bad,False,True,True,,,,3.5,8.0,4.5,8.0,0.36,0.3933160117594531,0.4797246065752717,0.19169595718920968,0.40816326530612246,1.34756453364642,0.0006802619505283016,1.3475649097591391,0.0006802619505283016,21.192274290036863,0.9
5,2014-09-16,bad_035,bad,False,False,,success,0.9400000000000001,3.898134240394839,2.5,9.0,3.0,9.0,0.25,0.4162683731208153,0.46369669516440887,0.3056022883524305,,,,0.9579729225853474,0.0005360418322302026,15.365095490631052,0.75
5,2014-09-16,bad_036,bad,False,False,,success,0.9400000000000001,2.0752445868498057,2.5,8.0,3.0,8.0,0.2727272727272727,0.3558755161913916,0.44922276437891684,0.1380652704204995,,,,0.4056229443905647,0.00026578865929080975,6.530881246726527,0.75
5,2014-09-16,bad_037,bad,True,False,,,,,2.5,8.0,2.5,8.0,0.23809523809523808,0.45002403962555226,0.5566491626557076,0.20123208588852326,,,,1.721882952946889,0.0007775739416296905,27.387803460809682,0.9
5,2014-09-16,bad_038,bad,False,False,,failure,0.39000000000000007,-1.5500311838622736,3.0,9.0,3.0,9.0,0.25,0.3598991887721854,0.4231261895539406,0.2123695202814233,,,,0.9368308444549156,0.0005424413533170493,14.94372585981507,0.8
5,2014-09-16,bad_039,bad,False,False,,failure,0.39000000000000007,-0.2994703559921845,2.5,9.0,2.5,9.0,0.21739130434782608,0.29653638562221263,0.3749867223080553,0.1134856000219132,,,,0.7172005214982684,0.0005566652397417702,11.24547652700561,0.65
5,2014-09-16,bad_040,bad,False,False,,failure,0.39000000000000007,-3.72765297581806,3.0,8.0,3.0,8.0,0.2727272727272727,0.42710211870650844,0.46350086965392845,0.3421716998291952,,,,0.3337404504075995,0.0002144790560254232,5.333599720569586,0.5
5,2014-09-16,bad_041,bad,False,False,,success,0.8200000000000002,4.183633166758327,3.0,8.0,3.5,8.0,0.30434782608695654,0.40306400001083686,0.3901967207990432,0.4330876515050221,,,,0.5788233667645809,0.0003161139699652405,9.32616112876247,0.65
5,2014-09-16,bad_042,bad,False,False,,failure,0.5100000000000001,-3.4062300485320662,2.5,8.0,2.5,8.0,0.23809523809523808,0.34597407992093426,0.431584861902164,0.1462155886313984,,,,0.43430908234557636,0.0003360056186521829,6.772686544863978,0.7
5,2014-09-16,bad_043,bad,False,False,,failure,0.36000000000000004,-1.4804401276110468,2.5,8.0,2.5,8.0,0.23809523809523808,0.331298439611523,0.4162361535426125,0.13311044043898088,,,,0.5137315299290196,0.00026941762444208033,7.999736615093546,0.7
5,2014-09-16,bad_044,bad,False,True,False,,,,3.0,8.0,3.0,9.0,0.25,0.3745470173594321,0.4123061202860612,0.28644244386396417,0.7551020408163265,0.8245458960643356,0.00038329629935501754,0.8245461485470168,0.00038329629935501754,13.374629700068947,0.75
5,2014-09-16,bad_045,bad,True,False,,,,,3.0,8.0,3.5,8.0,0.30434782608695654,0.4717670430832126,0.5353547149414498,0.32339580874732576,,,,1.6348876606473033,0.0008665481752547338,25.84279550051473,0.9
5,2014-09-16,bad_046,bad,False,False,,failure,0.39000000000000007,-0.6476644369119526,3.0,9.0,3.0,9.0,0.25,0.3611510335979222,0.49307201759035807,0.05333540428223876,,,,0.7115231569593695,0.0004419357199927054,11.258452636610572,0.75
5,2014-09-16,bad_047,bad,False,True,False,,,,2.5,8.0,2.5,9.0,0.21739130434782608,0.3664617683541493,0.4623746188286748,0.142665117246923,0.9183673469387755,0.4309663771862528,0.0002626570058349951,0.4309664782647985,0.0002626570058349951,6.970499227775211,0.7
5,2014-09-16,bad_048,bad,False,False,,failure,0.39000000000000007,-1.7370783080898349,2.0,8.0,2.0,8.0,0.2,0.34308537513045845,0.41733485028990863,0.16983659975840804,,,,0.34576937220092696,0.00016699582466285764,5.507969588199948,0.55
5,2014-09-16,bad_049,bad,False,True,True,,,,2.0,8.0,3.0,8.0,0.2727272727272727,0.42079536390219013,0.4706909145455279,0.30437241240106866,0.46938775510204084,1.1736898648807537,0.0005851521028974035,1.1736901967068425,0.0005851521028974035,18.648448571567627,0.9
6,2014-10-15,good_000,good,True,True,True,,,,12.0,2.0,13.0,2.0,0.8666666666666667,0.6358703918299874,0.5828906266865227,0.7594898438314052,0.2653061224489796,1.4337708304583026,0.0008948814298872022,1.433771148642697,0.0008948814298872022,22.924391258146834,0.9
6,2014-10-15,good_001,good,True,True,True,,,,11.0,3.0,12.0,3.0,0.8,0.7292645768468015,0.6277616651446281,0.9661047041518729,0.04081632653061224,3.022780660493109,0.00104235169714223,3.022781877641336,0.00104235169714223,49.449436518627024,1.0
6,2014-10-15,good_002,good,True,True,False,,,,11.0,3.0,11.0,4.0,0.7333333333333333,0.5226659293677463,0.4153018621159517,0.7731820862886002,0.8775510204081632,0.6120425146548861,0.0004149070309314979,0.6120426396252737,0.0004149070309314979,9.697598121303788,0.8
6,2014-10-15,good_003,good,True,True,True,,,,12.0,2.0,13.0,2.0,0.8666666666666667,0.676967052594172,0.562135873867512,0.9449064696230456,0.08163265306122448,2.5701107865979633,0.0008161794649572479,2.5701119058263124,0.0008161794649572479,39.63337207871108,1.0
6,2014-10-15,good_004,good,True,True,False,,,,12.0,2.0,12.0,3.0,0.8,0.5227902335206862,0.4778819098739383,0.6275763220297647,0.5510204081632653,1.0492197776342638,0.0005959305229352894,1.0492200317403177,0.0005959305229352894,16.62814013173148,0.8
6,2014-10-15,good_005,good,True,True,False,,,,12.0,2.0,12.0,3.0,0.8,0.5649706964441108,0.46074391543783666,0.8081665187920838,0.5306122448979592,1.0518986310338745,0.0005873437566280319,1.0518988928133346,0.0005873437566280319,16.931260025309864,0.9
6,2014-10-15,good_006,good,True,True,True,,,,11.0,3.0,12.0,3.0,0.8,0.6317122631358587,0.5088091711611892,0.9184861444100879,0.40816326530612246,1.1395283935391596,0.0006259419508679396,1.1395286824839521,0.0006259419508679396,18.052107340480156,0.75
6,2014-10-15,good_007,good,True,True,False,,,,11.0,3.0,11.0,4.0,0.7333333333333333,0.5437881528018268,0.4416140376451898,0.7821944215006466,0.8979591836734694,0.5523098077147348,0.00038299022693574845,0.5523099171771408,0.00038299022693574845,8.820528317078953,0.75
6,2014-10-15,good_008,good,True,True,False,,,,10.0,4.0,10.0,5.0,0.6666666666666666,0.5674954774367537,0.4867967182091343,0.755792582301199,0.4897959183673469,1.0891898083230338,0.0005086907334833191,1.0891901301129907,0.0005086907334833191,17.25248256924359,0.85
6,2014-10-15,good_009,good,True,True,True,,,,9.5,4.0,10.5,4.0,0.7241379310344828,0.6552479679867684,0.5643598773317912,0.8673201795150487,0.24489795918367346,1.4463806581330154,0.0007157505210298126,1.446381061513867,0.0007157505210298126,22.65485800536917,0.9
6,2014-10-15,good_010,good,True,True,True,,,,12.0,2.0,13.0,2.0,0.8666666666666667,0.6886052942900405,0.5875467562601022,0.9244085496932297,0.1836734693877551,1.6731472977837638,0.0008812264148776019,1.6731477369160264,0.0008812264148776019,26.395232680277406,0.9
6,2014-10-15,good_011,good,True,True,True,,,,11.0,3.0,12.0,3.0,0.8,0.6802922016473336,0.6416021972548551,0.770568878563117,0.0,4.407500615260858,0.001027226227516696,4.4075032245967245,0.001027226227516696,68.26530364242032,1.0
6,2014-10-15,good_012,good,True,True,True,,,,12.0,2.0,13.0,2.0,0.8666666666666667,0.6415117852165648,0.5355463785396897,0.8887644007959402,0.22448979591836735,1.5475280142296146,0.0007535961510148594,1.5475284512386056,0.0007535961510148594,24.506924093562272,0.9
6,2014-10-15,good_013,good,True,True,False,,,,11.0,3.0,11.0,4.0,0.7333333333333333,0.5850727995452764,0.5158000746269594,0.7467091576880159,0.5102040816326531,1.0564275613278147,0.0005210705007627195,1.0564278541371581,0.0005210705007627195,16.54898892240757,0.8
6,2014-10-15,good_014,good,False,True,False,,,,9.5,4.0,9.5,5.0,0.6551724137931034,0.4354451444845192,0.34291413053896,0.6513508436908241,0.9387755102040817,0.5121978761627888,0.0003780604904602626,0.5121979742282641,0.0003780604904602626,8.307823066663172,0.7
6,2014-10-15,good_015,good,True,True,True,,,,10.0,4.0,11.0,4.0,0.7333333333333333,0.5727317974631079,0.5511389139911929,0.6231151922309098,0.12244897959183673,2.0728774474388247,0.0009132804247951928,2.0728780944555214,0.0009132804247951928,32.99011047000787,0.95
6,2014-10-15,good_016,good,True,True,False,,,,12.0,2.0,12.0,3.0,0.8,0.6077916374791105,0.5066095372967842,0.8438832045712054,0.9183673469387755,0.5450898661345374,0.00041519152019292674,0.5450899672232646,0.00041519152019292674,8.818085045618941,0.8
6,2014-10-15,good_017,good,True,True,True,,,,10.0,4.0,11.0,4.0,0.7333333333333333,0.5346102165654261,0.4710777870888525,0.6828525520107643,0.46938775510204084,1.0912031287390513,0.0005926071302736218,1.0912034079151223,0.0005926071302736218,17.48117863917457,0.9
6,2014-10-15,good_018,good,True,True,True,,,,12.0,2.0,13.0,2.0,0.8666666666666667,0.6629596981930347,0.53317250801257,0.9657964752807858,0.3673469387755102,1.2035569070575967,0.0006477121817823522,1.2035572176497693,0.0006477121817823522,19.27586226443181,0.85
6,2014-10-15,good_019,good,True,True,True,,,,11.0,3.0,12.0,3.0,0.8,0.6712565681427212,0.6123825680618206,0.8086292349981559,0.02040816326530612,3.1541176636242008,0.0010168378103420324,3.154119018870362,0.0010168378103420324,49.532325998129714,1.0
6,2014-10-15,medium_000,medium,False,False,,failure,0.39000000000000007,-1.3496260853901134,6.0,8.0,6.0,8.0,0.42857142857142855,0.43577290476374,0.40498162527922865,0.5076192235609333,,,,0.6756065646590012,0.0003419004801997313,10.764626514364387,0.75
6,2014-10-15,medium_001,medium,True,True,True,,,,7.0,6.0,8.0,6.0,0.5714285714285714,0.45706872926717407,0.4901337046465906,0.37991712004853556,0.3877551020408163,1.1951801068558674,0.0005971620937541007,1.1951804382547335,0.0005971620937541007,19.097045480046173,0.9
6,2014-10-15,medium_002,medium,True,True,False,,,,7.0,7.0,7.0,8.0,0.4666666666666667,0.5428933782398805,0.47310941235849896,0.7057226319631043,0.8163265306122449,0.8001750516356916,0.0004723333618039038,0.8001752382840579,0.0004723333618039038,12.58152432981805,0.7
6,2014-10-15,medium_003,medium,True,True,True,,,,8.0,6.0,9.0,6.0,0.6,0.5467512480326886,0.4973959629644267,0.6619135798586331,0.2857142857142857,1.3336142937748798,0.0007169350752577493,1.3336146374427973,0.0007169350752577493,21.552791762849708,0.9
6,2014-10-15,medium_004,medium,True,True,True,,,,5.5,6.0,6.5,6.0,0.52,0.5159923886189385,0.5326749397622963,0.47706643595110365,0.20408163265306123,1.6666429225670487,0.0007188930476841628,1.6666434588473777,0.0007188930476841628,26.31747044793206,0.95
6,2014-10-15,medium_005,medium,False,False,,success,0.9400000000000001,5.3042068168275165,7.0,6.0,7.5,6.0,0.5555555555555556,0.44729121235780006,0.5083081826904724,0.3049182815815647,,,,1.5926510220082415,0.0007593613015150848,25.54360859860085,0.9
6,2014-10-15,medium_006,medium,False,False,,success,0.9400000000000001,0.9137227073322833,7.0,7.0,7.5,7.0,0.5172413793103449,0.434877102672407,0.4034366333239968,0.5082381978186974,,,,0.6415118144641809,0.0003415491613560773,10.373667030966264,0.85
6,2014-10-15,medium_007,medium,True,True,False,,,,6.5,7.0,6.5,8.0,0.4482758620689655,0.480786593668144,0.476745183295405,0.49021655120453506,0.6530612244897959,0.9681652134724188,0.000488841515628779,0.968165479577928,0.000488841515628779,15.376677273439274,0.7
6,2014-10-15,medium_008,medium,True,True,False,,,,8.0,6.0,8.0,7.0,0.5333333333333333,0.5004180377743983,0.47998431585338797,0.548096722256756,0.7346938775510204,0.9137496596344055,0.0004958295575066671,0.913749890559483,0.0004958295575066671,14.423678050665936,0.7
6,2014-10-15,medium_009,medium,False,True,False,,,,9.0,5.0,9.0,6.0,0.6,0.43260392114738333,0.3843752570180722,0.5451374707824428,1.0,0.31545760958897073,0.00019222127681826402,0.31545767907417005,0.00019222127681826402,4.9134312336483195,0.55
6,2014-10-15,medium_010,medium,False,True,False,,,,7.0,7.0,7.0,8.0,0.4666666666666667,0.44687641967602143,0.4150919381537624,0.5210402098946258,0.9795918367346939,0.3303428230241115,0.0002333370705090306,0.3303428867992993,0.0002333370705090306,5.2067764244059545,0.6
6,2014-10-15,medium_011,medium,True,True,False,,,,7.0,7.0,7.0,8.0,0.4666666666666667,0.47737569356197385,0.4588553749521512,0.5205897703182267,0.7142857142857143,0.9240015689605694,0.0005576056103292956,0.9240017833099825,0.0005576056103292956,14.851546179049599,0.75
6,2014-10-15,medium_012,medium,True,True,True,,,,7.5,6.0,8.5,6.0,0.5862068965517241,0.5673206546626475,0.5376068070374559,0.6366529657880947,0.14285714285714285,2.066325237954041,0.0009897872053587235,2.066325836360709,0.0009897872053587235,32.91862765281769,0.95
6,2014-10-15,medium_013,medium,False,True,False,,,,5.5,7.0,5.5,8.0,0.4074074074074074,0.4013345310839092,0.4444232454369408,0.3007941975935023,0.7551020408163265,0.869023613626591,0.0005896025217088381,0.8690237910992168,0.0005896025217088381,13.767616416753757,0.8
6,2014-10-15,medium_014,medium,True,False,,,,,8.0,6.0,8.5,6.0,0.5862068965517241,0.4841072656175792,0.4518750746212914,0.5593157112755841,,,,0.4744930541555665,0.000342221653366414,7.410213563456399,0.8
6,2014-10-15,medium_015,medium,False,True,False,,,,6.5,7.0,6.5,8.0,0.4482758620689655,0.38831449353202385,0.3990829883741219,0.36318800556712855,0.5918367346938775,1.0148108239788332,0.000689898982781228,1.0148110353513617,0.000689898982781228,16.471081545311982,0.85
6,2014-10-15,medium_016,medium,True,True,True,,,,6.5,7.0,7.5,7.0,0.5172413793103449,0.5064177497151685,0.5147906482072293,0.48688098656702683,0.30612244897959184,1.263958949099254,0.000592413862275087,1.2639593238334235,0.000592413862275087,19.899510326904743,0.9
6,2014-10-15,medium_017,medium,True,True,True,,,,5.0,6.0,6.0,6.0,0.5,0.5098922108526109,0.4435870968045574,0.6646041436314029,0.673469387755102,0.9343559676167136,0.0003703408420486183,0.9343562998024827,0.0003703408420486183,14.846310633910722,0.75
6,2014-10-15,medium_018,medium,True,True,True,,,,6.5,7.0,7.5,7.0,0.5172413793103449,0.5354124428426791,0.4905969736222984,0.6399818710235673,0.6122448979591837,0.9843007056514741,0.0006243670915194042,0.9843009196186543,0.0006243670915194042,15.626060468506793,0.75
6,2014-10-15,medium_019,medium,True,True,True,,,,6.5,6.0,7.5,6.0,0.5555555555555556,0.5115354372339919,0.5430387311803839,0.43802775135907723,0.3469387755102041,1.233376552512108,0.0007468930268414071,1.2333768367274756,0.0007468930268414071,19.863695355167007,0.85
6,2014-10-15,medium_020,medium,True,True,True,,,,8.0,6.0,9.0,6.0,0.6,0.6108590042545764,0.5913125588545595,0.656467376854616,0.10204081632653061,2.350561323363427,0.0009777202808307845,2.3505621003188844,0.0009777202808307845,36.799078135204766,1.0
6,2014-10-15,medium_021,medium,True,True,True,,,,9.0,5.0,10.0,5.0,0.6666666666666666,0.5862883997001838,0.5026949394402753,0.7813398069733036,0.32653061224489793,1.2388542450243853,0.0006419079261078596,1.2388545788828302,0.0006419079261078596,19.831953362241656,0.85
6,2014-10-15,medium_022,medium,True,True,True,,,,7.0,6.0,8.0,6.0,0.5714285714285714,0.5423877867326551,0.5251650822851923,0.5825740971100682,0.6938775510204082,0.9298498341382949,0.000594492716784056,0.9298500363077866,0.000594492716784056,14.842066984307635,0.8
6,2014-10-15,medium_023,medium,True,True,True,,,,6.0,7.0,7.0,7.0,0.5,0.5745226898128755,0.5424004764467848,0.6494745210004204,0.5714285714285714,1.017865103123373,0.0005437277380833083,1.017865361408801,0.0005437277380833083,15.847096942289637,0.85
6,2014-10-15,medium_024,medium,True,False,,,,,5.5,7.0,6.0,7.0,0.46153846153846156,0.5335709498220833,0.5009865630313857,0.6096011856670447,,,,1.746316403353345,0.0008201942302673921,27.366139872403654,0.95
6,2014-10-15,medium_025,medium,True,True,False,,,,7.0,6.0,7.0,7.0,0.5,0.4918065205095785,0.502247311313371,0.46744467530072975,0.42857142857142855,1.102105943224735,0.0006816342212633481,1.1021061873308573,0.0006816342212633481,17.57427828577521,0.9
6,2014-10-15,medium_026,medium,False,True,False,,,,7.5,6.0,7.5,7.0,0.5172413793103449,0.4552990522296432,0.4080494138759234,0.5655482083883226,0.9591836734693877,0.4543772504597657,0.00018489696963392338,0.45437740223842893,0.00018489696963392338,7.164241114374019,0.65
6,2014-10-15,medium_027,medium,True,True,True,,,,6.0,6.0,7.0,6.0,0.5384615384615384,0.5161299467368352,0.4777966035669879,0.6055744141331458,0.6326530612244898,0.9812569805034899,0.000521621418869259,0.9812572361088318,0.000521621418869259,15.71470084621148,0.85
6,2014-10-15,medium_028,medium,True,True,True,,,,8.0,5.0,9.0,5.0,0.6428571428571429,0.6464648652055986,0.6145480503790912,0.7209374331341161,0.16326530612244897,1.9467512711506243,0.0009080563984814333,1.9467518523272518,0.0009080563984814333,30.7791076821411,0.9
6,2014-10-15,medium_029,medium,True,True,False,,,,7.5,6.0,7.5,7.0,0.5172413793103449,0.4663265059413343,0.498117265484787,0.3921480670066113,0.8571428571428571,0.6586756768956002,0.0004344794230745747,0.658675815676319,0.0004344794230745747,10.574859372833098,0.65
6,2014-10-15,bad_000,bad,True,True,True,,,,3.0,9.0,4.0,9.0,0.3076923076923077,0.49603868881581276,0.5981881263727361,0.2576900011829917,0.061224489795918366,2.724970114201424,0.0009800964548647624,2.724971161595346,0.0009800964548647624,42.93149125082232,1.0
6,2014-10-15,bad_001,bad,False,False,,success,0.8200000000000002,4.1961310310722695,2.5,9.0,3.0,9.0,0.25,0.38348954146223724,0.3701434000844791,0.4146305380103396,,,,0.5923651582195963,0.0004277819559108902,9.492911833747657,0.75
6,2014-10-15,bad_002,bad,False,False,,success,0.9400000000000001,1.5642961291784871,3.0,9.0,3.5,9.0,0.28,0.42969538198257484,0.5016519321134211,0.26179676501060034,,,,1.542765926542061,0.0006863505301303831,24.545644865661558,0.85
6,2014-10-15,bad_003,bad,False,False,,success,0.8200000000000002,0.6388252662324021,3.0,10.0,3.5,10.0,0.25925925925925924,0.42605874091747326,0.5184528067950361,0.2104725872031598,,,,0.8161269798415336,0.0005511819756335107,12.373956264341512,0.75
6,2014-10-15,bad_004,bad,False,False,,success,0.8500000000000002,4.5163111176097885,3.0,8.0,3.5,8.0,0.30434782608695654,0.44256928676844565,0.5703130678659761,0.1445004642075412,,,,1.7650148563051777,0.0008259643001118549,27.617020019630587,0.95
6,2014-10-15,bad_005,bad,False,False,,success,0.8200000000000002,4.004451365419953,2.5,9.0,3.0,9.0,0.25,0.4376586197244963,0.49333932330203567,0.3077369780435712,,,,0.8669769247745456,0.0004758254516861078,13.761632147687914,0.75
6,2014-10-15,bad_006,bad,True,False,,,,,2.5,9.0,3.0,9.0,0.25,0.4807448502317033,0.5621168057414908,0.29087695404219915,,,,1.4499261277652387,0.0009053541764253708,22.97299719582825,0.9
6,2014-10-15,bad_007,bad,False,False,,success,0.91,0.6666465246911457,4.0,8.0,4.5,8.0,0.36,0.34785469435187283,0.4132791618933907,0.19519760342166464,,,,0.6445924721256391,0.0003253493440990297,10.211081893247012,0.65
6,2014-10-15,bad_008,bad,False,False,,failure,0.39000000000000007,-1.3167513507510762,2.0,8.0,2.0,8.0,0.2,0.3214628590395798,0.4289544215580361,0.07064921316318186,,,,0.631593927943853,0.0004218975950209391,9.968221447421588,0.8
6,2014-10-15,bad_009,bad,False,False,,failure,0.39000000000000007,-0.697081661755675,3.0,8.0,3.0,8.0,0.2727272727272727,0.29056819296807024,0.3440268757959461,0.1658312663696933,,,,0.14854149670142314,7.730865488688067e-05,2.451705323732575,0.5
6,2014-10-15,bad_010,bad,False,True,False,,,,3.0,9.0,3.0,10.0,0.23076923076923078,0.427148951144696,0.5044891068874253,0.24668858774499416,0.7755102040816326,0.8409145983348424,0.000496389105004611,0.8409147948662176,0.000496389105004611,13.342812728276131,0.85
6,2014-10-15,bad_011,bad,False,False,,success,0.8200000000000002,3.0594885801872778,2.5,8.0,3.0,8.0,0.2727272727272727,0.2739404982703604,0.3663863275602743,0.058233563260561234,,,,1.0414642606858735,0.0005964548838613214,16.55600294617959,0.8
6,2014-10-15,bad_012,bad,True,False,,,,,3.0,8.0,3.0,8.0,0.2727272727272727,0.45752415931815354,0.5190831307237129,0.3138865593718484,,,,1.4295644689240383,0.0008058276312673202,22.51340508135764,0.9
6,2014-10-15,bad_013,bad,False,False,,failure,0.48000000000000004,-2.2903221176348723,3.0,8.0,3.0,8.0,0.2727272727272727,0.29020602228666204,0.3129344823331539,0.23717294884484774,,,,0.16518154283612438,9.50371619081455e-05,2.6599586532517567,0.5
6,2014-10-15,bad_014,bad,False,False,,failure,0.5100000000000001,-1.7150886438476363,2.0,8.0,2.0,8.0,0.2,0.40655995696285435,0.46875399791482986,0.2614405280749115,,,,0.6023580793015817,0.00040385730678713035,9.522039777075832,0.65
6,2014-10-15,bad_015,bad,False,False,,neutral,0.39000000000000007,-0.014170809801214546,3.0,9.0,3.0,9.0,0.25,0.3104405536510685,0.3976904424338106,0.10685747982467049,,,,0.5231986794294102,0.00026594300400033103,8.271931333158497,0.65
6,2014-10-15,bad_016,bad,False,False,,failure,0.36000000000000004,-3.0662941618821407,4.0,8.0,4.0,8.0,0.3333333333333333,0.29790600588599453,0.29518278131833653,0.3042601965438632,,,,0.14942795977184042,0.00011329827634663745,2.382773966887891,0.55
6,2014-10-15,bad_017,bad,True,False,,,,,4.0,9.0,4.0,9.0,0.3076923076923077,0.5242833351025014,0.5737425022210239,0.4088786118259489,,,,1.5352506207353407,0.0008195590862459183,24.608078278280207,0.9
6,2014-10-15,bad_018,bad,False,True,False,,,,3.0,8.0,3.0,9.0,0.25,0.40288521609338224,0.48180809702433325,0.2187318272544966,0.7959183673469388,0.8078009950294269,0.0005008290294286199,0.8078011767167635,0.0005008290294286199,12.917975333958315,0.85
6,2014-10-15,bad_019,bad,True,False,,,,,4.5,8.0,5.0,8.0,0.38461538461538464,0.4705866244634104,0.5391381571174941,0.3106330482705484,,,,0.9864438881556995,0.00072325471220619,15.78084349479608,0.85
6,2014-10-15,bad_020,bad,False,False,,success,0.7900000000000001,0.3652890840537424,3.5,9.0,4.0,9.0,0.3076923076923077,0.2948728904788984,0.36707648458583636,0.12639783756270986,,,,0.3609833045222916,0.0002529188314115619,5.7731802894308615,0.5
6,2014-10-15,bad_021,bad,False,False,,success,0.9400000000000001,7.757492387784694,3.0,9.0,3.5,9.0,0.28,0.378636926109418,0.4607298874005392,0.18708668309680196,,,,1.0273987913592775,0.00048435371830503934,16.41243249343609,0.8
6,2014-10-15,bad_022,bad,False,False,,failure,0.39000000000000007,-0.8657349252191011,2.5,8.0,2.5,8.0,0.23809523809523808,0.4307934226470763,0.49554506703841006,0.27970625240063113,,,,0.8434599029392411,0.0005085369914701284,13.396275948552907,0.8
6,2014-10-15,bad_023,bad,False,False,,failure,0.5100000000000001,-3.5471304540666893,3.0,8.0,3.0,8.0,0.2727272727272727,0.3301523721242871,0.3806176456231769,0.21240006729354427,,,,0.3484810964155331,0.00024325455517087107,5.566713735826046,0.7
6,2014-10-15,bad_024,bad,False,False,,failure,0.39000000000000007,-4.596450504641155,3.5,9.0,3.5,9.0,0.28,0.3439296111561347,0.4463694812844149,0.10490324752348083,,,,1.0029989334049108,0.000599698873113895,15.901391460883545,0.85
6,2014-10-15,bad_025,bad,False,False,,failure,0.39000000000000007,-2.6445040085931026,3.0,8.0,3.0,8.0,0.2727272727272727,0.34358029536162243,0.4441558504711305,0.10890400010610372,,,,0.7826736974039818,0.00042259582746098455,12.356371129992525,0.75
6,2014-10-15,bad_026,bad,False,False,,failure,0.39000000000000007,-3.4510891349819275,2.5,8.0,2.5,8.0,0.23809523809523808,0.4104830354548922,0.48060508719088246,0.24686491473758157,,,,0.7968075456153462,0.0005201895848239953,12.884312487437237,0.7
6,2014-10-15,bad_027,bad,False,False,,success,0.8500000000000002,1.3018017528876982,2.5,8.0,3.0,8.0,0.2727272727272727,0.4060950267536945,0.44713882649011527,0.31032616070204616,,,,0.8660449940490682,0.0006054741723530282,13.77812135027712,0.8
6,2014-10-15,bad_028,bad,False,False,,failure,0.5100000000000001,-3.3253817004467408,3.0,8.0,3.0,8.0,0.2727272727272727,0.2765578448818555,0.31523829565108497,0.18630345975365345,,,,0.28471826107096254,0.00013959626517515757,4.626310475101181,0.7
6,2014-10-15,bad_029,bad,False,False,,success,0.9400000000000001,5.228129950523183,3.0,9.0,3.5,9.0,0.28,0.39342668228855826,0.43285753165509966,0.30142136709996176,,,,0.7221209054461838,0.0004286753894698177,11.41651681901557,0.75
6,2014-10-15,bad_030,bad,False,False,,success,0.8200000000000002,4.703854873691469,2.5,9.0,3.0,9.0,0.25,0.3892675090416136,0.45029682012171146,0.24686578318805208,,,,1.0918386424368116,0.0005629330061113289,17.381744059887037,0.85
6,2014-10-15,bad_031,bad,False,False,,success,0.9400000000000001,5.550376781620784,2.0,8.0,2.5,8.0,0.23809523809523808,0.4485782742832055,0.4590068402876595,0.4242449536061465,,,,0.7718791556245915,0.0005359988190438752,12.34469601486477,0.7
6,2014-10-15,bad_032,bad,False,False,,failure,0.5100000000000001,-0.8645579997458697,2.5,8.0,2.5,8.0,0.23809523809523808,0.41774078518250435,0.5084617932948077,0.20605843292046325,,,,1.148063609104652,0.000616107302416985,18.102281733939762,0.85
6,2014-10-15,bad_033,bad,False,False,,failure,0.36000000000000004,-0.7248086426042875,2.5,9.0,2.5,9.0,0.21739130434782608,0.31379223172668674,0.4362350865985066,0.028092237025773816,,,,0.6467781205591732,0.00036356798433678187,10.253349993357032,0.85
6,2014-10-15,bad_034,bad,False,False,,success,0.9700000000000001,1.5549167704679832,4.5,8.0,5.0,8.0,0.38461538461538464,0.4143742753460352,0.5038251701219412,0.20565552086892147,,,,1.5591885824043483,0.0008092098316233403,24.64972256467076,0.9
6,2014-10-15,bad_035,bad,False,False,,success,0.9400000000000001,0.8904774563451241,3.0,9.0,3.5,9.0,0.28,0.45139097429953295,0.47361302999013355,0.39953951102146507,,,,0.5506194317051153,0.00038394340881592467,8.726096820190442,0.75
6,2014-10-15,bad_036,bad,True,False,,,,,3.0,8.0,3.5,8.0,0.30434782608695654,0.48323482711301424,0.47616234835915716,0.49973727753868075,,,,1.0839784617177757,0.0005604754034778718,16.94098752581047,0.95
6,2014-10-15,bad_037,bad,True,True,False,,,,2.5,8.0,2.5,9.0,0.21739130434782608,0.47241143167375343,0.4690981880104528,0.48014233355478825,0.8367346938775511,0.7168590276957177,0.0003992922274118859,0.7168592037989728,0.0003992922274118859,11.255984295813107,0.85
6,2014-10-15,bad_038,bad,False,False,,success,0.8200000000000002,7.2076040535495025,3.0,9.0,3.5,9.0,0.28,0.4569611563952083,0.5243525206742194,0.2997146397441823,,,,1.797461153484301,0.0008116585039925912,28.204842123888305,0.95
6,2014-10-15,bad_039,bad,False,False,,success,0.8200000000000002,4.598822308438031,2.5,9.0,3.0,9.0,0.25,0.3778916875124336,0.5288047033985802,0.025761317111424976,,,,1.2992553380876761,0.0006564776311807749,20.45134666692628,0.85
6,2014-10-15,bad_040,bad,False,False,,failure,0.39000000000000007,-4.7749685511105895,3.0,8.0,3.0,8.0,0.2727272727272727,0.38084947200146557,0.3834954221524361,0.37467558831586767,,,,0.7078955523915796,0.0003955520812606667,11.12342941130796,0.85
6,2014-10-15,bad_041,bad,False,False,,failure,0.36000000000000004,-2.0881501321395035,3.5,8.0,3.5,8.0,0.30434782608695654,0.39950977041719715,0.40452309388928354,0.38781201564899553,,,,0.5638598958049389,0.0002846385518189745,8.910225807908876,0.7
6,2014-10-15,bad_042,bad,False,False,,failure,0.39000000000000007,-2.7145411662501573,2.5,8.0,2.5,8.0,0.23809523809523808,0.3838914368434816,0.44233556798989493,0.2475217975018505,,,,0.8468712549016096,0.0004204006607523678,13.416747209200654,0.75
6,2014-10-15,bad_043,bad,False,False,,failure,0.39000000000000007,-0.9837327999296974,2.5,8.0,2.5,8.0,0.23809523809523808,0.34524802565859714,0.4109309313577362,0.19198791236060617,,,,0.7247107914000039,0.00045779835547344726,11.635750384865254,0.75
6,2014-10-15,bad_044,bad,False,False,,failure,0.5100000000000001,-0.7606027435214315,3.0,9.0,3.0,9.0,0.25,0.33603661216953856,0.4056773779181016,0.17354149208955813,,,,0.47183876459003155,0.00026402922260097654,7.465901345686644,0.65
6,2014-10-15,bad_045,bad,True,True,False,,,,3.5,8.0,3.5,9.0,0.28,0.4771070823291501,0.5323849100373731,0.34812548434329665,0.4489795918367347,1.0920812973937284,0.0006429635072039937,1.0920815526076064,0.0006429635072039937,16.91989181893897,0.9
6,2014-10-15,bad_046,bad,False,False,,failure,0.39000000000000007,-0.33248977348443987,3.0,9.0,3.0,9.0,0.25,0.33738729085297475,0.4217676272502165,0.14049983925941079,,,,0.7597151877724385,0.00044743180897462793,12.012831443381373,0.8
6,2014-10-15,bad_047,bad,False,False,,success,0.9400000000000001,1.926265780215175,2.5,9.0,3.0,9.0,0.25,0.37413555731918474,0.507518353866416,0.06290903204231209,,,,0.8579837202322389,0.0005027654996898114,13.851359174870217,0.8
6,2014-10-15,bad_048,bad,False,False,,success,0.9400000000000001,2.9533561399217803,2.0,8.0,2.5,8.0,0.23809523809523808,0.3806754260817103,0.49934282219444426,0.10378483515199788,,,,1.302370234178266,0.0006674869710928037,20.71476326081334,0.85
6,2014-10-15,bad_049,bad,True,False,,,,,3.0,8.0,3.5,8.0,0.30434782608695654,0.5518623279099266,0.5645006393426278,0.5223729345669571,,,,2.1511354550358988,0.0010593929394827123,34.55507546693148,0.95
7,2014-11-13,good_000,good,True,True,True,,,,13.0,2.0,14.0,2.0,0.875,0.6093096149811189,0.5565941110972233,0.7323124573768751,0.12244897959183673,1.8964856760378515,0.0007693381008445099,1.8964863244213066,0.0007693381008445099,30.056080433903013,0.95
7,2014-11-13,good_001,good,True,True,False,,,,12.0,3.0,12.0,4.0,0.75,0.5029934789433557,0.3799266345750104,0.7901494491361616,0.8775510204081632,0.6239958093262892,0.0004053714587867025,0.623995943751323,0.0004053714587867025,9.829588911394456,0.7
7,2014-11-13,good_002,good,False,True,False,,,,11.0,4.0,11.0,5.0,0.6875,0.38348144357741654,0.314802885223744,0.5437314130693193,0.9795918367346939,0.47127547986970847,0.0003772025954679064,0.47127556112186314,0.0003772025954679064,7.4212858431462445,0.6
7,2014-11-13,good_003,good,True,True,True,,,,13.0,2.0,14.0,2.0,0.875,0.663160603343085,0.5772158666517121,0.8636983222896222,0.4489795918367347,1.2824234844302589,0.0007586082642523655,1.282423788256309,0.0007586082642523655,20.52585436601321,0.9
7,2014-11-13,good_004,good,True,True,True,,,,12.0,3.0,13.0,3.0,0.8125,0.6400606300119422,0.5697920198167643,0.8040207204673575,0.22448979591836735,1.650170204835075,0.0008302437455145794,1.6501706658426405,0.0008302437455145794,26.126178368735204,0.9
7,2014-11-13,good_005,good,True,True,True,,,,12.0,3.0,13.0,3.0,0.8125,0.6175034396312502,0.5352938892265531,0.809325723908877,0.20408163265306123,1.716801101534641,0.0006955606091100057,1.7168016909445074,0.0006955606091100057,27.331488685046686,0.95
7,2014-11-13,good_006,good,True,True,False,,,,12.0,3.0,12.0,4.0,0.75,0.576899253842731,0.492129975619636,0.7746942363632862,0.7959183673469388,0.7336927395715207,0.00042170075855940334,0.7336929189208442,0.00042170075855940334,11.907086756440062,0.7
7,2014-11-13,good_007,good,True,True,True,,,,11.0,4.0,12.0,4.0,0.75,0.6083982154596949,0.5028474339242436,0.854683372375748,0.1836734693877551,1.7231483600090711,0.0005966863033248882,1.723149052960813,0.0005966863033248882,27.76980184799147,1.0
7,2014-11-13,good_008,good,True,True,True,,,,10.0,5.0,11.0,5.0,0.6875,0.5815549790306742,0.5276961601235073,0.7072255564807304,0.42857142857142855,1.3469646688547747,0.0007223388326681953,1.3469650202229448,0.0007223388326681953,21.265859498619857,0.9
7,2014-11-13,good_009,good,True,True,True,,,,10.5,4.0,11.5,4.0,0.7419354838709677,0.6941611592249411,0.6498127627454057,0.7976407510105239,0.0,3.3435183228042518,0.0011215188200636799,3.3435197095196214,0.0011215188200636799,51.355340188506425,1.0
7,2014-11-13,good_010,good,True,True,True,,,,13.0,2.0,14.0,2.0,0.875,0.6874256751370771,0.5965801215420887,0.8993986335253836,0.10204081632653061,1.9060671444822312,0.0008562967223705158,1.9060677327114532,0.0008562967223705158,30.1814627262287,0.95
7,2014-11-13,good_011,good,True,True,True,,,,12.0,3.0,13.0,3.0,0.8125,0.6394522675852385,0.5439888233552882,0.8622003041217894,0.32653061224489793,1.411196247087253,0.000694241132850742,1.4111966492852068,0.000694241132850742,22.394514115680263,0.9
7,2014-11-13,good_012,good,True,True,False,,,,13.0,2.0,13.0,3.0,0.8125,0.549121713378328,0.3818195788990304,0.9394933604966894,0.8571428571428571,0.6341345235994326,0.00041336204925097457,0.6341346609375155,0.00041336204925097457,10.053484462084146,0.75
7,2014-11-13,good_013,good,True,True,True,,,,11.0,4.0,12.0,4.0,0.75,0.6207257266014847,0.5353386189895777,0.8199623110292678,0.673469387755102,0.8902521603757982,0.0005816648988518823,0.8902523497519705,0.0005816648988518823,14.01567690248696,0.85
7,2014-11-13,good_014,good,True,False,,,,,9.5,5.0,10.0,5.0,0.6666666666666666,0.5040065076672445,0.45537886167803837,0.6174710149753921,,,,0.9539193848761197,0.0006113712618094494,15.282059605189202,0.8
7,2014-11-13,good_015,good,True,True,False,,,,11.0,4.0,11.0,5.0,0.6875,0.5461868691082646,0.5024463983228928,0.6482479676074655,0.8367346938775511,0.6382625760392855,0.00038447292315489494,0.6382627230252212,0.00038447292315489494,10.07306597334628,0.7
7,2014-11-13,good_016,good,True,True,True,,,,12.0,3.0,13.0,3.0,0.8125,0.6410002663015533,0.5224967677456852,0.9175084295985786,0.3673469387755102,1.3728534803343135,0.000784861237999854,1.3728538138592785,0.000784861237999854,21.65992576981638,0.9
7,2014-11-13,good_017,good,True,True,True,,,,11.0,4.0,12.0,4.0,0.75,0.5727805221296223,0.5552902943396362,0.6135910536395899,0.04081632653061224,2.4276658343839994,0.0010437596407245338,2.427666620668314,0.0010437596407245338,38.54991956792162,0.95
7,2014-11-13,good_018,good,True,True,False,,,,13.0,2.0,13.0,3.0,0.8125,0.5735977980278057,0.42135403435511165,0.9288332465974255,0.8979591836734694,0.5996994246151812,0.0003792034518238686,0.599699557365762,0.0003792034518238686,9.568012052376076,0.65
7,2014-11-13,good_019,good,True,True,True,,,,12.0,3.0,13.0,3.0,0.8125,0.7065685738462477,0.6136021074624802,0.9234903287417054,0.061224489795918366,1.9836769444092825,0.0009488016222003456,1.9836775249555327,0.0009488016222003456,31.327534438315578,1.0
7,2014-11-13,medium_000,medium,True,False,,,,,6.0,8.0,6.5,8.0,0.4482758620689655,0.5455910116122507,0.5556038168996377,0.5222277992750144,,,,1.4816366603252926,0.0008061745376849993,23.32221162715903,0.9
7,2014-11-13,medium_001,medium,True,True,True,,,,8.0,6.0,9.0,6.0,0.6,0.5580948964483791,0.5456421692734488,0.5871512598565499,0.2857142857142857,1.452037679141388,0.0007159115548612041,1.4520380893146003,0.0007159115548612041,23.212604329704384,0.95
7,2014-11-13,medium_002,medium,False,True,False,,,,7.0,8.0,7.0,9.0,0.4375,0.38329492976614726,0.4024291884691323,0.338648326125849,0.9387755102040817,0.4854446993331745,0.0003113318902743062,0.4854448049283368,0.0003113318902743062,7.6432833136734395,0.6
7,2014-11-13,medium_003,medium,False,True,False,,,,9.0,6.0,9.0,7.0,0.5625,0.46592089414430393,0.4167079730554595,0.5807510433516077,0.7755102040816326,0.7345064309036634,0.0004820242281833493,0.7345065852420178,0.0004820242281833493,11.63428021573336,0.8
7,2014-11-13,medium_004,medium,True,True,True,,,,6.5,6.0,7.5,6.0,0.5555555555555556,0.48856149060104687,0.5879677826068522,0.2566134759208344,0.16326530612244897,1.7311869591129583,0.0009482790224234983,1.7311873989833186,0.0009482790224234983,27.490725157040536,0.9
7,2014-11-13,medium_005,medium,True,False,,,,,7.5,6.0,7.5,6.0,0.5555555555555556,0.482027614279934,0.32276091398460605,0.8536499149690329,,,,0.28859981335225987,0.00015465008901365904,4.422789194652097,0.7
7,2014-11-13,medium_006,medium,True,False,,,,,7.5,7.0,8.0,7.0,0.5333333333333333,0.5654199453649769,0.5607553570085215,0.5763039848633728,,,,2.1783850905110005,0.0008635682248510858,34.48387975658555,0.95
7,2014-11-13,medium_007,medium,True,True,False,,,,6.5,8.0,6.5,9.0,0.41935483870967744,0.5258544287610564,0.4972506657313105,0.5925965424971301,0.7142857142857143,0.7664170840395899,0.0004168902587088712,0.7664172820859532,0.0004168902587088712,12.04659206657317,0.8
7,2014-11-13,medium_008,medium,True,True,True,,,,8.0,7.0,9.0,7.0,0.5625,0.5561634707577974,0.5133791499835666,0.655993552564336,0.4897959183673469,1.2475800317538837,0.0006653788009671616,1.2475803597119166,0.0006653788009671616,19.912871657781352,0.85
7,2014-11-13,medium_009,medium,True,False,,,,,9.0,6.0,9.5,6.0,0.6129032258064516,0.5351124204724611,0.45907252647039953,0.712538839810605,,,,0.6573607090890831,0.00039409720961718005,10.34469004254542,0.75
7,2014-11-13,medium_010,medium,True,False,,,,,7.0,8.0,7.5,8.0,0.4838709677419355,0.47671712393934285,0.512750496283009,0.3926392551374555,,,,1.1420817758022372,0.0006860776548082851,18.062198783824304,0.85
7,2014-11-13,medium_011,medium,False,True,False,,,,7.0,8.0,7.0,9.0,0.4375,0.39294772816474105,0.4318347985267311,0.30221123065343103,0.9183673469387755,0.5180169487282221,0.0003090607313904391,0.5180170691962496,0.0003090607313904391,8.207092688941874,0.7
7,2014-11-13,medium_012,medium,True,True,True,,,,8.5,6.0,9.5,6.0,0.6129032258064516,0.650643268824425,0.5854217825710392,0.8028267367489924,0.08163265306122448,1.9738893838174179,0.0007957764251486298,1.9738900667816284,0.0007957764251486298,31.433019638931135,0.95
7,2014-11-13,medium_013,medium,False,False,,failure,0.5400000000000001,-2.063274950013721,5.5,8.0,5.5,8.0,0.4074074074074074,0.4558183213883403,0.5105750598076779,0.32805259840988593,,,,1.2124848418892695,0.0006501721618314359,19.217407439112378,0.9
7,2014-11-13,medium_014,medium,True,True,True,,,,8.5,6.0,9.5,6.0,0.6129032258064516,0.53644296743893,0.4820464182073393,0.6633682489793087,0.30612244897959184,1.4380267129081359,0.0005611433629690835,1.4380272254761726,0.0005611433629690835,22.685626683366998,1.0
7,2014-11-13,medium_015,medium,False,False,,failure,0.5100000000000001,-0.5796748458991487,6.5,8.0,6.5,8.0,0.4482758620689655,0.4532352412639615,0.4576318580588148,0.44297646874263724,,,,1.1610203135055228,0.0007151876890837966,17.99525930239953,0.85
7,2014-11-13,medium_016,medium,True,True,False,,,,7.5,7.0,7.5,8.0,0.4838709677419355,0.5277335691143112,0.47639555584002446,0.6475222667543139,0.6326530612244898,0.9186755958198985,0.0005540843484428189,0.9186758107667244,0.0005540843484428189,14.645054580891424,0.75
7,2014-11-13,medium_017,medium,False,True,False,,,,6.0,6.0,6.0,7.0,0.46153846153846156,0.38493558169087355,0.40255120508861353,0.3438324604294803,1.0,0.27260556654460183,0.000142534421016708,0.2726056387604911,0.000142534421016708,4.264247638516017,0.6
7,2014-11-13,medium_018,medium,True,True,True,,,,7.5,7.0,8.5,7.0,0.5483870967741935,0.5274265795773461,0.5777945590947764,0.4099012940366755,0.14285714285714285,1.812027190914834,0.0007290816265581614,1.812027818853534,0.0007290816265581614,28.914426269124935,0.95
7,2014-11-13,medium_019,medium,True,True,True,,,,7.5,6.0,8.5,6.0,0.5862068965517241,0.6323988192311143,0.586942126262764,0.7384644361572653,0.02040816326530612,2.7254760869093544,0.0009684435293941945,2.7254771588580895,0.0009684435293941945,42.56165747800751,1.0
7,2014-11-13,medium_020,medium,False,True,False,,,,9.0,6.0,9.0,7.0,0.5625,0.4180140926113151,0.44115943636705857,0.3640082905145805,0.5714285714285714,1.1701981566675617,0.0006720238963720408,1.1701984391436657,0.0006720238963720408,18.54019167560685,0.9
7,2014-11-13,medium_021,medium,True,True,True,,,,10.0,5.0,11.0,5.0,0.6875,0.5394239454782395,0.5321171357943375,0.5564731680740106,0.5510204081632653,1.1855938820902405,0.0006487694992616285,1.1855941828533025,0.0006487694992616285,18.581437303475266,0.9
7,2014-11-13,medium_022,medium,True,True,True,,,,8.0,6.0,9.0,6.0,0.6,0.5565189672716777,0.48209051734969033,0.7301853504229817,0.46938775510204084,1.2503515864852166,0.0006702596913798914,1.2503519096070665,0.0006702596913798914,19.829839177213053,0.85
7,2014-11-13,medium_023,medium,True,True,True,,,,7.0,7.0,8.0,7.0,0.5333333333333333,0.5246639665105911,0.5576755801564957,0.4476368680034806,0.2653061224489796,1.5383415243874805,0.0007553687515079136,1.538341964372316,0.0007553687515079136,24.818931186066948,0.95
7,2014-11-13,medium_024,medium,True,True,True,,,,6.0,7.0,7.0,7.0,0.5,0.5821518240776651,0.593036517974037,0.5567542049861308,0.24489795918367346,1.5459845097805782,0.0008634945241367362,1.5459848973683237,0.0008634945241367362,24.425057868427885,0.9
7,2014-11-13,medium_025,medium,True,True,True,,,,7.0,7.0,8.0,7.0,0.5333333333333333,0.5580676447628041,0.49304257725151457,0.7097928022891465,0.5918367346938775,1.0966239971027625,0.0005409789383678975,1.0966243049647988,0.0005409789383678975,17.460178174938374,0.8
7,2014-11-13,medium_026,medium,True,False,,,,,7.5,7.0,7.5,7.0,0.5172413793103449,0.5998102309064643,0.49742515932783277,0.8387087312566051,,,,1.0800420693886261,0.0004928375541952265,16.99259605118336,0.9
7,2014-11-13,medium_027,medium,True,True,True,,,,7.0,6.0,8.0,6.0,0.5714285714285714,0.5403166566294729,0.49570052394820935,0.6444209662190882,0.3877551020408163,1.3637299954350195,0.000595298490937018,1.3637304288751653,0.000595298490937018,21.48468964169127,0.95
7,2014-11-13,medium_028,medium,False,True,False,,,,9.0,5.0,9.0,6.0,0.6,0.400469826285096,0.37986477959543896,0.44854826856096236,0.7551020408163265,0.7428749927568724,0.00037442816544172575,0.742875197648283,0.00037442816544172575,11.708346966391787,0.85
7,2014-11-13,medium_029,medium,True,True,True,,,,7.5,7.0,8.5,7.0,0.5483870967741935,0.5146712963325359,0.5097323136412084,0.5261955892789669,0.3469387755102041,1.4107378599574734,0.0007546583976564792,1.4107382268057176,0.0007546583976564792,22.501454909016772,0.95
7,2014-11-13,bad_000,bad,False,True,True,,,,4.0,9.0,5.0,9.0,0.35714285714285715,0.3904199758919851,0.47645713298163517,0.18966660934946844,0.5102040816326531,1.198405152640798,0.0007030006629956164,1.198405439486402,0.0007030006629956164,19.152228136854173,0.8
7,2014-11-13,bad_001,bad,False,False,,success,0.8200000000000002,6.050586481590813,3.0,9.0,3.5,9.0,0.28,0.3980583315381816,0.5054208488033006,0.147545791252904,,,,0.9703440162064435,0.0005891474859836541,15.166375423534062,0.95
7,2014-11-13,bad_002,bad,False,False,,success,0.9700000000000001,5.311986755472645,3.5,9.0,4.0,9.0,0.3076923076923077,0.44992089690291975,0.5730829031558756,0.16254288231268957,,,,1.5657234593779963,0.0008347105886309854,24.632693017265833,0.85
7,2014-11-13,bad_003,bad,False,False,,success,0.9400000000000001,0.5602832053861846,3.5,10.0,4.0,10.0,0.2857142857142857,0.3801846118409704,0.46898710007902433,0.17297880595217807,,,,0.9754305748594518,0.0003523553721901519,15.425781523115537,0.8
7,2014-11-13,bad_004,bad,False,False,,failure,0.39000000000000007,-7.31531537214812,3.5,8.0,3.5,8.0,0.30434782608695654,0.3777678744916478,0.45583171294698943,0.1956189180958506,,,,0.5443242269448432,0.00027883223889872005,8.51238579352324,0.7
7,2014-11-13,bad_005,bad,True,False,,,,,3.0,9.0,3.0,9.0,0.25,0.47384438779492055,0.45729228376785314,0.512465963858078,,,,1.0461279207307546,0.0006583156916523874,16.47519472638549,0.8
7,2014-11-13,bad_006,bad,False,True,True,,,,3.0,9.0,4.0,9.0,0.3076923076923077,0.4534195496900729,0.5435873369691259,0.2430280460389494,0.40816326530612246,1.3635806008849165,0.0007422536559424612,1.3635809498428126,0.0007422536559424612,21.894097300985234,0.9
7,2014-11-13,bad_007,bad,False,False,,success,0.8200000000000002,6.676438274661393,4.5,8.0,5.0,8.0,0.38461538461538464,0.4331304562806202,0.43517866327227706,0.42835130663342097,,,,0.7975769483385158,0.0005565825455577082,13.031690778852616,0.75
7,2014-11-13,bad_008,bad,False,False,,failure,0.39000000000000007,-2.8688828024571933,2.0,8.0,2.0,8.0,0.2,0.3581700724848781,0.39416482809489284,0.2741823093948436,,,,0.6021155408899665,0.00027316903522788314,9.614634511696627,0.7
7,2014-11-13,bad_009,bad,True,False,,,,,3.0,8.0,3.0,8.0,0.2727272727272727,0.5043168551015765,0.5390973304533571,0.4231624126140886,,,,2.027524240242457,0.0008606418649238256,32.02071946900458,1.0
7,2014-11-13,bad_010,bad,False,False,,success,0.8200000000000002,2.734349287019569,3.0,10.0,3.5,10.0,0.25925925925925924,0.3749485380765019,0.4229808248626854,0.2628732022420738,,,,0.6660796925271167,0.0004316299283226575,10.532319534826296,0.7
7,2014-11-13,bad_011,bad,False,False,,failure,0.36000000000000004,-1.9677540976562113,3.0,8.0,3.0,8.0,0.2727272727272727,0.37301839658177294,0.4073896518195994,0.2928188010268446,,,,0.3612484667512766,0.00023145838030393567,5.618526643052679,0.6
7,2014-11-13,bad_012,bad,True,True,True,,,,3.0,8.0,4.0,8.0,0.3333333333333333,0.4979156207728951,0.5191590901457026,0.4483475255696776,0.5306122448979592,1.1964503149936518,0.0006402953554369383,1.1964506272533857,0.0006402953554369383,19.02203997983102,0.9
7,2014-11-13,bad_013,bad,False,False,,success,0.91,5.477318905489739,3.0,8.0,3.5,8.0,0.30434782608695654,0.3636469577030211,0.4446401537857145,0.17466283351006984,,,,0.40342427266982056,0.00022902376714146154,6.371602162154928,0.65
7,2014-11-13,bad_014,bad,False,False,,success,0.9400000000000001,3.3906511804369757,2.0,8.0,2.5,8.0,0.23809523809523808,0.41124121126539714,0.5142078479160415,0.17098572574722704,,,,1.5498967411126094,0.0007262654440910042,24.782691990884643,1.0
7,2014-11-13,bad_015,bad,False,False,,failure,0.5100000000000001,-1.3720582742915326,3.0,9.0,3.0,9.0,0.25,0.3533163535649868,0.45441520514712974,0.11741903320665355,,,,0.9076571723902676,0.0005363309551288619,14.51825303724978,0.8
7,2014-11-13,bad_016,bad,False,False,,failure,0.36000000000000004,-4.296630010964577,4.0,8.0,4.0,8.0,0.3333333333333333,0.4474847765461134,0.4454342420960046,0.45226935692970077,,,,0.6471060392302278,0.00045489284894150144,10.191652216432093,0.65
7,2014-11-13,bad_017,bad,False,True,False,,,,4.0,9.0,4.0,10.0,0.2857142857142857,0.41652564771950007,0.4278453416086566,0.3901130286448015,0.8163265306122449,0.7034157135403245,0.00033925142352011746,0.7034159191459438,0.00033925142352011746,11.349606285170003,0.75
7,2014-11-13,bad_018,bad,False,False,,failure,0.4200000000000001,-4.699802102437843,3.0,9.0,3.0,9.0,0.25,0.43537964165007975,0.5152807647035351,0.24894368785868387,,,,1.2126846248710224,0.0007845538235469456,19.244139947671176,0.95
7,2014-11-13,bad_019,bad,True,True,False,,,,5.0,8.0,5.0,9.0,0.35714285714285715,0.4879718195268006,0.5076426803816518,0.4420731441988145,0.6938775510204082,0.8752061189216642,0.000430691873491596,0.8752063661510714,0.000430691873491596,13.903960447796429,0.8
7,2014-11-13,bad_020,bad,True,False,,,,,4.0,9.0,4.5,9.0,0.3333333333333333,0.4809106514261078,0.48556611536608885,0.47004790223281867,,,,1.4962693922721897,0.0006398608979630646,23.94062150490173,0.85
7,2014-11-13,bad_021,bad,False,False,,success,0.9400000000000001,5.693566781263968,3.5,9.0,4.0,9.0,0.3076923076923077,0.34486092668696894,0.4210611676395961,0.16706036446417236,,,,0.8690029401893122,0.000489208125746459,13.802481645340023,0.9
7,2014-11-13,bad_022,bad,False,False,,failure,0.39000000000000007,-5.418891059421156,2.5,8.0,2.5,8.0,0.23809523809523808,0.3817447035709313,0.43047756285159255,0.26803469858272183,,,,0.8027789584934322,0.00036763104724096666,12.984842864347318,0.75
7,2014-11-13,bad_023,bad,False,False,,success,0.8200000000000002,3.2125552777970654,3.0,8.0,3.5,8.0,0.30434782608695654,0.3697988427430129,0.45400647710795156,0.17331436255815616,,,,1.0261828098735637,0.0006500062295472301,16.103635991184373,0.8
7,2014-11-13,bad_024,bad,False,False,,success,0.8200000000000002,0.14924263446926034,3.5,9.0,4.0,9.0,0.3076923076923077,0.4201266283923666,0.4696740434673088,0.30451599321750167,,,,0.7170441309112131,0.00046657558946086965,11.455187382772317,0.7
7,2014-11-13,bad_025,bad,False,False,,failure,0.39000000000000007,-0.3587286277464443,3.0,8.0,3.0,8.0,0.2727272727272727,0.4377082937243942,0.49263857073522915,0.30953764736577927,,,,1.0651733337043319,0.0005180345132979821,16.97629271749066,0.8
7,2014-11-13,bad_026,bad,False,False,,neutral,0.39000000000000007,-0.07588032605289641,2.5,8.0,2.5,8.0,0.23809523809523808,0.2987793549953949,0.3454619425857949,0.18985331728446164,,,,0.33736003136922044,0.00016340709330857746,5.265399350405952,0.55
7,2014-11-13,bad_027,bad,False,False,,failure,0.4200000000000001,-0.7312854820364691,3.0,8.0,3.0,8.0,0.2727272727272727,0.37640858583281567,0.4719053790800057,0.1535827349227057,,,,0.7925556486613294,0.000363573092469765,12.606103513660289,0.85
7,2014-11-13,bad_028,bad,False,False,,success,0.9400000000000001,0.3315269282766735,3.0,8.0,3.5,8.0,0.30434782608695654,0.4435754796264305,0.4546359561810944,0.41776770099888166,,,,1.0185784078790132,0.0006122672108952367,15.94030431827996,0.8
7,2014-11-13,bad_029,bad,False,False,,failure,0.39000000000000007,-1.802138916022244,3.5,9.0,3.5,9.0,0.28,0.38397657801956964,0.443833559088994,0.24431028885757958,,,,0.8518318445752736,0.00040738958282901386,13.421062159786395,0.85
7,2014-11-13,bad_030,bad,False,False,,failure,0.5100000000000001,-1.2026606137391127,3.0,9.0,3.0,9.0,0.25,0.34015826794179477,0.34228544010414486,0.3351948662296446,,,,0.5282727980540677,0.0003723457836281131,8.367476359069046,0.65
7,2014-11-13,bad_031,bad,False,False,,failure,0.5100000000000001,-3.4985806884857027,2.5,8.0,2.5,8.0,0.23809523809523808,0.40508448766030547,0.40836542899782935,0.39742895787274996,,,,0.523250245598591,0.0003020492511833368,8.145796394714274,0.8
7,2014-11-13,bad_032,bad,False,False,,success,0.8500000000000002,2.418877671442175,2.5,8.0,3.0,8.0,0.2727272727272727,0.4311240633989366,0.49928525883289854,0.2720812740530255,,,,1.5214925272289226,0.0007986008921376627,24.56189500172245,0.95
7,2014-11-13,bad_033,bad,False,False,,failure,0.5100000000000001,-3.7026220710120867,2.5,9.0,2.5,9.0,0.21739130434782608,0.37789384783276014,0.4025237590833742,0.3204240549146608,,,,0.6015263054618889,0.0003632220560645685,9.726163870084555,0.7
7,2014-11-13,bad_034,bad,True,False,,,,,5.0,8.0,5.5,8.0,0.4074074074074074,0.48707024325504233,0.4596435812579082,0.5510657879150219,,,,0.9040019680142127,0.00027521190314394844,14.080840443813601,0.85
7,2014-11-13,bad_035,bad,False,False,,failure,0.5100000000000001,-1.994522873947517,3.5,9.0,3.5,9.0,0.28,0.4300294931925468,0.49164178802852987,0.28626747190858626,,,,1.1757212225094231,0.0005119163409590551,19.008718067882132,0.85
7,2014-11-13,bad_036,bad,False,True,False,,,,3.5,8.0,3.5,9.0,0.28,0.4045760392492877,0.4646712996577613,0.2643537649628493,0.7346938775510204,0.751133899057147,0.0004124086139057204,0.751134091354544,0.0004124086139057204,12.000274294333463,0.8
7,2014-11-13,bad_037,bad,False,True,False,,,,2.5,9.0,2.5,10.0,0.2,0.3233606215146928,0.4226704905504729,0.09163759376453935,0.6530612244897959,0.9175814363806328,0.0005899559190385016,0.9175816320495068,0.0005899559190385016,14.337746700041594,0.85
7,2014-11-13,bad_038,bad,False,False,,success,0.8500000000000002,8.45630558376709,3.5,9.0,4.0,9.0,0.3076923076923077,0.45386461992728044,0.4990525301490417,0.34842616274317073,,,,1.0588873344970502,0.000602509776851868,16.897090246009235,0.8
7,2014-11-13,bad_039,bad,False,False,,failure,0.39000000000000007,-2.107616854019682,3.0,9.0,3.0,9.0,0.25,0.3416713474805875,0.40239046264195033,0.1999934121040742,,,,0.3200759669629222,0.00019413147427036455,5.0008926570503585,0.75
7,2014-11-13,bad_040,bad,False,False,,failure,0.39000000000000007,-0.611632179424106,3.0,8.0,3.0,8.0,0.2727272727272727,0.390212916822009,0.4653661929880313,0.2148552724346237,,,,0.7746488922319141,0.0004758637280916708,12.270845519215442,0.7
7,2014-11-13,bad_041,bad,False,False,,failure,0.39000000000000007,-1.3290505427952723,3.5,8.0,3.5,8.0,0.30434782608695654,0.33910191847132426,0.4205755877719433,0.14899669010321315,,,,0.958474652773642,0.0005248805661236223,15.045589917969703,0.85
7,2014-11-13,bad_042,bad,False,False,,failure,0.39000000000000007,-3.7157783109162494,2.5,8.0,2.5,8.0,0.23809523809523808,0.3964495011540958,0.4571320743696542,0.25485683031779277,,,,1.242039234489998,0.00047463184964807,19.697090593321793,0.9
7,2014-11-13,bad_043,bad,False,False,,failure,0.39000000000000007,-5.7808911895084805,2.5,8.0,2.5,8.0,0.23809523809523808,0.3805364986933324,0.46585539863918,0.18145906548635468,,,,0.9644852746574579,0.000521871978019523,15.401373960337576,0.9
7,2014-11-13,bad_044,bad,False,False,,success,0.8200000000000002,1.8379426000957437,3.0,9.0,3.5,9.0,0.28,0.4414586668177806,0.4784456443243885,0.3551557193023622,,,,1.0977348419009356,0.0005954333492385225,17.28651802160789,0.95
7,2014-11-13,bad_045,bad,True,True,False,,,,3.5,9.0,3.5,10.0,0.25925925925925924,0.49226818436258507,0.47448285737783247,0.5337672806603413,0.9591836734693877,0.4755309375643156,0.0003539948324835029,0.4755310281256643,0.0003539948324835029,7.709801166281833,0.75
7,2014-11-13,bad_046,bad,False,False,,neutral,0.5100000000000001,-0.09130736017405638,3.0,9.0,3.0,9.0,0.25,0.39578110802123767,0.476303705957565,0.20789504616980742,,,,0.8929844955749936,0.0005076619273071037,14.333832774521065,0.8
7,2014-11-13,bad_047,bad,True,False,,,,,3.0,9.0,3.5,9.0,0.28,0.5321087374096221,0.592754443634993,0.3906020895504234,,,,3.052099310902468,0.001077751264580002,47.856373811258926,1.0
7,2014-11-13,bad_048,bad,False,False,,failure,0.39000000000000007,-0.8017873204393879,2.5,8.0,2.5,8.0,0.23809523809523808,0.37148860535057454,0.48155960457905733,0.1146562738174482,,,,0.7948435021949288,0.00043591559087847125,12.651103645945037,0.9
7,2014-11-13,bad_049,bad,True,True,True,,,,3.5,8.0,4.5,8.0,0.36,0.47401783885273924,0.5380644339724588,0.32457578357339356,0.6122448979591837,0.9371356796618757,0.0005473594148820461,0.9371359022463711,0.0005473594148820461,14.724497273752755,0.8
8,2014-12-12,good_000,good,True,True,True,,,,14.0,2.0,15.0,2.0,0.8823529411764706,0.6491627158338917,0.5190765210976503,0.9526971702184551,0.3673469387755102,1.3021093991332933,0.0006147134170417332,1.3021097857927084,0.0006147134170417332,20.61715306685764,0.9
8,2014-12-12,good_001,good,True,True,True,,,,12.0,4.0,13.0,4.0,0.7647058823529411,0.6159712715167218,0.5509206969459343,0.7677559455152263,0.20408163265306123,1.5215659982631526,0.000740109935741116,1.5215664347692621,0.000740109935741116,24.207019336901222,0.9
8,2014-12-12,good_002,good,True,False,,,,,11.0,5.0,11.5,5.0,0.696969696969697,0.6121923181652699,0.5782726391729208,0.6913382358140845,,,,2.277986892793983,0.0008768315439605115,35.015469559866624,1.0
8,2014-12-12,good_003,good,True,True,True,,,,14.0,2.0,15.0,2.0,0.8823529411764706,0.6167636303751933,0.49199490783417027,0.9078906496375803,0.16326530612244897,1.5570088046532282,0.0008153016429780037,1.557009221494058,0.0008153016429780037,24.74403054062454,0.95
8,2014-12-12,good_004,good,True,True,True,,,,13.0,3.0,14.0,3.0,0.8235294117647058,0.5640616065668096,0.5261307533083261,0.6525669308366044,0.04081632653061224,2.0173325219860128,0.000771593581889141,2.017333258553863,0.000771593581889141,32.547060153031126,1.0
8,2014-12-12,good_005,good,True,True,True,,,,13.0,3.0,14.0,3.0,0.8235294117647058,0.6493014080172631,0.5781564954008209,0.8153062041222948,0.02040816326530612,2.068540549687154,0.0008354464858580888,2.068541261381822,0.0008354464858580888,32.7825560376981,0.95
8,2014-12-12,good_006,good,True,True,True,,,,12.0,4.0,13.0,4.0,0.7647058823529411,0.5956325035726324,0.5197109066775467,0.7727828963278327,0.14285714285714285,1.5730973653031362,0.0009092142505854944,1.573097747044042,0.0009092142505854944,24.7211766478636,0.85
8,2014-12-12,good_007,good,False,True,False,,,,12.0,4.0,12.0,5.0,0.7058823529411765,0.3913410891804842,0.3679551882499935,0.44590819135162924,0.7551020408163265,0.7809133565952259,0.0005238267859324147,0.7809135217129789,0.0005238267859324147,12.705667577651337,0.85
8,2014-12-12,good_008,good,True,True,False,,,,11.0,5.0,11.0,6.0,0.6470588235294118,0.49018887283971485,0.37021699646360207,0.7701232510506447,0.8163265306122449,0.713840944348754,0.00038846374683935,0.7138411247665415,0.00038846374683935,11.152738892696537,0.75
8,2014-12-12,good_009,good,False,True,False,,,,11.5,4.0,11.5,5.0,0.696969696969697,0.4357129279801387,0.4179107944536136,0.47725123954203064,0.6122448979591837,0.9330449390611337,0.0007008447124934051,0.9330451127706583,0.0007008447124934051,14.816161517609032,0.85
8,2014-12-12,good_010,good,True,True,True,,,,14.0,2.0,15.0,2.0,0.8823529411764706,0.6563937348626334,0.54957672839385,0.905633416623128,0.10204081632653061,1.6514646689868009,0.0008327716390969247,1.651465125672214,0.0008327716390969247,26.424980532992084,0.9
8,2014-12-12,good_011,good,True,True,False,,,,13.0,3.0,13.0,4.0,0.7647058823529411,0.48097012349422313,0.4488038909800951,0.5560246660271886,0.8571428571428571,0.6666624391939294,0.00042819161289814534,0.6666625864377616,0.00042819161289814534,10.653978072133297,0.7
8,2014-12-12,good_012,good,True,True,True,,,,13.0,3.0,14.0,3.0,0.8235294117647058,0.5942699073909778,0.49698476032610095,0.821268583875691,0.24489795918367346,1.4561333224309077,0.0006780631494559199,1.4561337648542023,0.0006780631494559199,23.6602014688586,0.9
8,2014-12-12,good_013,good,True,True,False,,,,12.0,4.0,12.0,5.0,0.7058823529411765,0.4799425117438166,0.4082715783218673,0.647174689728365,0.9387755102040817,0.541612916550793,0.00032264120859024526,0.5416130435962905,0.00032264120859024526,8.652814842049702,0.6
8,2014-12-12,good_014,good,True,True,True,,,,10.0,5.0,11.0,5.0,0.6875,0.5712128985614972,0.5248206983135302,0.6794613658067536,0.5510204081632653,1.0735602910996116,0.0006022014610846191,1.0735605589523052,0.0006022014610846191,17.1350564657612,0.85
8,2014-12-12,good_015,good,True,True,False,,,,11.0,5.0,11.0,6.0,0.6470588235294118,0.5509293774109958,0.4541287457300414,0.7767975179998893,0.5918367346938775,0.9578805156167399,0.0006227370833071939,0.9578807212853298,0.0006227370833071939,15.171013704971239,0.8
8,2014-12-12,good_016,good,True,True,True,,,,13.0,3.0,14.0,3.0,0.8235294117647058,0.6729824184538202,0.5425305731973239,0.9773700573856453,0.3877551020408163,1.2637936341576514,0.000617253695161339,1.2637939954452764,0.000617253695161339,20.153998592468238,0.95
8,2014-12-12,good_017,good,True,True,True,,,,12.0,4.0,13.0,4.0,0.7647058823529411,0.6256129251065423,0.573080838361378,0.7481877941785926,0.30612244897959184,1.3317117545259847,0.0008344949260363499,1.331712049420093,0.0008344949260363499,21.112337616560332,0.9
8,2014-12-12,good_018,good,True,True,True,,,,13.0,3.0,14.0,3.0,0.8235294117647058,0.6319390291514548,0.5075271662289069,0.9222333759707336,0.22448979591836735,1.5153300683774191,0.0007467839980713639,1.515330500262382,0.0007467839980713639,23.896969398014846,1.0
8,2014-12-12,good_019,good,True,True,True,,,,13.0,3.0,14.0,3.0,0.8235294117647058,0.6840914737810477,0.5960850874997049,0.8894397084375144,0.061224489795918366,1.833458819067779,0.0007968507684096087,1.8334594096819727,0.0007968507684096087,29.37476740798462,0.9
8,2014-12-12,medium_000,medium,False,True,True,,,,6.5,8.0,7.5,8.0,0.4838709677419355,0.4478895057307241,0.548171392676911,0.21389843618962162,0.1836734693877551,1.5248047161027067,0.00071606156522055,1.5248051703584997,0.00071606156522055,24.306664466895146,0.9
8,2014-12-12,medium_001,medium,True,True,False,,,,9.0,6.0,9.0,7.0,0.5625,0.5196759884808776,0.42801344064182056,0.7335552667720107,0.5714285714285714,0.9777508767438847,0.0006702676700288367,0.977751077433548,0.0006702676700288367,15.43729010344498,0.75
8,2014-12-12,medium_002,medium,True,False,,,,,7.0,9.0,7.5,9.0,0.45454545454545453,0.5081191266593809,0.4396422705128598,0.6678984576679299,,,,0.778817775863425,0.00048468195013552895,12.338117312052846,0.8
8,2014-12-12,medium_003,medium,True,False,,,,,9.0,7.0,9.5,7.0,0.5757575757575758,0.5644251974841046,0.5014665573647148,0.711328691096014,,,,0.7013923437999768,0.0004155852280707425,11.058194726540632,0.75
8,2014-12-12,medium_004,medium,True,True,True,,,,7.5,6.0,8.5,6.0,0.5862068965517241,0.48552246629152096,0.5089718182681797,0.43080731167931735,0.08163265306122448,1.6871522947651325,0.0008770298977712436,1.6871527477334551,0.0008770298977712436,26.550409854884787,0.95
8,2014-12-12,medium_005,medium,False,True,True,,,,7.5,6.0,8.5,6.0,0.5862068965517241,0.4530059898413821,0.46691552922726065,0.42055039794099874,0.4897959183673469,1.1866670936059738,0.0005863155544454676,1.18666742947615,0.0005863155544454676,19.252759555091654,0.95
8,2014-12-12,medium_006,medium,True,True,True,,,,8.0,7.0,9.0,7.0,0.5625,0.5853090201326627,0.49621147253397513,0.7932032978629338,0.5102040816326531,1.1438768469634204,0.0005133698758380505,1.1438772011377076,0.0005133698758380505,18.23183411202732,0.9
8,2014-12-12,medium_007,medium,False,True,False,,,,6.5,9.0,6.5,10.0,0.3939393939393939,0.32968354911470166,0.39427949168791876,0.1789596831105286,1.0,0.23551431307291648,0.0001322007593531464,0.23551437561989855,0.0001322007593531464,4.008983442811269,0.7
8,2014-12-12,medium_008,medium,False,True,False,,,,9.0,7.0,9.0,8.0,0.5294117647058824,0.4020424861757011,0.46179341095551846,0.2626236616894606,0.7755102040816326,0.7271686693760686,0.00039180110811658925,0.7271688573468298,0.00039180110811658925,11.529600309428899,0.85
8,2014-12-12,medium_009,medium,True,True,False,,,,9.5,6.0,9.5,7.0,0.5757575757575758,0.4897302998934342,0.42549696568025436,0.6396080797241873,0.7959183673469388,0.7146872952643089,0.00046079232907789104,0.714687453321245,0.00046079232907789104,11.437163267474501,0.7
8,2014-12-12,medium_010,medium,True,True,True,,,,7.5,8.0,8.5,8.0,0.5151515151515151,0.4865369012486445,0.5078814580943779,0.43673293527526674,0.42857142857142855,1.2439984603031153,0.000633683639989068,1.2439988027591937,0.000633683639989068,19.847758929909123,0.9
8,2014-12-12,medium_011,medium,False,False,,failure,0.5100000000000001,-3.0508856108075975,7.0,9.0,7.0,9.0,0.4375,0.414758729004449,0.4188577609695682,0.40519432108583747,,,,0.5642326620364149,0.00027431390102771494,8.841087043526349,0.7
8,2014-12-12,medium_012,medium,True,True,True,,,,9.5,6.0,10.5,6.0,0.6363636363636364,0.6270684750249053,0.5417541589672452,0.8261352124927789,0.4489795918367347,1.2434517943818226,0.0006826305496137463,1.2434521097025701,0.0006826305496137463,19.820887866782144,0.95
8,2014-12-12,medium_013,medium,False,False,,failure,0.39000000000000007,-5.1867193567830014,5.5,8.0,5.5,8.0,0.4074074074074074,0.3969039874710698,0.3830105066464017,0.4293221093952957,,,,0.5957637239107711,0.0002748883058392518,9.539336579595503,0.85
8,2014-12-12,medium_014,medium,True,True,True,,,,9.5,6.0,10.5,6.0,0.6363636363636364,0.6238547271308907,0.5148612960584698,0.8781727329665397,0.12244897959183673,1.5740783526694158,0.0009122970767278277,1.5740787308770134,0.0009122970767278277,24.857514676176976,0.9
8,2014-12-12,medium_015,medium,False,False,,failure,0.39000000000000007,-1.1115710007759247,6.5,8.0,6.5,8.0,0.4482758620689655,0.3135374426947412,0.3693726832731659,0.18325521467841696,,,,0.7129732149569125,0.0004346739226035021,11.229593351171706,0.75
8,2014-12-12,medium_016,medium,True,True,True,,,,7.5,8.0,8.5,8.0,0.5151515151515151,0.5178602665922836,0.47893709990124933,0.6086809888713635,0.3469387755102041,1.3196502229945053,0.0004478348766674205,1.3196507635270107,0.0004478348766674205,20.82904896760203,0.9
8,2014-12-12,medium_017,medium,True,False,,,,,6.0,7.0,6.5,7.0,0.48148148148148145,0.4865534879164335,0.46748543273721527,0.5310456166679428,,,,0.9451632953439989,0.0004362937845181601,14.940642501580882,0.85
8,2014-12-12,medium_018,medium,True,True,True,,,,8.5,7.0,9.5,7.0,0.5757575757575758,0.6420772293500374,0.5911554353669748,0.7608947486438502,0.0,2.2482076424626887,0.0008385041120587916,2.248208486779895,0.0008385041120587916,35.1435726168231,1.0
8,2014-12-12,medium_019,medium,True,True,False,,,,8.5,6.0,8.5,7.0,0.5483870967741935,0.47496435829418804,0.48284030999686123,0.4565871376546173,0.7346938775510204,0.794900371304054,0.0005801858382901188,0.7949005220496952,0.0005801858382901188,12.51204300795661,0.7
8,2014-12-12,medium_020,medium,False,False,,success,0.8500000000000002,13.488690984514363,9.0,7.0,9.5,7.0,0.5757575757575758,0.440968877519487,0.455542217430695,0.4069644177266684,,,,0.5840209072504414,0.0004171471860617951,9.200119043221417,0.75
8,2014-12-12,medium_021,medium,True,True,True,,,,11.0,5.0,12.0,5.0,0.7058823529411765,0.5793410747410712,0.4983977241199236,0.7682088928570825,0.6530612244897959,0.8701009142155509,0.00040786237936216944,0.8701011728372576,0.00040786237936216944,13.471543722729702,0.85
8,2014-12-12,medium_022,medium,True,True,True,,,,9.0,6.0,10.0,6.0,0.625,0.5730555056916696,0.4695811446440621,0.8144956814694206,0.2857142857142857,1.3657632333209642,0.000600511842926558,1.3657636710878602,0.000600511842926558,21.586035868071,0.9
8,2014-12-12,medium_023,medium,True,True,True,,,,8.0,7.0,9.0,7.0,0.5625,0.48576718682151643,0.47702567973923177,0.5061640366801807,0.5306122448979592,1.1432076980704955,0.0005720790843091001,1.1432080146853265,0.0005720790843091001,18.213245545926334,0.8
8,2014-12-12,medium_024,medium,False,True,False,,,,7.0,7.0,7.0,8.0,0.4666666666666667,0.4100576141222934,0.36723654641554604,0.5099734387713706,0.8775510204081632,0.6597449618040634,0.0003545100881877058,0.659745130116896,0.0003545100881877058,10.15112985493948,0.7
8,2014-12-12,medium_025,medium,True,True,True,,,,8.0,7.0,9.0,7.0,0.5625,0.5375446654443987,0.48899703591026444,0.6508224676907123,0.6326530612244898,0.9020879178805818,0.0005252782306606502,0.9020881319830619,0.0005252782306606502,14.270232273230512,0.85
8,2014-12-12,medium_026,medium,True,True,True,,,,7.5,7.0,8.5,7.0,0.5483870967741935,0.4962773652580621,0.5691035899360806,0.32634950767601906,0.2653061224489796,1.4082894669866468,0.0007984615205353367,1.408289812195806,0.0007984615205353367,21.999932171314065,0.8
8,2014-12-12,medium_027,medium,True,True,False,,,,8.0,6.0,8.0,7.0,0.5333333333333333,0.5121729133887117,0.4423855680670594,0.6750100524725671,0.8979591836734694,0.658646927720594,0.000354500569080108,0.6586470976815116,0.000354500569080108,10.355739623491678,0.75
8,2014-12-12,medium_028,medium,True,False,,,,,9.0,6.0,9.5,6.0,0.6129032258064516,0.530058243588396,0.5246645890483568,0.5426434375151542,,,,0.9144338365328367,0.0006067774651578865,14.422160449850628,0.85
8,2014-12-12,medium_029,medium,True,True,False,,,,8.5,7.0,8.5,8.0,0.5151515151515151,0.459112978693078,0.3286042010114779,0.763633459950145,0.9795918367346939,0.3381553717608276,0.00020849652348292304,0.33815544648391765,0.00020849652348292304,5.240223026804017,0.65
8,2014-12-12,bad_000,bad,True,False,,,,,5.0,9.0,5.0,9.0,0.35714285714285715,0.49920699515221767,0.4971583126783992,0.5039872542577941,,,,0.9609997550104508,0.0005949831080358825,15.407609228564837,0.75
8,2014-12-12,bad_001,bad,False,False,,failure,0.39000000000000007,-1.7663480343330633,3.5,9.0,3.5,9.0,0.28,0.3419161068428084,0.42569912301022794,0.14642240245216281,,,,0.5583929589217606,0.00026540931473727534,8.934838646436038,0.7
8,2014-12-12,bad_002,bad,False,False,,failure,0.4200000000000001,-3.5995760155089584,4.0,9.0,4.0,9.0,0.3076923076923077,0.44228786827198885,0.47216591884047676,0.3725724169455171,,,,0.5606934677359072,0.000349174273693537,8.904486051443639,0.65
8,2014-12-12,bad_003,bad,False,False,,success,0.8200000000000002,5.074132369122381,4.0,10.0,4.5,10.0,0.3103448275862069,0.3667861533569988,0.4544616097383525,0.1622100884671737,,,,1.0403038590243976,0.0005824057794075807,16.578774072554225,0.85
8,2014-12-12,bad_004,bad,True,False,,,,,3.5,8.0,3.5,8.0,0.30434782608695654,0.5022573519634786,0.5506352278085977,0.3893756416582007,,,,1.2184911409420747,0.0007057050887026876,19.096622095434142,0.8
8,2014-12-12,bad_005,bad,False,True,False,,,,3.0,9.0,3.0,10.0,0.23076923076923078,0.3658571642316537,0.45472249188035696,0.15850473305134624,0.6938775510204082,0.806872728360677,0.0004891467524967851,0.8068729134426168,0.0004891467524967851,12.764156018895559,0.8
8,2014-12-12,bad_006,bad,True,False,,,,,4.0,9.0,4.5,9.0,0.3333333333333333,0.4582929438176827,0.5022057582376603,0.3558297101710683,,,,0.9008107725723371,0.0005006795440002916,14.427012787468414,0.65
8,2014-12-12,bad_007,bad,False,False,,failure,0.39000000000000007,-1.0268664966983607,5.0,8.0,5.0,8.0,0.38461538461538464,0.44407668733366984,0.45566144318289015,0.4170455903521559,,,,0.8184264921194656,0.0004954390363437145,12.993951330484688,0.75
8,2014-12-12,bad_008,bad,False,False,,success,0.9400000000000001,11.593215535553753,2.0,8.0,2.5,8.0,0.23809523809523808,0.39311740290607233,0.4675196874150265,0.21951207238517945,,,,0.8934321977947773,0.0006041158218015513,14.388129694585308,0.8
8,2014-12-12,bad_009,bad,True,True,False,,,,3.0,8.0,3.0,9.0,0.25,0.47600704679085626,0.519006069341548,0.3756759941725756,0.7142857142857143,0.8005624488260579,0.0005338184693271213,0.8005626160716264,0.0005338184693271213,12.675121884873892,0.8
8,2014-12-12,bad_010,bad,False,False,,failure,0.39000000000000007,-1.1511495439962687,3.5,10.0,3.5,10.0,0.25925925925925924,0.31474869378658116,0.4037035239094594,0.10718742349986529,,,,0.26978661987565034,0.00015541974268145226,4.221815081289904,0.65
8,2014-12-12,bad_011,bad,False,False,,failure,0.39000000000000007,-0.26105554994536817,3.0,8.0,3.0,8.0,0.2727272727272727,0.40404848197646426,0.567078770512594,0.02364447539216149,,,,1.6063468548515312,0.0007820308816346903,25.42213153302863,0.95
8,2014-12-12,bad_012,bad,True,True,False,,,,4.0,8.0,4.0,9.0,0.3076923076923077,0.47054710348638557,0.4394999072991408,0.5429905612566235,0.9591836734693877,0.5113515491958268,0.0003452577123149683,0.5113516550335606,0.0003452577123149683,8.10591669730977,0.7
8,2014-12-12,bad_013,bad,False,False,,success,0.9400000000000001,0.6228069237822922,3.5,8.0,4.0,8.0,0.3333333333333333,0.41624717398613154,0.4544087332973108,0.32720353559338006,,,,1.430664891702738,0.0008137584385869753,22.530664648889033,0.85
8,2014-12-12,bad_014,bad,False,False,,failure,0.5100000000000001,-0.9609849579724568,2.5,8.0,2.5,8.0,0.23809523809523808,0.3696497773434825,0.4555617848944684,0.1691884263911821,,,,0.7301618384364066,0.0005329259844691575,11.6197007483217,0.8
8,2014-12-12,bad_015,bad,False,False,,failure,0.39000000000000007,-3.888501433611353,3.0,9.0,3.0,9.0,0.25,0.2894153799299726,0.3211014094997289,0.21548131093387488,,,,0.3565049463794317,0.00018914251950189747,5.952408457761395,0.55
8,2014-12-12,bad_016,bad,False,False,,failure,0.36000000000000004,-1.7841621830622216,4.0,8.0,4.0,8.0,0.3333333333333333,0.36988870455648953,0.4603848119305776,0.15873112068361753,,,,0.9355389118981866,0.0005451991501941323,14.706336534974517,0.8
8,2014-12-12,bad_017,bad,False,False,,failure,0.5100000000000001,-5.44895343984976,4.0,10.0,4.0,10.0,0.2857142857142857,0.367605828799551,0.4055638449742158,0.2790371243919998,,,,0.51013161896445,0.0003729379682129782,7.882634824218028,0.6
8,2014-12-12,bad_018,bad,False,False,,failure,0.5400000000000001,-3.3582033315062603,3.0,9.0,3.0,9.0,0.25,0.3745632700209746,0.485798167035596,0.11501517698685808,,,,1.2522033102230619,0.0006649837800176555,19.535835794406584,0.85
8,2014-12-12,bad_019,bad,False,True,True,,,,5.0,9.0,6.0,9.0,0.4,0.4451608194367096,0.45395021345595954,0.4246522333917932,0.673469387755102,0.8351979217298295,0.0006092835944078674,0.835198081010476,0.0006092835944078674,13.230099999281197,0.85
8,2014-12-12,bad_020,bad,False,True,False,,,,4.5,9.0,4.5,10.0,0.3103448275862069,0.3856168570055698,0.43939438772140277,0.26013595200195955,0.9183673469387755,0.6522166933626082,0.00044907319674788207,0.6522168240928002,0.00044907319674788207,10.183784442008621,0.8
8,2014-12-12,bad_021,bad,True,False,,,,,4.0,9.0,4.5,9.0,0.3333333333333333,0.515034864533521,0.5329826388272696,0.47315672451477425,,,,1.5881566896953465,0.0007521934722564669,25.06978400922788,0.9
8,2014-12-12,bad_022,bad,False,False,,success,0.8200000000000002,7.9335544195560175,2.5,8.0,3.0,8.0,0.2727272727272727,0.3888554310457959,0.48034495424757206,0.1753798769083184,,,,0.8935224532467091,0.0005853840930919911,14.213131854656611,0.8
8,2014-12-12,bad_023,bad,False,False,,failure,0.5100000000000001,-3.0924784425056373,3.5,8.0,3.5,8.0,0.30434782608695654,0.41462047273131725,0.5160392681942335,0.1779766166511794,,,,1.4937254108800884,0.0006617581875488888,23.60316729432849,1.0
8,2014-12-12,bad_024,bad,False,False,,failure,0.39000000000000007,-1.7481459382568971,4.0,9.0,4.0,9.0,0.3076923076923077,0.39521892331339187,0.35465522149946765,0.48986756087921507,,,,0.5936808795500608,0.00033480022571606705,9.347960434815326,0.8
8,2014-12-12,bad_025,bad,True,False,,,,,3.0,8.0,3.0,8.0,0.2727272727272727,0.47033591450395495,0.43051553358321937,0.563250136652338,,,,0.735221590391698,0.0004947894229362081,11.662614059442864,0.75
8,2014-12-12,bad_026,bad,True,False,,,,,2.5,8.0,3.0,8.0,0.2727272727272727,0.5131455868171622,0.5185949892995059,0.5004303143583603,,,,1.031607825018035,0.0006110605254147216,16.722968366221302,0.95
8,2014-12-12,bad_027,bad,False,False,,failure,0.39000000000000007,-1.5903535752612612,3.0,8.0,3.0,8.0,0.2727272727272727,0.33640613296045846,0.4096319593239931,0.16554587144554433,,,,0.4397158670669517,0.00028760151448040474,6.936398957083221,0.7
8,2014-12-12,bad_028,bad,False,False,,failure,0.39000000000000007,-0.676141246402949,3.5,8.0,3.5,8.0,0.30434782608695654,0.44098057926782414,0.57013126989365,0.1396289678075637,,,,1.8110461939731295,0.000865142427065925,28.63925052530284,1.0
8,2014-12-12,bad_029,bad,False,False,,failure,0.5100000000000001,-0.2271276207232802,3.5,9.0,3.5,9.0,0.28,0.3667707190269876,0.46483218081167077,0.13796064152939366,,,,1.0726655959982685,0.0005024513744351043,17.259468822762493,0.9
8,2014-12-12,bad_030,bad,False,False,,success,0.9400000000000001,2.6376244388171273,3.0,9.0,3.5,9.0,0.28,0.3636437125232381,0.39011904697657324,0.3018679321321228,,,,0.36716204922603485,0.00020518958923862926,5.88179500167073,0.65
8,2014-12-12,bad_031,bad,False,False,,success,0.9400000000000001,3.0850896795548977,2.5,8.0,3.0,8.0,0.2727272727272727,0.4336869770996323,0.47807714890911257,0.33010990954417835,,,,1.0789363206650024,0.0006307345537087051,17.059215644268395,0.7
8,2014-12-12,bad_032,bad,False,False,,success,0.8500000000000002,2.4465193960810154,3.0,8.0,3.5,8.0,0.30434782608695654,0.34642970491765823,0.42257421052083427,0.16875919184358085,,,,0.7949985954121365,0.0004899359537299041,12.53753339418133,0.7
8,2014-12-12,bad_033,bad,False,False,,failure,0.5100000000000001,-4.473366821143031,2.5,9.0,2.5,9.0,0.21739130434782608,0.38838615955538147,0.5176444360967752,0.08678351429212938,,,,0.9149412275914857,0.0005282081519453403,14.401466108217349,0.9
8,2014-12-12,bad_034,bad,False,True,False,,,,5.5,8.0,5.5,9.0,0.3793103448275862,0.36028202645869667,0.4664493594691381,0.1125582494343333,0.8367346938775511,0.7030751745985269,0.00031408209545219246,0.7030753961211319,0.00031408209545219246,11.12286033531942,0.7
8,2014-12-12,bad_035,bad,False,False,,success,0.8200000000000002,1.6786177158859772,3.5,9.0,4.0,9.0,0.3076923076923077,0.41582102827423306,0.48056471135323453,0.26475243442322965,,,,0.6458285902287876,0.000492944634648201,10.309990977190322,0.8
8,2014-12-12,bad_036,bad,False,False,,success,0.8200000000000002,3.7079243761833,3.5,9.0,4.0,9.0,0.3076923076923077,0.35371597798932386,0.40570737898882525,0.23240270899048732,,,,0.8196946609384137,0.00047616069701571,12.839219085971857,0.8
8,2014-12-12,bad_037,bad,False,False,,failure,0.5100000000000001,-1.397413645141171,2.5,10.0,2.5,10.0,0.2,0.38125369873639703,0.47417124784495257,0.16444608414976739,,,,0.69137826895029,0.00045213790283987407,11.035482518391275,0.8
8,2014-12-12,bad_038,bad,True,False,,,,,4.0,9.0,4.5,9.0,0.3333333333333333,0.5004791428074005,0.5367791680275324,0.4157790839604257,,,,1.2460869884207244,0.0006011267730773032,19.67011657679601,0.9
8,2014-12-12,bad_039,bad,False,False,,success,0.8200000000000002,0.3207304548568999,3.0,9.0,3.5,9.0,0.28,0.39272369958265385,0.39862578674002286,0.3789521628821264,,,,0.7550102583929528,0.0003613014883543313,11.887743669046754,0.8
8,2014-12-12,bad_040,bad,False,False,,success,0.8200000000000002,0.7886152872761159,3.0,8.0,3.5,8.0,0.30434782608695654,0.34157019252659127,0.421467594248746,0.1551429218415636,,,,0.7437167800199317,0.0004642709265382657,11.746077968131267,0.75
8,2014-12-12,bad_041,bad,False,False,,failure,0.5100000000000001,-0.2066997200087144,3.5,8.0,3.5,8.0,0.30434782608695654,0.41258151960523637,0.457324657464078,0.30818086460127253,,,,1.27272203164525,0.0006914993097654735,20.13405709215602,0.8
8,2014-12-12,bad_042,bad,False,False,,failure,0.39000000000000007,-4.264702692904692,2.5,8.0,2.5,8.0,0.23809523809523808,0.3944597131333558,0.4740494165606399,0.2087504051363595,,,,0.6986462181155464,0.000469151206849415,11.055611798797965,0.7
8,2014-12-12,bad_043,bad,False,False,,failure,0.4200000000000001,-0.7777629023258754,2.5,8.0,2.5,8.0,0.23809523809523808,0.450083567277859,0.4857749497510174,0.3668036748404895,,,,1.4052019167469594,0.0007525274743527303,22.773338978107525,0.9
8,2014-12-12,bad_044,bad,False,False,,success,0.9400000000000001,1.048513642639449,3.5,9.0,4.0,9.0,0.3076923076923077,0.44966947819275715,0.4775745654489021,0.3845576079284191,,,,0.9806573875005186,0.0005686959304464529,15.643412160971257,0.85
8,2014-12-12,bad_045,bad,False,True,True,,,,3.5,10.0,4.5,10.0,0.3103448275862069,0.45363944669445677,0.5010084433540992,0.34311178782195784,0.32653061224489793,1.3313014474834934,0.0007093220911808901,1.3313017998113088,0.0007093220911808901,21.20433532911257,0.85
8,2014-12-12,bad_046,bad,False,False,,success,0.8200000000000002,0.06007303764637584,3.0,9.0,3.5,9.0,0.28,0.2849512825980659,0.3056337107094692,0.23669228367145828,,,,0.14855558637297303,7.819849788873881e-05,2.4805139465124,0.45
8,2014-12-12,bad_047,bad,True,True,True,,,,3.5,9.0,4.5,9.0,0.3333333333333333,0.5620049522643797,0.5447629919048521,0.6022361931032777,0.40816326530612246,1.2451317723648545,0.0007031606146413053,1.2451320848516165,0.0007031606146413053,19.630232667274463,0.9
8,2014-12-12,bad_048,bad,False,False,,failure,0.5100000000000001,-1.0219132561442734,2.5,8.0,2.5,8.0,0.23809523809523808,0.3879636095577352,0.5132015234828959,0.09574181039902693,,,,0.9583698528121891,0.0005874666453540561,15.123266098474781,0.75
8,2014-12-12,bad_049,bad,True,True,True,,,,4.5,8.0,5.5,8.0,0.4074074074074074,0.4779747130065256,0.5214966558506874,0.3764235130368149,0.46938775510204084,1.219737246967327,0.0005502567005264162,1.2197376310663854,0.0005502567005264162,19.765618489404368,0.9
9,2015-01-12,good_000,good,True,True,False,,,,15.0,2.0,15.0,3.0,0.8333333333333334,0.5987359855790536,0.5415681825740826,0.7321275259239861,0.6326530612244898,0.911008733459803,0.0006170402985698037,0.9110089219181826,0.0006170402985698037,14.365122173464611,0.7
9,2015-01-12,good_001,good,True,True,False,,,,13.0,4.0,13.0,5.0,0.7222222222222222,0.5079062104867968,0.4576354963308056,0.625204543517443,0.4897959183673469,1.0339667940203334,0.0006270414691613835,1.0339670313806562,0.0006270414691613835,16.27691805658639,0.8
9,2015-01-12,good_002,good,True,True,True,,,,11.5,5.0,12.5,5.0,0.7142857142857143,0.5536301014193424,0.4659692827511588,0.7581720116451044,0.6938775510204082,0.8318480208132706,0.0005540652482391176,0.8318481959618654,0.0005540652482391176,13.348010135312345,0.85
9,2015-01-12,good_003,good,True,True,True,,,,15.0,2.0,16.0,2.0,0.8888888888888888,0.671091258190564,0.5838476828394279,0.8746596006765485,0.14285714285714285,1.9346921906101657,0.0007556421151411581,1.9346928778865333,0.0007556421151411581,30.89502874259458,0.95
9,2015-01-12,good_004,good,True,True,False,,,,14.0,3.0,14.0,4.0,0.7777777777777778,0.5655976092184694,0.45409092796121153,0.8257798654854045,1.0,0.4105361092209305,0.0003283339391161236,0.4105361799826698,0.0003283339391161236,6.430170494016127,0.7
9,2015-01-12,good_005,good,True,True,True,,,,14.0,3.0,15.0,3.0,0.8333333333333334,0.613596975326998,0.49907734772064455,0.8808094397418228,0.5306122448979592,0.9799394689869857,0.0004806398823982462,0.979939748999098,0.0004806398823982462,15.57177730598445,0.85
9,2015-01-12,good_006,good,True,True,True,,,,13.0,4.0,14.0,4.0,0.7777777777777778,0.6604157248368214,0.5631158766698899,0.8874487038929951,0.061224489795918366,2.227930739963213,0.0010982859191657813,2.227931368710816,0.0010982859191657813,35.636608887994406,0.95
9,2015-01-12,good_007,good,True,False,,,,,12.0,5.0,12.0,5.0,0.7058823529411765,0.5120677872338113,0.4778979164022529,0.5917974858407812,,,,1.2193438928000366,0.0006285697741326487,19.134653246087186,0.9
9,2015-01-12,good_008,good,True,True,True,,,,11.0,6.0,12.0,6.0,0.6666666666666666,0.5171989277473104,0.5399742021050553,0.46405662091257227,0.24489795918367346,1.5944463070591346,0.0007475472803901039,1.5944467828132385,0.0007475472803901039,25.177090094327554,0.95
9,2015-01-12,good_009,good,True,False,,,,,11.5,5.0,12.0,5.0,0.7058823529411765,0.5670958873012459,0.45726369978282294,0.8233709915108997,,,,0.999162363881282,0.0006069352225385306,15.861251417485194,0.8
9,2015-01-12,good_010,good,True,True,True,,,,15.0,2.0,16.0,2.0,0.8888888888888888,0.6533408267539931,0.5261709458933735,0.9500705487621056,0.30612244897959184,1.4042908110786112,0.0007848723965900161,1.4042911614074405,0.0007848723965900161,22.249329454986555,0.9
9,2015-01-12,good_011,good,True,True,False,,,,13.0,4.0,13.0,5.0,0.7222222222222222,0.5611563178160095,0.4792184532203314,0.7523446685392583,0.7551020408163265,0.7653685193210386,0.0005203318039632302,0.765368675565757,0.0005203318039632302,12.009187495140644,0.8
9,2015-01-12,good_012,good,True,True,True,,,,14.0,3.0,15.0,3.0,0.8333333333333334,0.662978306917555,0.5945731089479875,0.8225904355132123,0.0,2.953876429025547,0.0010260395559096636,2.953877612863978,0.0010260395559096636,47.169154865248444,1.0
9,2015-01-12,good_013,good,True,True,False,,,,12.0,5.0,12.0,6.0,0.6666666666666666,0.4828422242206553,0.3293623546020017,0.8409619199975139,0.9795918367346939,0.4330560778660462,0.0002635311781532547,0.4330561753518241,0.0002635311781532547,6.819261376963323,0.6
9,2015-01-12,good_014,good,True,True,True,,,,11.0,5.0,12.0,5.0,0.7058823529411765,0.5925748781004356,0.5422144253859696,0.7100826011008564,0.2857142857142857,1.469442375103818,0.0005933165941679609,1.4694428855453756,0.0005933165941679609,23.322383514943688,0.9
9,2015-01-12,good_015,good,True,True,True,,,,11.0,6.0,12.0,6.0,0.6666666666666666,0.584363521718695,0.5537322011440786,0.6558366030594668,0.16326530612244897,1.7240438512975473,0.000944405521721609,1.7240442884729175,0.000944405521721609,27.47321045399998,0.95
9,2015-01-12,good_016,good,True,True,True,,,,14.0,3.0,15.0,3.0,0.8333333333333334,0.5942124924077914,0.4759258141895826,0.8702147415836118,0.40816326530612246,1.1255084843013536,0.0006515298995345301,1.1255087550160228,0.0006515298995345301,17.822323209443553,0.85
9,2015-01-12,good_017,good,True,True,True,,,,13.0,4.0,14.0,4.0,0.7777777777777778,0.5736586541190601,0.5332594751734668,0.6679234049921113,0.1836734693877551,1.7106258150193128,0.0006710074660405051,1.7106264196527827,0.0006710074660405051,26.514420177830292,0.9
9,2015-01-12,good_018,good,True,True,True,,,,14.0,3.0,15.0,3.0,0.8333333333333334,0.6174463211706871,0.4996285125575103,0.8923545412681,0.5714285714285714,0.9446006885388506,0.0005064935811739361,0.9446009296936986,0.0005064935811739361,14.827217542575157,0.75
9,2015-01-12,good_019,good,True,True,True,,,,14.0,3.0,15.0,3.0,0.8333333333333334,0.7224437001192607,0.633690259852481,0.9295350607417469,0.04081632653061224,2.4045775328788563,0.0010474725687066662,2.4045783002133088,0.0010474725687066662,37.98721017702396,1.0
9,2015-01-12,medium_000,medium,True,False,,,,,7.5,8.0,8.0,8.0,0.5,0.5248947067676921,0.5305852893865477,0.5116166806570293,,,,1.135916371597183,0.0006872542430694203,18.006527416574848,0.85
9,2015-01-12,medium_001,medium,True,True,True,,,,9.0,7.0,10.0,7.0,0.5882352941176471,0.5902653666514985,0.5339161104082571,0.7217469645523951,0.3469387755102041,1.3276923467939754,0.0006597111331183598,1.3276927187493115,0.0006597111331183598,21.182206393573704,0.9
9,2015-01-12,medium_002,medium,False,True,True,,,,7.5,9.0,8.5,9.0,0.4857142857142857,0.42244613419907573,0.432772293033106,0.39835176358633867,0.673469387755102,0.8357519794980165,0.00044666790251509606,0.8357521942409853,0.00044666790251509606,13.123247712401255,0.75
9,2015-01-12,medium_003,medium,True,True,True,,,,9.5,7.0,10.5,7.0,0.6,0.5856536090215387,0.4954388402215959,0.7961547362214055,0.22448979591836735,1.6516181732875614,0.0006768027925332055,1.6516187343649804,0.0006768027925332055,25.841614704824504,1.0
9,2015-01-12,medium_004,medium,True,True,True,,,,8.5,6.0,9.5,6.0,0.6129032258064516,0.5640107980332643,0.5195781384743714,0.6676870036706808,0.2653061224489796,1.5597238529556077,0.0007276285039728124,1.5597243195240018,0.0007276285039728124,24.513368507872833,0.9
9,2015-01-12,medium_005,medium,True,False,,,,,8.5,6.0,9.0,6.0,0.6,0.545256475477808,0.5092083668306417,0.6293687289878626,,,,1.4649394817637449,0.0008476241703180417,23.281628932346578,0.9
9,2015-01-12,medium_006,medium,False,True,False,,,,9.0,7.0,9.0,8.0,0.5294117647058824,0.4720571134143926,0.4644116852613426,0.4898964457715095,0.9183673469387755,0.6384300426543871,0.0003445172209845519,0.6384302076593996,0.0003445172209845519,10.125231680961868,0.8
9,2015-01-12,medium_007,medium,True,False,,,,,6.5,10.0,6.5,10.0,0.3939393939393939,0.4854193618814632,0.5007538306170546,0.4496389348317499,,,,0.8243693300979752,0.0005672060986492844,13.281889839881678,0.8
9,2015-01-12,medium_008,medium,True,False,,,,,9.0,8.0,9.0,8.0,0.5294117647058824,0.5183419150719801,0.5365210301599508,0.47592397986671525,,,,1.2107072377596215,0.0006610040243479237,19.46587210994144,0.85
9,2015-01-12,medium_009,medium,True,True,True,,,,9.5,7.0,10.5,7.0,0.6,0.6288473110986889,0.5505122911326992,0.8116290243526649,0.10204081632653061,2.166329685746335,0.0008542515806511684,2.1663304468385207,0.0008542515806511684,34.44138683031578,1.0
9,2015-01-12,medium_010,medium,True,True,True,,,,8.5,8.0,9.5,8.0,0.5428571428571428,0.5739201615094571,0.48734206382759027,0.7759357227671464,0.42857142857142855,1.0958005583469643,0.0005930286965609876,1.095800840461006,0.0005930286965609876,17.34141334711382,0.9
9,2015-01-12,medium_011,medium,True,False,,,,,7.0,9.0,7.0,9.0,0.4375,0.5171196333982571,0.4791075155095659,0.6058145751385365,,,,1.5936906496970447,0.0007841478681061149,25.227841522523086,0.85
9,2015-01-12,medium_012,medium,True,True,False,,,,10.5,6.0,10.5,7.0,0.6,0.5164390165866812,0.39826517174280046,0.7921779878890698,0.5510204081632653,0.9585492824785597,0.0005434584282734247,0.9585495155263956,0.0005434584282734247,15.068831217069032,0.8
9,2015-01-12,medium_013,medium,True,False,,,,,5.5,8.0,6.0,8.0,0.42857142857142855,0.4949747490323021,0.5340030316525066,0.40390875625182493,,,,2.0100412397427463,0.0008911172940536104,32.16461970693255,0.9
9,2015-01-12,medium_014,medium,False,True,False,,,,10.5,6.0,10.5,7.0,0.6,0.45698407508621885,0.3838340118644542,0.6276675559370032,0.8163265306122449,0.7403405150022834,0.0005199752319676122,0.7403406588535903,0.0005199752319676122,11.663366963744478,0.8
9,2015-01-12,medium_015,medium,True,False,,,,,6.5,8.0,6.5,8.0,0.4482758620689655,0.556738005607351,0.5203277845186862,0.6416951881475691,,,,1.6485524938512783,0.0008904070009059705,26.134963947478663,0.95
9,2015-01-12,medium_016,medium,True,True,True,,,,8.5,8.0,9.5,8.0,0.5428571428571428,0.5912268655401643,0.5714141209837609,0.6374566028384392,0.12244897959183673,2.0825988659135763,0.000789610689983212,2.082599637138537,0.000789610689983212,32.94490182098683,1.0
9,2015-01-12,medium_017,medium,False,True,False,,,,6.5,7.0,6.5,8.0,0.4482758620689655,0.4248574376682106,0.4045042273343733,0.47234826178049777,0.8979591836734694,0.6801161600175921,0.00041048989876304114,0.6801163190612611,0.00041048989876304114,10.885363300380222,0.65
9,2015-01-12,medium_018,medium,True,True,True,,,,9.5,7.0,10.5,7.0,0.6,0.5774171325886371,0.5395697976467876,0.665727580786286,0.46938775510204084,1.051475152136063,0.0006405070433455984,1.0514753887481552,0.0006405070433455984,16.411105649767624,0.85
9,2015-01-12,medium_019,medium,False,True,False,,,,8.5,7.0,8.5,8.0,0.5151515151515151,0.4347931427388185,0.3964461418947978,0.5242694780415337,0.6122448979591837,0.939201331308681,0.000496257139042025,0.9392015777704773,0.000496257139042025,14.970791391154876,0.85
9,2015-01-12,medium_020,medium,True,False,,,,,9.5,7.0,9.5,7.0,0.5757575757575758,0.5142619027832996,0.4859487185013357,0.5803259994412155,,,,1.0354323589425547,0.0005209242267630702,16.177839644452987,0.85
9,2015-01-12,medium_021,medium,False,True,False,,,,12.0,5.0,12.0,6.0,0.6666666666666666,0.47686071095450516,0.38608292671687305,0.6886755408423134,0.7755102040816326,0.7632362087556835,0.0006561399645037181,0.7632363317781796,0.0006561399645037181,11.973681613648827,0.8
9,2015-01-12,medium_022,medium,True,True,False,,,,10.0,6.0,10.0,7.0,0.5882352941176471,0.4949702990370243,0.5050462168300106,0.47145982418672294,0.8367346938775511,0.7081556097558961,0.0005071071001703582,0.7081557493867251,0.0005071071001703582,11.36926078052673,0.75
9,2015-01-12,medium_023,medium,True,True,True,,,,9.0,7.0,10.0,7.0,0.5882352941176471,0.5738368640696581,0.553640433720314,0.6209618682181276,0.02040816326530612,2.476185328733025,0.0007642061119237378,2.476186447770289,0.0007642061119237378,39.39611246647466,1.0
9,2015-01-12,medium_024,medium,True,False,,,,,7.0,8.0,7.0,8.0,0.4666666666666667,0.48911699747434834,0.47720455738223355,0.5169126910226164,,,,1.1375184643051248,0.0005913777673853764,18.406255225675345,0.9
9,2015-01-12,medium_025,medium,False,True,True,,,,9.0,7.0,10.0,7.0,0.5882352941176471,0.47201319210897674,0.46423373598365103,0.49016525640140346,0.5102040816326531,0.9947983738494215,0.0005625547671539505,0.9947986182540974,0.0005625547671539505,15.78083989120534,0.8
9,2015-01-12,medium_026,medium,True,True,True,,,,8.5,7.0,9.5,7.0,0.5757575757575758,0.5279516496030862,0.5564175062125615,0.4615313175143104,0.20408163265306123,1.6798368402506392,0.0008315462685066248,1.6798373132482383,0.0008315462685066248,26.556448589753778,0.9
9,2015-01-12,medium_027,medium,True,True,True,,,,8.0,7.0,9.0,7.0,0.5625,0.5390492071115698,0.54628660977299,0.5221619342349229,0.32653061224489793,1.3656476790043202,0.0006876372026035447,1.365648052390868,0.0006876372026035447,21.24679343346243,0.9
9,2015-01-12,medium_028,medium,False,True,True,,,,9.5,6.0,10.5,6.0,0.6363636363636364,0.46001595247811167,0.4701919695974425,0.43627191253300646,0.6530612244897959,0.8790585174745456,0.0005970388855297879,0.8790586949543396,0.0005970388855297879,13.814877414156564,0.8
9,2015-01-12,medium_029,medium,True,True,True,,,,8.5,8.0,9.5,8.0,0.5428571428571428,0.5197716525871586,0.5016320807291526,0.5620973202558397,0.4489795918367347,1.0515178942715713,0.0005636868561633594,1.0515181658873338,0.0005636868561633594,16.80033744953655,0.9
9,2015-01-12,bad_000,bad,True,True,True,,,,5.0,9.0,6.0,9.0,0.4,0.5336538198251708,0.5842568761610613,0.415580021708093,0.08163265306122448,2.2043769981504275,0.0007963841835581372,2.204377848614031,0.0007963841835581372,34.64708425588849,1.0
9,2015-01-12,bad_001,bad,False,False,,failure,0.39000000000000007,-1.4810576474301058,3.5,9.0,3.5,9.0,0.28,0.36294713578161275,0.4370050547137928,0.19014532493985936,,,,0.566849299654458,0.00035715227156083877,8.903732671001302,0.7
9,2015-01-12,bad_002,bad,False,False,,success,0.8200000000000002,3.8656345306288813,4.0,9.0,4.5,9.0,0.3333333333333333,0.4387842239463561,0.5164742727660114,0.2575074433671604,,,,0.8342147987851164,0.0005223592148905578,13.135698631927083,0.75
9,2015-01-12,bad_003,bad,False,False,,failure,0.4200000000000001,-3.6944821336561233,4.5,10.0,4.5,10.0,0.3103448275862069,0.4744455843918016,0.5236717197552496,0.3595846018770896,,,,1.4377159764583414,0.0006704188881379939,22.856073418937616,0.85
9,2015-01-12,bad_004,bad,False,True,True,,,,3.5,8.0,4.5,8.0,0.36,0.44976227563327315,0.5168490695581381,0.2932264231419216,0.3673469387755102,1.278407704718136,0.0007505238547750695,1.2784080081725615,0.0007505238547750695,20.09389734582641,0.85
9,2015-01-12,bad_005,bad,False,False,,failure,0.39000000000000007,-5.864790441407024,3.0,10.0,3.0,10.0,0.23076923076923078,0.3600024104845078,0.40329489851293937,0.25898660508483423,,,,0.3208027096122299,0.00020708820330060386,5.220058456158803,0.6
9,2015-01-12,bad_006,bad,False,True,False,,,,4.5,9.0,4.5,10.0,0.3103448275862069,0.4321667866232432,0.5208986030340608,0.22512588166466893,0.9591836734693877,0.609124739252279,0.0004556299739087794,0.6091248530082316,0.0004556299739087794,9.698487659527107,0.7
9,2015-01-12,bad_007,bad,False,False,,success,0.8200000000000002,0.2943265821361365,5.0,8.0,5.5,8.0,0.4074074074074074,0.41896672500573495,0.533418510631374,0.15191255854591057,,,,1.5495600085684627,0.0006541675513376327,24.546294582741773,0.9
9,2015-01-12,bad_008,bad,False,False,,failure,0.5100000000000001,-4.4155480917622185,2.5,8.0,2.5,8.0,0.23809523809523808,0.4621477896367745,0.4753374729684466,0.4313718618628731,,,,1.2831895474278947,0.0007195840448662148,20.339012979436173,0.9
9,2015-01-12,bad_009,bad,False,True,False,,,,3.0,9.0,3.0,10.0,0.23076923076923078,0.39716072934329966,0.47883257970975246,0.20659307848824324,0.7142857142857143,0.8256761363590778,0.0005774701786072812,0.8256762999076346,0.0005774701786072812,13.136451801808684,0.85
9,2015-01-12,bad_010,bad,False,False,,failure,0.36000000000000004,-3.796242682783827,3.5,10.0,3.5,10.0,0.25925925925925924,0.3404178657978036,0.3821859965089959,0.242958894138355,,,,0.5761146941403915,0.0003287017278944883,9.223216572042228,0.7
9,2015-01-12,bad_011,bad,False,False,,failure,0.5100000000000001,-13.37496421111743,3.0,8.0,3.0,8.0,0.2727272727272727,0.33308701552114434,0.41942834852657296,0.13162390517514422,,,,0.9519390664200431,0.0004014935537192293,15.03264845585587,0.85
9,2015-01-12,bad_012,bad,False,True,True,,,,4.0,9.0,5.0,9.0,0.35714285714285715,0.46368695472594273,0.5127823227002376,0.34913109611925475,0.3877551020408163,1.1592823834080241,0.0005805804888576354,1.1592827046576988,0.0005805804888576354,18.243240794306818,0.85
9,2015-01-12,bad_013,bad,True,False,,,,,4.0,8.0,4.5,8.0,0.36,0.4888636055232526,0.5145511342628847,0.42892603846411115,,,,1.0360891109542416,0.0006232674008893545,16.53569797310986,0.75
9,2015-01-12,bad_014,bad,False,False,,success,0.8500000000000002,1.9790964632417172,2.5,8.0,3.0,8.0,0.2727272727272727,0.4190605492754092,0.5594930357403267,0.091384747523935,,,,1.8642057602075612,0.000881948317802845,29.006664642776652,1.0
9,2015-01-12,bad_015,bad,False,False,,failure,0.39000000000000007,-5.50463132274902,3.0,9.0,3.0,9.0,0.25,0.3239338010189704,0.4253532854174737,0.08728833742246278,,,,0.724727891051246,0.0004648560502902107,11.55098379570188,0.7
9,2015-01-12,bad_016,bad,False,False,,failure,0.5100000000000001,-1.686538266155651,4.0,8.0,4.0,8.0,0.3333333333333333,0.3672617347791838,0.4176686408456748,0.249645620624038,,,,0.5228042460685526,0.0003026877769790437,8.358994264505196,0.65
9,2015-01-12,bad_017,bad,False,False,,failure,0.5100000000000001,-3.316767091146204,4.0,10.0,4.0,10.0,0.2857142857142857,0.36388896253081293,0.4127131954357435,0.24996575241930838,,,,0.8186543163461171,0.0004666281473346286,12.932619486566619,0.8
9,2015-01-12,bad_018,bad,False,False,,failure,0.5400000000000001,-2.6391600479025215,3.0,9.0,3.0,9.0,0.25,0.376735818480596,0.4946894940648072,0.10151057545076982,,,,1.0056981352576244,0.0005735693791933726,15.806010268890322,0.85
9,2015-01-12,bad_019,bad,False,False,,failure,0.5100000000000001,-7.645550300853557,6.0,9.0,6.0,9.0,0.4,0.40692832553355845,0.4361333425635761,0.3387832857968508,,,,0.5829453466235874,0.00034884417903785145,9.352234110191144,0.8
9,2015-01-12,bad_020,bad,False,False,,failure,0.4200000000000001,-7.3804670422358924,4.5,10.0,4.5,10.0,0.3103448275862069,0.40694710606321,0.47909494913456013,0.2386021388967263,,,,1.384279976032884,0.0007519023597624658,21.70242547067028,0.85
9,2015-01-12,bad_021,bad,False,True,False,,,,4.5,9.0,4.5,10.0,0.3103448275862069,0.41052773963291056,0.4542669423298903,0.30846960000662466,0.8571428571428571,0.6948635697926749,0.0003802831022199153,0.6948637441511847,0.0003802831022199153,10.884594522066472,0.75
9,2015-01-12,bad_022,bad,False,False,,failure,0.39000000000000007,-5.934795334859132,3.0,8.0,3.0,8.0,0.2727272727272727,0.3094597714043999,0.38690993359781967,0.12874272628642053,,,,0.2877224888946195,0.0001902230318942069,4.531920052761273,0.6
9,2015-01-12,bad_023,bad,False,False,,failure,0.4200000000000001,-11.677142151155437,3.5,8.0,3.5,8.0,0.30434782608695654,0.3925034883793788,0.47169490299212535,0.20772352094963697,,,,0.6806979318206815,0.0004565767981483923,10.623677267615358,0.75
9,2015-01-12,bad_024,bad,True,False,,,,,4.0,9.0,4.0,9.0,0.3076923076923077,0.4991899864928534,0.5952170083560231,0.2751269354787909,,,,2.7488576615012232,0.001013271967206493,43.45351407658914,1.0
9,2015-01-12,bad_025,bad,False,True,False,,,,3.0,8.0,3.0,9.0,0.25,0.3179874974288641,0.3652091670891079,0.20780360155496205,0.8775510204081632,0.6901162426151685,0.00041137140798998305,0.6901164028372404,0.00041137140798998305,11.1166974480799,0.75
9,2015-01-12,bad_026,bad,False,True,False,,,,3.0,8.0,3.0,9.0,0.25,0.2906921089216322,0.3646550875402895,0.11811182547809841,0.7346938775510204,0.7986750416711123,0.0004453589480864093,0.7986752403751107,0.0004453589480864093,12.606328982931345,0.85
9,2015-01-12,bad_027,bad,False,False,,failure,0.5100000000000001,-1.7639631794899628,3.0,8.0,3.0,8.0,0.2727272727272727,0.4204073339130039,0.5500680915692218,0.11786556604849562,,,,1.5502507978193787,0.0007492378577248614,24.43011140704246,0.95
9,2015-01-12,bad_028,bad,False,False,,success,0.8500000000000002,0.2929309016819843,3.5,8.0,4.0,8.0,0.3333333333333333,0.44242862413756917,0.4680024574566624,0.38275634639301837,,,,0.8341531179629448,0.00039192797429981956,13.419848088134149,0.8
9,2015-01-12,bad_029,bad,False,False,,neutral,0.5100000000000001,-0.006479887013455254,3.5,9.0,3.5,9.0,0.28,0.3720580690479134,0.4315933646881039,0.23314237922080222,,,,0.26644774603610333,0.0001642536902166168,4.265044826769584,0.65
9,2015-01-12,bad_030,bad,True,False,,,,,3.5,9.0,4.0,9.0,0.3076923076923077,0.47711018463785215,0.43714300611970336,0.5703669345135329,,,,0.41530460354981047,0.00024627863664501877,6.544180747448625,0.65
9,2015-01-12,bad_031,bad,False,False,,failure,0.5100000000000001,-8.088267063683077,3.0,8.0,3.0,8.0,0.2727272727272727,0.3006992926871769,0.3599400936675966,0.16247075706619754,,,,0.6396373068428152,0.0004111511556973477,10.08195700732936,0.6
9,2015-01-12,bad_032,bad,True,False,,,,,3.5,8.0,3.5,8.0,0.30434782608695654,0.5411292280677166,0.5406057692899456,0.5423506318825155,,,,1.9140307134416699,0.0007369854145479417,30.449720290522052,0.9
9,2015-01-12,bad_033,bad,False,False,,failure,0.39000000000000007,-5.404731461408403,2.5,9.0,2.5,9.0,0.21739130434782608,0.4104637350964545,0.4359887381862799,0.3509053945535286,,,,0.6402664554498144,0.0004055815271053624,10.132832896481258,0.75
9,2015-01-12,bad_034,bad,False,False,,failure,0.39000000000000007,-6.976448956708737,5.5,9.0,5.5,9.0,0.3793103448275862,0.4014117749654146,0.4794004046529603,0.21943830569447476,,,,1.00922721805318,0.0006054089644086996,15.79774514751419,0.9
9,2015-01-12,bad_035,bad,False,False,,failure,0.39000000000000007,-1.3641219631172135,4.0,9.0,4.0,9.0,0.3076923076923077,0.3493226527338285,0.3007018886948238,0.46277110215817296,,,,0.4283694466774126,0.00029878964826342324,6.88818494428227,0.65
9,2015-01-12,bad_036,bad,False,False,,failure,0.39000000000000007,-7.44589190303887,4.0,9.0,4.0,9.0,0.3076923076923077,0.4501133227864054,0.4201471517491578,0.5200343885399833,,,,0.6623912357404107,0.0004095578862873244,10.529022975371598,0.75
9,2015-01-12,bad_037,bad,False,False,,failure,0.5100000000000001,-9.75854244617392,2.5,10.0,2.5,10.0,0.2,0.41457170563351203,0.49111220646020126,0.23597720370457065,,,,0.9948764852820987,0.0005743679382921158,15.756864716276684,0.85
9,2015-01-12,bad_038,bad,False,True,False,,,,4.5,9.0,4.5,10.0,0.3103448275862069,0.406741066226356,0.3767166161991432,0.4767981162898525,0.5918367346938775,0.9427509119714357,0.0004926698266570492,0.9427511607724208,0.0004926698266570492,14.93273036029624,0.85
9,2015-01-12,bad_039,bad,True,False,,,,,3.5,9.0,4.0,9.0,0.3076923076923077,0.5516059640142073,0.5298099957184892,0.6024632233708828,,,,1.2692037277797126,0.000704875958442517,20.09490476222076,0.9
9,2015-01-12,bad_040,bad,True,False,,,,,3.5,8.0,3.5,8.0,0.30434782608695654,0.49912629578523976,0.5531651714096385,0.3730355859949761,,,,1.572099244771954,0.0006963866596547241,24.8379221869674,0.9
9,2015-01-12,bad_041,bad,False,False,,failure,0.39000000000000007,-10.561695307331803,3.5,8.0,3.5,8.0,0.30434782608695654,0.32225968777670444,0.31169441928146147,0.34691198093227155,,,,0.2235551603301653,0.00012690622793630948,3.505796205741306,0.65
9,2015-01-12,bad_042,bad,False,False,,failure,0.39000000000000007,-1.063565734364289,2.5,8.0,2.5,8.0,0.23809523809523808,0.3527371772144331,0.44222098815812816,0.14394161834581148,,,,0.8235149882014431,0.0005365294730443105,13.078705389929723,0.75
9,2015-01-12,bad_043,bad,False,False,,success,0.9700000000000001,8.997915316308934,2.5,8.0,3.0,8.0,0.2727272727272727,0.45347459249724487,0.5438689168023573,0.2425545024519827,,,,1.230776365440009,0.0006092690117365486,19.4160469520164,0.85
9,2015-01-12,bad_044,bad,False,False,,failure,0.4200000000000001,-4.013945006332534,4.0,9.0,4.0,9.0,0.3076923076923077,0.47656330308264183,0.5174837582241757,0.3810822410857296,,,,1.4358190479723607,0.0006508685330927597,22.80824382306033,0.95
9,2015-01-12,bad_045,bad,False,False,,failure,0.4200000000000001,-2.870173767765351,4.5,10.0,4.5,10.0,0.3103448275862069,0.4198236226628431,0.505859806409595,0.21907252725375553,,,,1.388589853917509,0.0006515198507778637,21.82328352358293,0.95
9,2015-01-12,bad_046,bad,True,False,,,,,3.5,9.0,3.5,9.0,0.28,0.4984918509308426,0.5122016835698759,0.46650224143976493,,,,1.322616226649493,0.0006718962545443155,20.833061854380368,0.9
9,2015-01-12,bad_047,bad,False,True,False,,,,4.5,9.0,4.5,10.0,0.3103448275862069,0.44549871868865826,0.5236048459941884,0.26325108830908794,0.7959183673469388,0.7562549649848878,0.0004570389469330744,0.7562551388832891,0.0004570389469330744,12.27349159444409,0.8
9,2015-01-12,bad_048,bad,False,False,,failure,0.5100000000000001,-5.006607082295147,2.5,8.0,2.5,8.0,0.23809523809523808,0.40724157371340775,0.5347620552715577,0.10969378341105789,,,,1.4732710967219125,0.0007001916597536084,23.287325157115404,0.85
9,2015-01-12,bad_049,bad,False,True,False,,,,5.5,8.0,5.5,9.0,0.3793103448275862,0.4444169461927653,0.4901044682237833,0.3378127281203901,0.9387755102040817,0.6194634041688868,0.00046667760001216883,0.6194635200075649,0.00046667760001216883,9.873136450279592,0.7
10,2015-02-10,good_000,good,True,True,True,,,,15.0,3.0,16.0,3.0,0.8421052631578947,0.6649862333171583,0.5442056576989389,0.9468075764263372,0.6938775510204082,0.9800823420013213,0.0005558850856819978,0.9800825837985917,0.0005558850856819978,15.585042493372729,0.9
10,2015-02-10,good_001,good,False,True,False,,,,13.0,5.0,13.0,6.0,0.6842105263157895,0.4485554057471866,0.4147722126786052,0.5273828562405433,0.9387755102040817,0.5739584347033747,0.0003090069115732038,0.5739585831623462,0.0003090069115732038,9.11447034977527,0.7
10,2015-02-10,good_002,good,True,True,True,,,,12.5,5.0,13.5,5.0,0.7297297297297297,0.5665185367979442,0.5092887697484387,0.700054659913457,0.4489795918367347,1.2532601621049642,0.0006841257463695372,1.253260478483608,0.0006841257463695372,19.72528458666818,0.95
10,2015-02-10,good_003,good,True,True,True,,,,16.0,2.0,17.0,2.0,0.8947368421052632,0.6150437345561218,0.5419201051821716,0.7856655364286725,0.6326530612244898,1.0811684135194906,0.0005793787377937585,1.0811686927740678,0.0005793787377937585,17.039603569411828,0.8
10,2015-02-10,good_004,good,True,True,True,,,,14.0,4.0,15.0,4.0,0.7894736842105263,0.530479051299826,0.41230989796416273,0.806207075749707,0.42857142857142855,1.2618782462332672,0.0006962063616572803,1.2618785642476866,0.0006962063616572803,19.99961095575806,0.8
10,2015-02-10,good_005,good,True,True,True,,,,15.0,3.0,16.0,3.0,0.8421052631578947,0.6801714663150902,0.5840514201776811,0.9044515739690452,0.20408163265306123,1.6919858934340644,0.0008026880506294919,1.6919863921879932,0.0008026880506294919,26.620153321282775,0.9
10,2015-02-10,good_006,good,True,True,True,,,,14.0,4.0,15.0,4.0,0.7894736842105263,0.5051097583886609,0.4736912694780391,0.5784195658467787,0.4897959183673469,1.1729667969238005,0.0006481534258493047,1.1729670896632391,0.0006481534258493047,18.62468385661257,0.85
10,2015-02-10,good_007,good,True,True,True,,,,12.0,5.0,13.0,5.0,0.7222222222222222,0.562970885047884,0.5671851321731103,0.5531376417556891,0.40816326530612246,1.2727303515566868,0.0007514643002993638,1.2727306521155828,0.0007514643002993638,20.14059025267837,0.9
10,2015-02-10,good_008,good,True,True,False,,,,12.0,6.0,12.0,7.0,0.631578947368421,0.5445577104611924,0.491292917595624,0.6688422271475188,0.8367346938775511,0.7378046862407566,0.0004316882138456793,0.7378048648001377,0.0004316882138456793,11.743876867071782,0.8
10,2015-02-10,good_009,good,True,True,True,,,,12.0,5.0,13.0,5.0,0.7222222222222222,0.5999109030812063,0.5112880519911348,0.8066975556247066,0.24489795918367346,1.5789903760502932,0.000736900232137451,1.5789908440524332,0.000736900232137451,24.983060648079235,0.8
10,2015-02-10,good_010,good,True,True,True,,,,16.0,2.0,17.0,2.0,0.8947368421052632,0.7202103343459748,0.6113618506212264,0.9741901297037213,0.0,3.046793822075417,0.001011779772233841,3.046795103060516,0.001011779772233841,47.68613755373885,1.0
10,2015-02-10,good_011,good,True,True,True,,,,13.0,5.0,14.0,5.0,0.7368421052631579,0.6526214407095097,0.5686552023885989,0.8485426634583018,0.3673469387755102,1.3883777049265225,0.000860423307518501,1.3883780167916582,0.000860423307518501,21.985897933035655,0.9
10,2015-02-10,good_012,good,True,True,True,,,,15.0,3.0,16.0,3.0,0.8421052631578947,0.7079544520336645,0.6202250551144158,0.9126563781785784,0.061224489795918366,1.9930551157606946,0.0009435732537116101,1.9930557043513308,0.0009435732537116101,31.810727137498187,0.9
10,2015-02-10,good_013,good,True,True,False,,,,12.0,6.0,12.0,7.0,0.631578947368421,0.5189729044323121,0.4728418774675472,0.626611967350097,0.7142857142857143,0.9706662435958514,0.0005591593854551551,0.9706664776773724,0.0005591593854551551,15.395107335846072,0.75
10,2015-02-10,good_014,good,True,True,False,,,,12.0,5.0,12.0,6.0,0.6666666666666666,0.5485591994023681,0.4568080095953101,0.7626453089521702,0.7346938775510204,0.8857167325203532,0.0004674506037828264,0.8857169667176036,0.0004674506037828264,13.938218098278075,0.85
10,2015-02-10,good_015,good,True,True,True,,,,12.0,6.0,13.0,6.0,0.6842105263157895,0.5593696336504478,0.4807811449697472,0.7427427739054158,0.30612244897959184,1.4064639254273246,0.0006440159680238952,1.4064643532273946,0.0006440159680238952,22.444581477651035,0.9
10,2015-02-10,good_016,good,True,True,True,,,,15.0,3.0,16.0,3.0,0.8421052631578947,0.664554837952338,0.5652840504105261,0.8961866755498992,0.5510204081632653,1.1602706811872232,0.0008823311269869304,1.160270896140972,0.0008823311269869304,18.828887972395393,0.8
10,2015-02-10,good_017,good,True,True,True,,,,14.0,4.0,15.0,4.0,0.7894736842105263,0.5962707992593763,0.5303781191587689,0.7500203861607938,0.1836734693877551,1.7589896439363621,0.000723908103563241,1.7589902374002797,0.000723908103563241,27.651288332866955,1.0
10,2015-02-10,good_018,good,True,True,True,,,,15.0,3.0,16.0,3.0,0.8421052631578947,0.5737000295515559,0.538735565071141,0.6552837800058574,0.02040816326530612,2.1765185455552105,0.000892604609014583,2.1765192863471636,0.000892604609014583,34.69464756472121,0.95
10,2015-02-10,good_019,good,True,True,True,,,,15.0,3.0,16.0,3.0,0.8421052631578947,0.6570004251884087,0.6087777970147121,0.7695198909270344,0.12244897959183673,1.8973103821755914,0.0008725673753248028,1.8973109570726765,0.0008725673753248028,29.937642455975595,0.9
10,2015-02-10,medium_000,medium,True,True,False,,,,8.0,8.0,8.0,9.0,0.47058823529411764,0.4816808167887143,0.46102545537888195,0.5298766600783233,0.8775510204081632,0.6988020173434815,0.0004796324317761515,0.6988021585176751,0.0004796324317761515,11.149593931056156,0.8
10,2015-02-10,medium_001,medium,True,True,True,,,,10.0,7.0,11.0,7.0,0.6111111111111112,0.568884793430878,0.5760993325245118,0.5520508688790662,0.10204081632653061,1.971088564067432,0.0009401348830833867,1.9710891379389635,0.0009401348830833867,31.429868182106336,1.0
10,2015-02-10,medium_002,medium,True,False,,,,,8.5,9.0,8.5,9.0,0.4857142857142857,0.533908396376802,0.4987161866439537,0.6160235524201148,,,,0.8524934465045221,0.0005781565093483712,13.595060062784793,0.8
10,2015-02-10,medium_003,medium,True,True,False,,,,10.5,7.0,10.5,8.0,0.5675675675675675,0.5044262076247976,0.5081894884424213,0.49564521905034226,0.7551020408163265,0.8835564150741998,0.0004759722570608117,0.883556641386501,0.0004759722570608117,13.868618634464521,0.7
10,2015-02-10,medium_004,medium,True,True,False,,,,9.5,6.0,9.5,7.0,0.5757575757575758,0.5141026316221189,0.5311397126731637,0.47434944250301436,0.7959183673469388,0.7987757724392293,0.0005175135721354748,0.7987759438823661,0.0005175135721354748,12.659903537948756,0.7
10,2015-02-10,medium_005,medium,True,True,True,,,,9.0,6.0,10.0,6.0,0.625,0.5762348521748577,0.5607873102065891,0.6122791167674846,0.22448979591836735,1.6387006450392214,0.0007899933748916895,1.6387011179778737,0.0007899933748916895,26.064386658714366,0.9
10,2015-02-10,medium_006,medium,False,False,,success,0.9400000000000001,1.2680327381592775,9.0,8.0,9.5,8.0,0.5428571428571428,0.4511081752106334,0.4003642792002601,0.5695105992348379,,,,0.6958621689236234,0.0003943049504283217,11.133662286536518,0.7
10,2015-02-10,medium_007,medium,False,True,True,,,,6.5,10.0,7.5,10.0,0.42857142857142855,0.4439610880120174,0.5144297940253044,0.2795341073143477,0.2653061224489796,1.5745085208969316,0.0005950005617677025,1.5745091005252108,0.0005950005617677025,24.438809271215426,0.95
10,2015-02-10,medium_008,medium,True,True,True,,,,9.0,8.0,10.0,8.0,0.5555555555555556,0.5327108702315627,0.525531735924597,0.5494621836144828,0.14285714285714285,1.769257173541239,0.0007454673574260273,1.769257759507616,0.0007454673574260273,27.809932087113705,0.9
10,2015-02-10,medium_009,medium,True,True,True,,,,10.5,7.0,11.5,7.0,0.6216216216216216,0.5824356275429596,0.564321699089491,0.6247014606010531,0.08163265306122448,1.9887300685554172,0.0008403539038028417,1.9887307202334636,0.0008403539038028417,31.245664911412295,1.0
10,2015-02-10,medium_010,medium,True,True,False,,,,9.5,8.0,9.5,9.0,0.5135135135135135,0.4960261081855638,0.4243588475600053,0.6632497163118671,0.9183673469387755,0.6513372503975369,0.0003909619643872246,0.651337400443244,0.0003909619643872246,10.304298628187027,0.7
10,2015-02-10,medium_011,medium,False,True,False,,,,7.0,9.0,7.0,10.0,0.4117647058823529,0.45488303198799673,0.4773089872234927,0.40255580310517286,0.8571428571428571,0.704246717927075,0.0003579650518311953,0.7042469097406603,0.0003579650518311953,11.145658286283982,0.8
10,2015-02-10,medium_012,medium,True,True,True,,,,10.5,7.0,11.5,7.0,0.6216216216216216,0.5896595473077488,0.5248411441769476,0.740902487946285,0.16326530612244897,1.769099594250148,0.0008048499454648963,1.7691001359871805,0.0008048499454648963,27.971630029893113,0.95
10,2015-02-10,medium_013,medium,False,True,True,,,,6.0,8.0,7.0,8.0,0.4666666666666667,0.42980722175553543,0.5073383254956699,0.248901313028555,0.46938775510204084,1.249036190716471,0.0005997144692329086,1.2490365539625852,0.0005997144692329086,20.115269774583385,0.9
10,2015-02-10,medium_014,medium,True,False,,,,,10.5,7.0,11.0,7.0,0.6111111111111112,0.5511868479588011,0.488421765577878,0.6976387068476221,,,,0.8308907061610744,0.0005684763635081452,13.165333153273549,0.8
10,2015-02-10,medium_015,medium,False,True,True,,,,6.5,8.0,7.5,8.0,0.4838709677419355,0.44641599099046037,0.537210033130245,0.23456322599762974,0.2857142857142857,1.484390463262249,0.000612990083324671,1.484390966773471,0.000612990083324671,23.420576709780303,1.0
10,2015-02-10,medium_016,medium,True,True,False,,,,9.5,8.0,9.5,9.0,0.5135135135135135,0.47557574378248224,0.4721171078261768,0.4836458943471952,0.5102040816326531,1.1718670095870367,0.0006651419690585486,1.1718672984595566,0.0006651419690585486,18.95555999281633,0.9
10,2015-02-10,medium_017,medium,False,False,,neutral,0.5100000000000001,-0.05638348758009215,6.5,8.0,6.5,8.0,0.4482758620689655,0.4467533971214082,0.4350652663459173,0.47402570226422047,,,,0.7032870506300856,0.0004126977184882195,11.109764943147953,0.75
10,2015-02-10,medium_018,medium,True,True,True,,,,10.5,7.0,11.5,7.0,0.6216216216216216,0.568222641586164,0.5083147669430879,0.7080076824200084,0.3877551020408163,1.3230169889327685,0.0006928476981544018,1.323017345033463,0.0006928476981544018,21.041927556315166,0.85
10,2015-02-10,medium_019,medium,True,False,,,,,8.5,8.0,8.5,8.0,0.5151515151515151,0.5822690593559817,0.505216716848093,0.7620578585410556,,,,1.2878529560491654,0.0005747337073460513,20.759677328310154,0.85
10,2015-02-10,medium_020,medium,True,True,True,,,,9.5,7.0,10.5,7.0,0.6,0.5066405911070921,0.4611485738534372,0.6127886313656202,0.673469387755102,0.993659536545318,0.0006272675517575584,0.9936597563592201,0.0006272675517575584,15.787372313070094,0.8
10,2015-02-10,medium_021,medium,False,False,,neutral,0.39000000000000007,-0.05651253379474497,12.0,6.0,12.0,6.0,0.6666666666666666,0.37313860961235223,0.35317231377333913,0.4197266332367163,,,,0.7778161932563367,0.0004105057171182922,12.386198785552379,0.8
10,2015-02-10,medium_022,medium,True,True,True,,,,10.0,7.0,11.0,7.0,0.6111111111111112,0.5125698124167114,0.5193178695690892,0.49682434572782974,0.3469387755102041,1.3999252358379335,0.0006012031457552378,1.399925689248656,0.0006012031457552378,22.548298939178576,0.9
10,2015-02-10,medium_023,medium,True,True,False,,,,10.0,7.0,10.0,8.0,0.5555555555555556,0.5023202413084399,0.4816920387549324,0.5504527139332908,0.9591836734693877,0.5673073612407465,0.0003438694984107445,0.5673074922399151,0.0003438694984107445,9.101812878674426,0.75
10,2015-02-10,medium_024,medium,True,True,True,,,,7.0,8.0,8.0,8.0,0.5,0.531183803888143,0.5134157576581061,0.572642578424896,0.5918367346938775,1.1346952939732362,0.0005899267082581531,1.1346955961737668,0.0005899267082581531,18.160944628985092,0.95
10,2015-02-10,medium_025,medium,False,False,,success,0.9400000000000001,3.0582125709028247,10.0,7.0,10.5,7.0,0.6,0.40327858063329014,0.39636495849896813,0.41941036561337486,,,,1.0042919291738266,0.0006859935224320869,15.91867344149003,0.8
10,2015-02-10,medium_026,medium,True,True,True,,,,9.5,7.0,10.5,7.0,0.6,0.5171613713460668,0.5164738790181158,0.5187655201112857,0.6530612244897959,1.058327975751355,0.0005954377202710422,1.058328235392055,0.0005954377202710422,16.751360788993686,0.85
10,2015-02-10,medium_027,medium,True,True,False,,,,9.0,7.0,9.0,8.0,0.5294117647058824,0.5148562382471517,0.4893837188481105,0.5742921168449145,0.7755102040816326,0.864151861340558,0.000598507373501181,0.8641520346210447,0.000598507373501181,13.888761336919588,0.75
10,2015-02-10,medium_028,medium,True,False,,,,,10.5,6.0,11.0,6.0,0.6470588235294118,0.5054054491270399,0.4856340915062771,0.5515386169088197,,,,0.6723423749049406,0.00035573950540939445,10.598823156664698,0.75
10,2015-02-10,medium_029,medium,True,True,True,,,,9.5,8.0,10.5,8.0,0.5675675675675675,0.5625578444689225,0.5530927291917963,0.584643113448884,0.04081632653061224,1.9996845678175676,0.0008680589610622071,1.9996852116180353,0.0008680589610622071,31.59563222454137,0.95
10,2015-02-10,bad_000,bad,True,True,True,,,,6.0,9.0,7.0,9.0,0.4375,0.5033919709424772,0.5209304607981434,0.462468827945923,0.5714285714285714,1.1392028920378015,0.0006871827322454873,1.1392031551801234,0.0006871827322454873,18.153418080145137,0.9
10,2015-02-10,bad_001,bad,False,False,,success,0.9400000000000001,1.9898292599586114,3.5,9.0,4.0,9.0,0.3076923076923077,0.43212053645470416,0.4542551244512437,0.3804731644627787,,,,0.8479155084343588,0.0003704988531653901,13.56454357254387,0.8
10,2015-02-10,bad_002,bad,False,False,,success,0.9400000000000001,0.09379010349400119,4.5,9.0,5.0,9.0,0.35714285714285715,0.25045485554110836,0.32298037810728225,0.08122863622003604,,,,0.38067673907538974,0.00024370218630310434,6.037301820096004,0.6
10,2015-02-10,bad_003,bad,True,False,,,,,4.5,10.0,4.5,10.0,0.3103448275862069,0.4688394409477481,0.46997293471071244,0.4661946221674981,,,,0.8623510773541749,0.0005321620946277291,13.706724070562537,0.8
10,2015-02-10,bad_004,bad,True,False,,,,,4.5,8.0,5.0,8.0,0.38461538461538464,0.5105638565384261,0.5214249598177809,0.48522128221993144,,,,0.8866203711516973,0.0005320988568417698,14.120593073550182,0.75
10,2015-02-10,bad_005,bad,False,False,,failure,0.36000000000000004,-6.32152502599277,3.0,10.0,3.0,10.0,0.23076923076923078,0.2819714855416795,0.30323874548868035,0.23234787899867745,,,,0.19579187387636027,0.00010069089640415955,3.3612107667274014,0.55
10,2015-02-10,bad_006,bad,False,False,,success,0.9400000000000001,0.4314162100283596,4.5,10.0,5.0,10.0,0.3333333333333333,0.4548289902127771,0.456504833897044,0.4509186882828211,,,,0.6768223225599339,0.0004941984367272562,10.799479088128457,0.8
10,2015-02-10,bad_007,bad,False,False,,failure,0.5400000000000001,-1.1575858896149072,5.5,8.0,5.5,8.0,0.4074074074074074,0.45831121160139976,0.4495181546456697,0.4788283444981033,,,,0.9006248828022518,0.0005652692936387318,14.303287935619574,0.7
10,2015-02-10,bad_008,bad,False,False,,failure,0.39000000000000007,-0.8617171237176109,2.5,8.0,2.5,8.0,0.23809523809523808,0.38625389349181494,0.44517869786300224,0.248762683292378,,,,0.2066976032835969,0.00012840506368219702,3.348724803339887,0.6
10,2015-02-10,bad_009,bad,False,False,,failure,0.39000000000000007,-0.5677872847302439,3.0,10.0,3.0,10.0,0.23076923076923078,0.2669792233223142,0.332578982708052,0.1139131180889262,,,,0.4824833095707943,0.0002936256300608854,7.568188772323488,0.7
10,2015-02-10,bad_010,bad,False,False,,failure,0.5100000000000001,-1.7539376080852094,3.5,10.0,3.5,10.0,0.25925925925925924,0.35579548843305375,0.39267427036297253,0.2697449972632433,,,,0.4870542634960837,0.0003170247829350387,7.734766090971468,0.65
10,2015-02-10,bad_011,bad,False,False,,success,0.8200000000000002,1.4484789003482774,3.0,8.0,3.5,8.0,0.30434782608695654,0.37722069669670943,0.4439904779514316,0.221424540435691,,,,0.745328071142539,0.000453867789759577,11.821773011389233,0.75
10,2015-02-10,bad_012,bad,False,False,,success,0.9400000000000001,1.2184073543384528,5.0,9.0,5.5,9.0,0.3793103448275862,0.4494984770117763,0.4716498040442405,0.39781204726935987,,,,0.5855777202067934,0.0003663586530142465,9.500329256707344,0.7
10,2015-02-10,bad_013,bad,False,True,False,,,,4.5,8.0,4.5,9.0,0.3333333333333333,0.33937045237561786,0.3399410763803431,0.3380389963645924,1.0,0.28551474453742126,0.00019421217761473995,0.28551479982107864,0.00019421217761473995,4.258547861587712,0.6
10,2015-02-10,bad_014,bad,False,False,,success,0.8500000000000002,1.0485077604216428,3.0,8.0,3.5,8.0,0.30434782608695654,0.33554658022030737,0.39133085425659697,0.20538327413563176,,,,0.9352720490583116,0.0006182280233592822,14.727612733463388,0.7
10,2015-02-10,bad_015,bad,False,False,,failure,0.39000000000000007,-2.2806268604135056,3.0,9.0,3.0,9.0,0.25,0.3635487060609277,0.47896085071719385,0.09425370186297334,,,,0.7429975928179143,0.0005109284671522958,11.938184909963487,0.8
10,2015-02-10,bad_016,bad,True,False,,,,,4.0,8.0,4.5,8.0,0.36,0.4770560601153644,0.49335389135598934,0.4390277872205729,,,,1.091865379474508,0.0006587083475561367,17.400539653548005,0.85
10,2015-02-10,bad_017,bad,False,False,,failure,0.39000000000000007,-1.3395332709187073,4.0,10.0,4.0,10.0,0.2857142857142857,0.39589221290871884,0.46613175511594945,0.2319999477585142,,,,0.9217936929782096,0.0006571051944488627,14.566132566587802,0.8
10,2015-02-10,bad_018,bad,False,False,,failure,0.39000000000000007,-2.0772147543920596,3.0,9.0,3.0,9.0,0.25,0.4600953512611218,0.4837350078271062,0.40493615260715826,,,,0.6538664063323759,0.0004091008500108618,10.265059057490648,0.8
10,2015-02-10,bad_019,bad,False,False,,failure,0.5100000000000001,-0.4673780542904069,6.0,9.0,6.0,9.0,0.4,0.3894015911885627,0.3353338001779658,0.5155597702132889,,,,0.42887031568801715,0.0002385316871166395,6.78614128881662,0.7
10,2015-02-10,bad_020,bad,False,False,,failure,0.39000000000000007,-3.7815533374828902,4.5,10.0,4.5,10.0,0.3103448275862069,0.42403486173361005,0.5023625016338779,0.24127036863298518,,,,0.9317856450905004,0.0005411103233628441,14.763783238799013,0.7
10,2015-02-10,bad_021,bad,False,False,,success,0.8500000000000002,3.30607271231041,4.5,10.0,5.0,10.0,0.3333333333333333,0.43078951781152786,0.4463909283573394,0.39438622653796784,,,,1.0488257159024146,0.0005714640953296223,16.412916210685864,0.8
10,2015-02-10,bad_022,bad,False,False,,success,0.8200000000000002,5.208917813901451,3.0,8.0,3.5,8.0,0.30434782608695654,0.37547745378934205,0.45197263136546906,0.19698870611171243,,,,0.7769713171730681,0.00035291688361935997,12.31152715916492,0.8
10,2015-02-10,bad_023,bad,False,False,,success,0.9400000000000001,1.759307886249104,3.5,8.0,4.0,8.0,0.3333333333333333,0.35676524975789803,0.3526508251423195,0.3663655738609147,,,,0.5876188694209837,0.00035399749667415335,9.242900164187752,0.65
10,2015-02-10,bad_024,bad,False,True,False,,,,4.0,9.0,4.0,10.0,0.2857142857142857,0.4347979100152497,0.44499232822672596,0.4110109341884718,0.8163265306122449,0.7540368707758569,0.0004477733060925098,0.7540370464201429,0.0004477733060925098,11.77588986636737,0.8
10,2015-02-10,bad_025,bad,True,False,,,,,3.0,9.0,3.0,9.0,0.25,0.4827477938398391,0.5827320141808804,0.2494512797107428,,,,2.814948341085752,0.0009564978395891717,44.18151660545352,1.0
10,2015-02-10,bad_026,bad,False,False,,success,0.9400000000000001,7.493600530017403,3.0,9.0,3.5,9.0,0.28,0.31117184495132,0.3492892034202953,0.22223134185704446,,,,0.4757853107577441,0.00032770388153091986,7.417065677493332,0.7
10,2015-02-10,bad_027,bad,False,False,,failure,0.39000000000000007,-4.051810641356354,3.0,8.0,3.0,8.0,0.2727272727272727,0.3369051665678537,0.4093630165057289,0.16783685004614488,,,,0.5109627404604821,0.0003147854842186059,8.126778392389578,0.7
10,2015-02-10,bad_028,bad,False,False,,success,0.9400000000000001,4.9875122402727925,4.0,8.0,4.5,8.0,0.36,0.4292469578224446,0.4167330133487119,0.45844616159448776,,,,0.5003865397936236,0.00036144759101145547,7.8145279064684505,0.65
10,2015-02-10,bad_029,bad,False,False,,success,0.8200000000000002,5.124912359926881,3.5,9.0,4.0,9.0,0.3076923076923077,0.3740237173987103,0.42584109382890395,0.2531165057282586,,,,0.9491209570178386,0.000507019959399215,15.085473715172252,0.85
10,2015-02-10,bad_030,bad,True,True,True,,,,4.0,9.0,5.0,9.0,0.35714285714285715,0.5272717077017012,0.5347516461990212,0.5098185178746215,0.32653061224489793,1.4051366188638703,0.0007064706880721576,1.4051370102598923,0.0007064706880721576,22.49051750684861,0.8
10,2015-02-10,bad_031,bad,False,False,,success,0.8200000000000002,1.8941098259604985,3.0,8.0,3.5,8.0,0.30434782608695654,0.34745508235454897,0.41749779292655664,0.18402209101986433,,,,0.7772366937443022,0.0003905968844377258,12.190371246186352,0.8
10,2015-02-10,bad_032,bad,False,True,False,,,,3.5,8.0,3.5,9.0,0.28,0.4437346514403198,0.4697363747243135,0.383063963777668,0.9795918367346939,0.5031674299556947,0.0002853480660477244,0.5031675525316752,0.0002853480660477244,7.830184611545859,0.75
10,2015-02-10,bad_033,bad,False,False,,success,0.8200000000000002,1.9111236554650333,2.5,9.0,3.0,9.0,0.25,0.4190943617361441,0.464421700223016,0.31333057193344316,,,,0.6211654273194568,0.0004197264168248749,9.893016701964486,0.75
10,2015-02-10,bad_034,bad,False,False,,failure,0.5100000000000001,-1.1097767215762104,5.5,9.0,5.5,9.0,0.3793103448275862,0.4216231084206873,0.39451521653663724,0.48487485615013737,,,,0.7404532773030704,0.0004120659209453772,11.935079548941427,0.75
10,2015-02-10,bad_035,bad,False,False,,failure,0.5100000000000001,-1.0887760765472194,4.0,9.0,4.0,9.0,0.3076923076923077,0.3536061075025768,0.4080404014236736,0.22659275502001783,,,,0.48682295649155455,0.00030068208074471834,7.680789975120169,0.65
10,2015-02-10,bad_036,bad,False,False,,failure,0.39000000000000007,-6.503688847739582,4.0,9.0,4.0,9.0,0.3076923076923077,0.45198970472322075,0.46780753200167946,0.4150814410734839,,,,1.135894571102185,0.000605761443136947,17.88908493569624,0.85
10,2015-02-10,bad_037,bad,False,False,,failure,0.39000000000000007,-0.9140464767792054,2.5,10.0,2.5,10.0,0.2,0.336750405131761,0.44208720705892274,0.09096453396838372,,,,0.5498807496407417,0.0002688150289750536,8.652903373999209,0.7
10,2015-02-10,bad_038,bad,False,False,,success,0.8500000000000002,0.6644647571375373,4.5,10.0,5.0,10.0,0.3333333333333333,0.4374770837806519,0.5102573218596507,0.26765652826298814,,,,1.2337970474854165,0.0005515869303136689,19.57561678322184,0.85
10,2015-02-10,bad_039,bad,True,True,True,,,,4.0,9.0,5.0,9.0,0.35714285714285715,0.4692800807480738,0.4999815237402626,0.3976433804329668,0.6122448979591837,1.0891907390124287,0.0004918203611822624,1.0891910747225773,0.0004918203611822624,17.312129263704936,0.85
10,2015-02-10,bad_040,bad,False,True,False,,,,3.5,8.0,3.5,9.0,0.28,0.40626225343666483,0.45175144349353336,0.30012080997063834,0.5306122448979592,1.1650770833776298,0.0006438006515450319,1.1650773784701827,0.0006438006515450319,18.604225763640073,0.9
10,2015-02-10,bad_041,bad,False,False,,failure,0.39000000000000007,-0.6815250940762638,3.5,8.0,3.5,8.0,0.30434782608695654,0.4361700465715201,0.42680607645397906,0.45801931017911596,,,,0.9178952895576135,0.00041177648954984303,14.580542074465626,0.75
10,2015-02-10,bad_042,bad,False,False,,success,0.9400000000000001,0.4764481085871779,2.5,8.0,3.0,8.0,0.2727272727272727,0.459900045040293,0.5136733478686417,0.3344290051074795,,,,1.059048346250072,0.0006085717752517749,16.806944433121938,0.8
10,2015-02-10,bad_043,bad,False,False,,success,0.9700000000000001,1.1166118894613675,3.0,8.0,3.5,8.0,0.30434782608695654,0.3759089555569904,0.4026620532794829,0.3134850608711746,,,,0.7778694841553238,0.0005450954113667733,12.264372106494848,0.75
10,2015-02-10,bad_044,bad,False,False,,success,0.8500000000000002,0.14725573651205082,4.0,9.0,4.5,9.0,0.3333333333333333,0.46563803577175733,0.48484637481567694,0.4208185780026118,,,,1.368291125924224,0.0007791098495325781,21.652404372381163,0.9
10,2015-02-10,bad_045,bad,False,False,,failure,0.4200000000000001,-0.5057856120919553,4.5,10.0,4.5,10.0,0.3103448275862069,0.3893643090419826,0.45319381036006257,0.2404288059664628,,,,0.6967689227430098,0.0004925707785474246,11.111522766653868,0.75
10,2015-02-10,bad_046,bad,False,True,False,,,,3.5,9.0,3.5,10.0,0.25925925925925924,0.33762912133765577,0.44300262867775553,0.09175760421075632,0.8979591836734694,0.667243748269651,0.00042994111391550445,0.6672438907666454,0.00042994111391550445,10.559672695929072,0.8
10,2015-02-10,bad_047,bad,True,False,,,,,4.5,10.0,5.0,10.0,0.3333333333333333,0.5347514306375545,0.48811637343443504,0.6435665641114998,,,,0.7482598544403987,0.00042985735572078693,11.720764879635665,0.7
10,2015-02-10,bad_048,bad,False,False,,success,0.9700000000000001,4.804868787482803,2.5,8.0,3.0,8.0,0.2727272727272727,0.41576068335205035,0.5111516803198592,0.19318169042716316,,,,1.1381295495790202,0.0007015505536212911,18.240578584741986,0.95
10,2015-02-10,bad_049,bad,True,False,,,,,5.5,9.0,6.0,9.0,0.4,0.47015676095847625,0.536926752226962,0.31436011466534297,,,,1.143011953009498,0.0007889199611191625,18.24426955667809,0.85
11,2015-03-11,good_000,good,True,True,False,,,,16.0,3.0,16.0,4.0,0.8,0.5612270576191921,0.4047148296558169,0.926422256200401,0.9183673469387755,0.631066680563603,0.0003327686273226093,0.6310668484434532,0.0003327686273226093,9.865931988408144,0.7
11,2015-03-11,good_001,good,True,False,,,,,13.0,6.0,13.5,6.0,0.6923076923076923,0.5326398465431726,0.5416250079182158,0.5116744700014055,,,,1.5352336531795765,0.0007341032844636195,23.865098601611336,0.85
11,2015-03-11,good_002,good,True,True,True,,,,13.5,5.0,14.5,5.0,0.7435897435897436,0.5866240350540638,0.4662625187451449,0.867467573108208,0.5102040816326531,1.166328511900074,0.0006739170314062525,1.1663287970960121,0.0006739170314062525,18.664570278027828,0.85
11,2015-03-11,good_003,good,True,True,True,,,,17.0,2.0,18.0,2.0,0.9,0.6250663442982045,0.5041247402313964,0.9072634204540901,0.3469387755102041,1.521825138066447,0.000698040803650691,1.5218255988743448,0.000698040803650691,23.853290966628208,0.85
11,2015-03-11,good_004,good,True,True,False,,,,15.0,4.0,15.0,5.0,0.75,0.48030349645758286,0.3400832173868631,0.8074841476225958,0.8571428571428571,0.6758585861032446,0.0004545407759528761,0.675858727341171,0.0004545407759528761,10.892508160697883,0.8
11,2015-03-11,good_005,good,True,True,False,,,,16.0,3.0,16.0,4.0,0.8,0.4949430605290739,0.3590769887542767,0.8119638946702676,0.8775510204081632,0.6735951590169978,0.0004197095325934804,0.6735953103968415,0.0004197095325934804,10.809134297785322,0.6
11,2015-03-11,good_006,good,True,True,True,,,,15.0,4.0,16.0,4.0,0.8,0.6784469294387172,0.6087822503363504,0.8409978473442398,0.02040816326530612,2.7713126737547675,0.0010545037441668124,2.771313689809307,0.0010545037441668124,43.798759170029655,1.0
11,2015-03-11,good_007,good,True,True,True,,,,13.0,5.0,14.0,5.0,0.7368421052631579,0.5966275658423024,0.4972424325127377,0.8285262102779535,0.4489795918367347,1.3424478106211442,0.000888182206350595,1.3424480954876936,0.000888182206350595,21.35977610251637,0.9
11,2015-03-11,good_008,good,True,True,True,,,,12.0,7.0,13.0,7.0,0.65,0.639515319004014,0.5856178065910352,0.7652761813009648,0.10204081632653061,2.1169790958220074,0.001026637101909248,2.1169797075378236,0.001026637101909248,33.22735520998344,0.95
11,2015-03-11,good_009,good,True,True,True,,,,13.0,5.0,14.0,5.0,0.7368421052631579,0.5290295068310956,0.4355250244313358,0.7472066324305352,0.6122448979591837,0.960021030108334,0.0005076928115582295,0.9600212845821239,0.0005076928115582295,15.632104446336905,0.85
11,2015-03-11,good_010,good,True,True,True,,,,17.0,2.0,18.0,2.0,0.9,0.7018359478032619,0.6201656342448403,0.8924000127729125,0.0,2.9888773645259756,0.0009227732593153988,2.988878717562974,0.0009227732593153988,46.53508220171965,1.0
11,2015-03-11,good_011,good,True,True,False,,,,14.0,5.0,14.0,6.0,0.7,0.5189820568863497,0.46259114354515324,0.6505608546824749,0.9795918367346939,0.49382784932269924,0.00032721159741043085,0.493827953492315,0.00032721159741043085,7.874759369312465,0.65
11,2015-03-11,good_012,good,True,True,True,,,,16.0,3.0,17.0,3.0,0.85,0.6480989639272268,0.5688068109803003,0.8331139874700555,0.42857142857142855,1.385615189651021,0.0006725190209927616,1.3856155828530017,0.0006725190209927616,21.505331653844085,0.85
11,2015-03-11,good_013,good,True,True,False,,,,12.0,7.0,12.0,8.0,0.6,0.5813579570926098,0.5002494487229345,0.7706111432885191,0.8367346938775511,0.677343053417022,0.0004443968472458785,0.6773431966343143,0.0004443968472458785,10.759521916057022,0.7
11,2015-03-11,good_014,good,True,True,True,,,,12.0,6.0,13.0,6.0,0.6842105263157895,0.6356415847719872,0.5530222190534152,0.8284201047819884,0.32653061224489793,1.5465934293061994,0.0009317413960889753,1.546593784431439,0.0009317413960889753,24.246998199491383,0.95
11,2015-03-11,good_015,good,True,True,False,,,,13.0,6.0,13.0,7.0,0.65,0.5413893765558201,0.41489223483342363,0.8365493739080785,0.9387755102040817,0.5955829722228149,0.0003585922120906596,0.5955831145405817,0.0003585922120906596,9.62845468477161,0.7
11,2015-03-11,good_016,good,True,True,True,,,,16.0,3.0,17.0,3.0,0.85,0.6394173531554723,0.5631848465537885,0.8172932018927347,0.16326530612244897,1.8550457018222866,0.0007701104768085198,1.8550463222429556,0.0007701104768085198,29.653302695822696,0.95
11,2015-03-11,good_017,good,True,True,False,,,,15.0,4.0,15.0,5.0,0.75,0.5592757180622379,0.47056896147204136,0.7662581501060296,0.5918367346938775,1.0445774016883502,0.0007890407829986897,1.0445775947521052,0.0007890407829986897,16.78963061188317,0.95
11,2015-03-11,good_018,good,True,True,True,,,,16.0,3.0,17.0,3.0,0.85,0.6425831308444847,0.5581371718247837,0.839623701890454,0.5306122448979592,1.1362802412609674,0.0006648181802278669,1.1362805112348178,0.0006648181802278669,17.79773784413251,0.9
11,2015-03-11,good_019,good,True,True,True,,,,16.0,3.0,17.0,3.0,0.85,0.6118411117914475,0.5870407911507582,0.6697085266197225,0.4897959183673469,1.2752495324580813,0.0008636466539373788,1.2752497958060371,0.0008636466539373788,20.459622402929536,0.9
11,2015-03-11,medium_000,medium,True,True,False,,,,8.0,9.0,8.0,10.0,0.4444444444444444,0.5053359212007273,0.43304757220034945,0.6740087355349424,0.8979591836734694,0.6378308880590758,0.00034487294776622463,0.6378310555804463,0.00034487294776622463,10.335494578343916,0.75
11,2015-03-11,medium_001,medium,True,True,True,,,,11.0,7.0,12.0,7.0,0.631578947368421,0.5914247266755335,0.5011298692921076,0.8021127272368607,0.6326530612244898,0.9572582596214904,0.0006277271040675601,0.9572584638373313,0.0006277271040675601,15.355232096281878,0.95
11,2015-03-11,medium_002,medium,True,True,True,,,,8.5,9.0,9.5,9.0,0.5135135135135135,0.49455373402657365,0.5456795348202519,0.37526019884132467,0.061224489795918366,2.3243215172599068,0.0009384605880230519,2.3243223271734976,0.0009384605880230519,36.8832596401849,0.95
11,2015-03-11,medium_003,medium,True,True,True,,,,10.5,8.0,11.5,8.0,0.5897435897435898,0.5786735957796472,0.5656820534306369,0.6089871945940044,0.3877551020408163,1.4706670715066115,0.0007449077468850054,1.4706674790633174,0.0007449077468850054,23.526746632443707,0.95
11,2015-03-11,medium_004,medium,True,True,True,,,,9.5,7.0,10.5,7.0,0.6,0.5345361111162267,0.5527743614709912,0.491980193621776,0.20408163265306123,1.8202382301544862,0.0008419532563089301,1.8202387789415542,0.0008419532563089301,28.46450346876082,0.95
11,2015-03-11,medium_005,medium,True,True,True,,,,10.0,6.0,11.0,6.0,0.6470588235294118,0.5720587455915959,0.553222272027716,0.616010517240649,0.3673469387755102,1.5187072523298353,0.0006315485280778714,1.5187077672915705,0.0006315485280778714,23.929544226995997,0.85
11,2015-03-11,medium_006,medium,True,False,,,,,9.5,8.0,10.0,8.0,0.5555555555555556,0.5006444192283028,0.4679034923414363,0.5770399152976583,,,,1.1220517506403833,0.0005495425599590321,17.796655830997324,0.8
11,2015-03-11,medium_007,medium,False,False,,failure,0.4200000000000001,-1.4608018859374852,7.5,10.0,7.5,10.0,0.42857142857142855,0.47134523648722815,0.5214605385676354,0.3544095316329447,,,,1.3006041923521117,0.0007557393479588395,20.553317808608327,0.9
11,2015-03-11,medium_008,medium,True,True,True,,,,10.0,8.0,11.0,8.0,0.5789473684210527,0.5890676196728339,0.5588322849239198,0.6596167340869671,0.1836734693877551,1.828964534729079,0.0008011778348032871,1.8289651138202443,0.0008011778348032871,29.09230093207778,0.95
11,2015-03-11,medium_009,medium,True,True,True,,,,11.5,7.0,12.5,7.0,0.6410256410256411,0.6298543712624427,0.6162236520290707,0.6616593828069772,0.14285714285714285,1.9426698280588461,0.0008938110379504048,1.942670415864597,0.0008938110379504048,30.96615671331585,0.95
11,2015-03-11,medium_010,medium,True,True,True,,,,9.5,9.0,10.5,9.0,0.5384615384615384,0.5488191734646946,0.5121494193180323,0.6343819331402399,0.46938775510204084,1.308185863650838,0.0006550906526655389,1.308186224532799,0.0006550906526655389,20.43208468261029,0.9
11,2015-03-11,medium_011,medium,True,False,,,,,7.0,10.0,7.0,10.0,0.4117647058823529,0.5000558675078475,0.5720739561499648,0.3320136606762403,,,,2.39998922502927,0.0009078396864472257,37.724242187742554,1.0
11,2015-03-11,medium_012,medium,True,True,True,,,,11.5,7.0,12.5,7.0,0.6410256410256411,0.6428314669702442,0.5975179104939696,0.7485630987482184,0.08163265306122448,2.2096704487789727,0.0008921556559883818,2.209671210944195,0.0008921556559883818,34.92532417872947,1.0
11,2015-03-11,medium_013,medium,True,False,,,,,7.0,8.0,7.0,8.0,0.4666666666666667,0.5192821147425064,0.5332842714020664,0.4866104158701998,,,,1.2017271691999705,0.0005714526934980494,19.062368566392973,0.8
11,2015-03-11,medium_014,medium,True,True,True,,,,11.0,7.0,12.0,7.0,0.631578947368421,0.5968545420607985,0.5000180741865711,0.822806300433996,0.5510204081632653,1.1358088220948352,0.0006111393968534151,1.1358091135060917,0.0006111393968534151,17.90787282304645,0.8
11,2015-03-11,medium_015,medium,True,False,,,,,7.5,8.0,8.0,8.0,0.5,0.5015272256268892,0.4740409671097012,0.5656618288336612,,,,0.4935167310558174,0.0003137501005422387,7.952548410104992,0.7
11,2015-03-11,medium_016,medium,True,True,True,,,,9.5,9.0,10.5,9.0,0.5384615384615384,0.5619262485467658,0.5801210496660806,0.5194717126016978,0.12244897959183673,1.9602418036556768,0.0009056937278222974,1.9602423957703696,0.0009056937278222974,30.844419702931177,1.0
11,2015-03-11,medium_017,medium,True,False,,,,,6.5,8.0,6.5,8.0,0.4482758620689655,0.49000528810642185,0.5222728362205812,0.41471434250671685,,,,1.1151225645399176,0.0006193780576274229,17.70249946500986,0.85
11,2015-03-11,medium_018,medium,True,True,True,,,,11.5,7.0,12.5,7.0,0.6410256410256411,0.6050898465870823,0.5410688200232237,0.7544722419027526,0.22448979591836735,1.7490178096590046,0.0007701224757193789,1.7490183612838708,0.0007701224757193789,27.27859572045007,1.0
11,2015-03-11,medium_019,medium,True,True,True,,,,8.5,8.0,9.5,8.0,0.5428571428571428,0.583285138328863,0.5391234833928776,0.686328999846162,0.30612244897959184,1.5848289058662022,0.0008074028555172787,1.5848293398345705,0.0008074028555172787,24.998148970529577,0.9
11,2015-03-11,medium_020,medium,False,True,False,,,,10.5,7.0,10.5,8.0,0.5675675675675675,0.4674564432727331,0.45250567906267714,0.5023415597628639,0.7142857142857143,0.8797273617042045,0.00048607510612766843,0.8797275842240351,0.00048607510612766843,13.824080314037463,0.85
11,2015-03-11,medium_021,medium,True,False,,,,,12.0,6.0,12.5,6.0,0.6756756756756757,0.62864127625756,0.5529550271165187,0.8052425242533235,,,,1.1915132047910697,0.0008362060374629887,18.735657951844903,0.85
11,2015-03-11,medium_022,medium,True,True,True,,,,11.0,7.0,12.0,7.0,0.631578947368421,0.5152813960824183,0.5159510311759017,0.5137189141976236,0.2653061224489796,1.610958120126671,0.0006787884056415441,1.6109586538012055,0.0006787884056415441,25.451117339137877,0.95
11,2015-03-11,medium_023,medium,True,True,True,,,,10.0,8.0,11.0,8.0,0.5789473684210527,0.5347836779067796,0.45691950878182686,0.716466739198336,0.6938775510204082,0.9073523628423094,0.00047418543166739146,0.9073526036077941,0.00047418543166739146,14.363004570873958,0.75
11,2015-03-11,medium_024,medium,True,True,True,,,,8.0,8.0,9.0,8.0,0.5294117647058824,0.5796678174004144,0.594704991886664,0.5445810769324985,0.04081632653061224,2.7411233138709945,0.0010910491187702816,2.741124277615442,0.0010910491187702816,43.53489942094053,1.0
11,2015-03-11,medium_025,medium,True,False,,,,,10.5,7.0,11.0,7.0,0.6111111111111112,0.5461522089747999,0.5093704938090453,0.6319762110282272,,,,1.250854897752056,0.0007298596137982974,20.087116640508413,0.8
11,2015-03-11,medium_026,medium,True,True,True,,,,10.5,7.0,11.5,7.0,0.6216216216216216,0.6174182494606916,0.5886176311880733,0.6846196920968011,0.24489795918367346,1.613083163796154,0.0008619752275451639,1.6130835834876611,0.0008619752275451639,25.51630698353372,0.9
11,2015-03-11,medium_027,medium,True,True,False,,,,9.0,8.0,9.0,9.0,0.5,0.48682370597333047,0.5127715252663778,0.42627879428955323,0.7755102040816326,0.7066873097350311,0.00044899320828905263,0.7066874641846103,0.00044899320828905263,11.214426728091272,0.75
11,2015-03-11,medium_028,medium,False,True,False,,,,11.0,6.0,11.0,7.0,0.6111111111111112,0.46818303852018384,0.406045362020389,0.6131709503530386,1.0,0.4781775168531805,0.00024115042381109563,0.47817764933561535,0.00024115042381109563,7.654261819923194,0.65
11,2015-03-11,medium_029,medium,True,True,True,,,,10.5,8.0,11.5,8.0,0.5897435897435898,0.5678896350531011,0.511772671436428,0.6988292168253382,0.40816326530612246,1.4012324502823532,0.0006287880153834552,1.401232885555703,0.0006287880153834552,22.107214937910687,0.95
11,2015-03-11,bad_000,bad,False,True,False,,,,7.0,9.0,7.0,10.0,0.4117647058823529,0.46212305253667596,0.4683925769600825,0.4474941622153942,0.8163265306122449,0.6789680025569597,0.00042352998715345665,0.6789681532994396,0.00042352998715345665,10.825676739845623,0.75
11,2015-03-11,bad_001,bad,False,False,,failure,0.5100000000000001,-3.6215994642513465,4.0,9.0,4.0,9.0,0.3076923076923077,0.4616517523374759,0.491439163726159,0.392147792430549,,,,1.0166961224282387,0.0005995194057639951,15.937440004760823,0.85
11,2015-03-11,bad_002,bad,False,False,,failure,0.39000000000000007,-2.05999995746447,5.0,9.0,5.0,9.0,0.35714285714285715,0.4656450932388686,0.5020765805123085,0.3806382896008421,,,,1.1659465656855084,0.0006676254797437671,18.522625457475517,0.9
11,2015-03-11,bad_003,bad,False,True,True,,,,4.5,10.0,5.5,10.0,0.3548387096774194,0.4445910890868794,0.49143687568759575,0.335284253685208,0.6530612244897959,0.9508716510112409,0.000608867930977432,0.9508718603773731,0.000608867930977432,15.17986751494264,0.8
11,2015-03-11,bad_004,bad,False,True,False,,,,5.0,8.0,5.0,9.0,0.35714285714285715,0.4092582874211088,0.37386804551926056,0.49183551852542146,0.7551020408163265,0.7972178892052486,0.0005101876337512059,0.7972180633720559,0.0005101876337512059,12.891122855677201,0.8
11,2015-03-11,bad_005,bad,False,False,,failure,0.36000000000000004,-6.948300368595426,3.0,10.0,3.0,10.0,0.23076923076923078,0.3725512979084947,0.48367395794124857,0.11326509116540241,,,,1.199393878328859,0.0005697530464925896,19.09001335711034,0.85
11,2015-03-11,bad_006,bad,False,False,,success,0.8200000000000002,0.4583440991056591,5.0,10.0,5.5,10.0,0.3548387096774194,0.39159494391742045,0.43024324288479465,0.3014155796602139,,,,0.954397095599666,0.0005092135937901357,15.165451605145943,0.8
11,2015-03-11,bad_007,bad,True,False,,,,,5.5,8.0,5.5,8.0,0.4074074074074074,0.47782193264354167,0.4601592966416178,0.5190347499813641,,,,0.6708989718428925,0.00039053521877551996,10.599757244741385,0.7
11,2015-03-11,bad_008,bad,False,False,,failure,0.39000000000000007,-13.772803628074826,2.5,8.0,2.5,8.0,0.23809523809523808,0.3120991601668126,0.37191749181709866,0.17252305298281173,,,,0.710513943021904,0.000463102498494755,11.282046795222904,0.8
11,2015-03-11,bad_009,bad,False,False,,failure,0.5100000000000001,-3.7685022622887345,3.0,10.0,3.0,10.0,0.23076923076923078,0.32427220650651395,0.4206630754698474,0.09936017892540258,,,,0.5780545182267542,0.0002936919860872508,8.84581877419086,0.75
11,2015-03-11,bad_010,bad,False,False,,success,0.8200000000000002,8.601539724399572,3.5,10.0,4.0,10.0,0.2857142857142857,0.47502062291829694,0.5238153222812394,0.3611663244047648,,,,0.9415244171208874,0.0005841079113914111,14.741204130206754,0.75
11,2015-03-11,bad_011,bad,False,False,,failure,0.5100000000000001,-8.484979693393939,3.5,8.0,3.5,8.0,0.30434782608695654,0.39476895358237046,0.4043936602987764,0.3723113045774234,,,,0.7116136509496287,0.00041887669524495654,11.35761504060898,0.7
11,2015-03-11,bad_012,bad,False,False,,failure,0.39000000000000007,-1.564969863974511,5.5,9.0,5.5,9.0,0.3793103448275862,0.4215613114110436,0.4519924203339278,0.35055539059098045,,,,0.5267975530554985,0.0003161047571586605,8.3496426756986,0.7
11,2015-03-11,bad_013,bad,False,False,,success,0.8200000000000002,5.144940454873478,4.5,9.0,5.0,9.0,0.35714285714285715,0.3678666314716241,0.4065596041041769,0.2775830286623341,,,,1.0862380758102494,0.0006022416718723355,17.589523444521323,0.85
11,2015-03-11,bad_014,bad,False,False,,success,0.9700000000000001,6.549351618979415,3.5,8.0,4.0,8.0,0.3333333333333333,0.42597257468846716,0.49702857513217236,0.26017524031982175,,,,1.0938319004459178,0.0005574183783464169,17.45490008153413,0.8
11,2015-03-11,bad_015,bad,False,False,,failure,0.5100000000000001,-7.243601491976335,3.0,9.0,3.0,9.0,0.25,0.31903838530211004,0.43145088748940197,0.05674254686509563,,,,0.7628747834421459,0.0004743348165897579,12.225765912243947,0.7
11,2015-03-11,bad_016,bad,False,True,False,,,,4.5,8.0,4.5,9.0,0.3333333333333333,0.4113066586248011,0.38979123501957524,0.4615093137036616,0.7959183673469388,0.698033400739903,0.0004431522010329202,0.6980335555210703,0.0004431522010329202,11.15903367964843,0.75
11,2015-03-11,bad_017,bad,False,False,,success,0.9400000000000001,0.4729810355254642,4.0,10.0,4.5,10.0,0.3103448275862069,0.4588442496942664,0.5098781321815096,0.3397651905573659,,,,1.2010636856894927,0.0005689561027952724,19.22527598047576,0.95
11,2015-03-11,bad_018,bad,False,False,,success,0.8200000000000002,1.863474359918257,3.0,9.0,3.5,9.0,0.28,0.4630028755440498,0.5391175530370289,0.28540196139376534,,,,1.2657760458850071,0.0006279951682891584,20.18118530623802,0.9
11,2015-03-11,bad_019,bad,False,False,,success,0.8200000000000002,2.1320178891020305,6.0,9.0,6.5,9.0,0.41935483870967744,0.4451856264394158,0.4804352712752671,0.3629364551557629,,,,1.4990289153182157,0.0006126342167220265,23.81248638426294,0.85
11,2015-03-11,bad_020,bad,False,False,,success,0.8200000000000002,0.08867593639888582,4.5,10.0,5.0,10.0,0.3333333333333333,0.45501709393669637,0.4902133747974329,0.372892438594978,,,,0.5448837660255663,0.000334896906392734,8.622250632586711,0.75
11,2015-03-11,bad_021,bad,False,False,,failure,0.39000000000000007,-2.2813071438710892,5.0,10.0,5.0,10.0,0.3333333333333333,0.4197458509637028,0.40985359664344834,0.4428277777109633,,,,0.9141652597979543,0.0004024427932123911,14.287582711721818,0.85
11,2015-03-11,bad_022,bad,False,False,,failure,0.39000000000000007,-7.651484493872061,3.5,8.0,3.5,8.0,0.30434782608695654,0.41318870449796463,0.47772125259969844,0.2626127589272526,,,,1.1822840001628558,0.0007154086602770649,18.7846831275257,0.9
11,2015-03-11,bad_023,bad,False,False,,success,0.9400000000000001,1.7748958319822066,4.0,8.0,4.5,8.0,0.36,0.4241277388254151,0.4955182205655263,0.257549948098489,,,,0.9518358713568584,0.0005677207621708985,15.191644990033858,0.8
11,2015-03-11,bad_024,bad,False,False,,success,0.9400000000000001,3.216148205629395,4.0,10.0,4.5,10.0,0.3103448275862069,0.4217042661913987,0.44563755868842747,0.36585991703166504,,,,0.629061904489026,0.0003716099407703159,9.747681844497036,0.6
11,2015-03-11,bad_025,bad,False,True,False,,,,3.0,9.0,3.0,10.0,0.23076923076923078,0.33749039383772345,0.404771898277531,0.1805002168115059,0.9591836734693877,0.509967745592903,0.00025933562562729235,0.5099678821668009,0.00025933562562729235,7.916417434740689,0.6
11,2015-03-11,bad_026,bad,False,False,,failure,0.39000000000000007,-10.593621136866275,3.5,9.0,3.5,9.0,0.28,0.3067114493071566,0.3642239072875805,0.1725157140195009,,,,0.783236976273852,0.0004482928197516077,12.6286181732478,0.75
11,2015-03-11,bad_027,bad,False,False,,success,0.9400000000000001,0.5008352007042447,3.0,8.0,3.5,8.0,0.30434782608695654,0.3206545244663636,0.3104455138012131,0.3444755493517149,,,,0.2637265854885719,0.0001500495407275016,4.178269721165162,0.65
11,2015-03-11,bad_028,bad,False,False,,success,0.8200000000000002,2.671383914668496,4.5,8.0,5.0,8.0,0.38461538461538464,0.4398468337077475,0.44692358967835555,0.4233344031096622,,,,1.1649411762380153,0.0006862015258424523,18.502261060253442,0.9
11,2015-03-11,bad_029,bad,False,False,,failure,0.39000000000000007,-3.2135749229538533,4.0,9.0,4.0,9.0,0.3076923076923077,0.3833942498759949,0.43809870986349664,0.25575050990515763,,,,1.033029858817272,0.00046998812841122573,16.228221287540226,0.8
11,2015-03-11,bad_030,bad,False,True,False,,,,5.0,9.0,5.0,10.0,0.3333333333333333,0.40665882716043,0.45941475095182716,0.28356167164717,0.7346938775510204,0.8559230368057978,0.0005636747908275575,0.8559232159788481,0.0005636747908275575,13.512874264231288,0.75
11,2015-03-11,bad_031,bad,False,False,,failure,0.39000000000000007,-8.964181001683244,3.5,8.0,3.5,8.0,0.30434782608695654,0.3723293393670302,0.49559663376569274,0.0847056524368178,,,,1.2692641389927408,0.000660668934235153,20.354229763125584,0.9
11,2015-03-11,bad_032,bad,False,False,,failure,0.4200000000000001,-10.101214320998906,3.5,9.0,3.5,9.0,0.28,0.43667967196095664,0.5032866513724882,0.28126338666738304,,,,1.2690634657468862,0.0007138533596893876,20.055996114011112,0.85
11,2015-03-11,bad_033,bad,False,False,,failure,0.39000000000000007,-7.125650639660961,3.0,9.0,3.0,9.0,0.25,0.23662881139689887,0.3096013197585676,0.0663596252196719,,,,0.26718254210243925,0.00014216658985657018,4.267980044878587,0.6
11,2015-03-11,bad_034,bad,False,False,,failure,0.39000000000000007,-1.0680956060230926,5.5,9.0,5.5,9.0,0.3793103448275862,0.37372950155429124,0.38483013491514445,0.3478280237123004,,,,0.31456416950148247,0.00018407441437860527,4.950222146765719,0.6
11,2015-03-11,bad_035,bad,False,False,,failure,0.39000000000000007,-10.356997341880003,4.0,9.0,4.0,9.0,0.3076923076923077,0.4546873954377768,0.4613427513457995,0.4391582316523907,,,,1.0547968400890744,0.0005494318188081191,17.024708817228326,0.85
11,2015-03-11,bad_036,bad,False,False,,failure,0.39000000000000007,-3.9143594643516337,4.0,9.0,4.0,9.0,0.3076923076923077,0.42783547534499333,0.4545110028637289,0.3655925778012769,,,,1.0942878365188746,0.0005610967635843651,17.39154000347536,0.8
11,2015-03-11,bad_037,bad,False,False,,failure,0.39000000000000007,-4.617277421074505,2.5,10.0,2.5,10.0,0.2,0.3809265561768054,0.40013605284182396,0.33610439729176206,,,,0.5105907107820989,0.00031578722180534687,8.187651398102382,0.6
11,2015-03-11,bad_038,bad,False,False,,failure,0.5100000000000001,-3.619584558073683,5.0,10.0,5.0,10.0,0.3333333333333333,0.28664078337441906,0.3516935964068864,0.1348508862986619,,,,0.6082794363117392,0.00042491178127047094,9.755739468033717,0.7
11,2015-03-11,bad_039,bad,True,True,False,,,,5.0,9.0,5.0,10.0,0.3333333333333333,0.4771563516835211,0.5227253973274056,0.3708285785144573,0.673469387755102,0.9225329635792251,0.000639943721187691,0.9225331463712131,0.000639943721187691,14.335453539924062,0.8
11,2015-03-11,bad_040,bad,False,False,,success,0.8500000000000002,3.960475234761674,3.5,9.0,4.0,9.0,0.3076923076923077,0.44490145434014117,0.46523647703095483,0.397453068061576,,,,0.5878123462123989,0.0003927749175745143,9.196413343285913,0.75
11,2015-03-11,bad_041,bad,False,False,,success,0.9400000000000001,4.3215248776562305,3.5,8.0,4.0,8.0,0.3333333333333333,0.42738111591868194,0.4304093676673252,0.42031519517184773,,,,0.575287007222164,0.00022426486149908662,9.08236366387191,0.7
11,2015-03-11,bad_042,bad,False,False,,success,0.8200000000000002,3.9283373325336868,3.0,8.0,3.5,8.0,0.30434782608695654,0.4472615504083225,0.4450136645081172,0.45250661750880167,,,,0.6562203901460233,0.0003748487550268286,10.594527595538244,0.7
11,2015-03-11,bad_043,bad,False,False,,success,0.9400000000000001,6.613063510922416,3.5,8.0,4.0,8.0,0.3333333333333333,0.4553480047764083,0.47300667430724763,0.4141444425377833,,,,1.276369710018734,0.0005606347253605491,20.259377617441746,0.85
11,2015-03-11,bad_044,bad,False,False,,success,0.7300000000000001,0.015683631042179513,4.5,9.0,5.0,9.0,0.35714285714285715,0.4732661714960381,0.5033098745345561,0.40316419773949613,,,,0.6941913305678291,0.00037994228134394193,11.086953894079508,0.75
11,2015-03-11,bad_045,bad,False,False,,failure,0.4200000000000001,-1.8583388114395518,4.5,10.0,4.5,10.0,0.3103448275862069,0.4661425793156749,0.5946140532987391,0.1663758066885252,,,,2.5857855057097034,0.0009569931231077532,41.73223489637344,0.95
11,2015-03-11,bad_046,bad,False,False,,success,0.8200000000000002,6.544158576257587,3.5,10.0,4.0,10.0,0.2857142857142857,0.41778076943460074,0.4523594278654828,0.33709723309587614,,,,0.754251920132824,0.0004532820118280987,11.953565351341103,0.7
11,2015-03-11,bad_047,bad,False,True,True,,,,5.0,10.0,6.0,10.0,0.375,0.4482806536216054,0.5404294483755766,0.23326679919567267,0.2857142857142857,1.5976917967671003,0.0008343209331406378,1.5976922214613998,0.0008343209331406378,25.301303560840903,0.95
11,2015-03-11,bad_048,bad,False,False,,failure,0.5400000000000001,-3.132389804364294,3.0,8.0,3.0,8.0,0.2727272727272727,0.45759242218069685,0.4946671008822061,0.3710848385438421,,,,0.6592810575180738,0.0003767588463003765,10.622928257387116,0.7
11,2015-03-11,bad_049,bad,True,True,True,,,,6.0,9.0,7.0,9.0,0.4375,0.5213240100696216,0.4820045927984943,0.6130693170355853,0.5714285714285714,1.07468696156173,0.0005495590324577764,1.0746872527597993,0.0005495590324577764,17.130845582222417,0.75
12,2015-04-09,good_000,good,True,True,False,,,,16.0,4.0,16.0,5.0,0.7619047619047619,0.4849989803547593,0.4027786348829979,0.6768464531222026,1.0,0.2574230016047584,0.00012122995889861893,0.2574230774695736,0.00012122995889861893,4.039399540894964,0.55
12,2015-04-09,good_001,good,True,True,True,,,,13.5,6.0,14.5,6.0,0.7073170731707317,0.5822854078815018,0.5192180041241673,0.7294426833152825,0.5714285714285714,1.1942982702216431,0.0007263213511034142,1.1942985447145036,0.0007263213511034142,18.752770467471525,0.85
12,2015-04-09,good_002,good,True,True,True,,,,14.5,5.0,15.5,5.0,0.7560975609756098,0.6238436010908261,0.5867290411969552,0.7104442408431917,0.12244897959183673,2.1004784013961464,0.0008502944121152104,2.1004791350974212,0.0008502944121152104,32.82216169671781,0.95
12,2015-04-09,good_003,good,True,True,True,,,,18.0,2.0,19.0,2.0,0.9047619047619048,0.7192732479437732,0.6142831536159791,0.9642501347086263,0.0,4.023991818606667,0.001093908998079215,4.023993900986303,0.001093908998079215,63.10924609075058,1.0
12,2015-04-09,good_004,good,True,True,True,,,,15.0,5.0,16.0,5.0,0.7619047619047619,0.6350198928150512,0.5728882885246455,0.7799936361593316,0.20408163265306123,1.8295967827322286,0.000794678962632318,1.8295973745402838,0.000794678962632318,28.602566840565032,0.95
12,2015-04-09,good_005,good,True,True,False,,,,16.0,4.0,16.0,5.0,0.7619047619047619,0.5009278527164912,0.46429348436337226,0.5864080455404356,0.9183673469387755,0.6939524921653847,0.0004971314265573635,0.6939526261224277,0.0004971314265573635,10.947319030883055,0.75
12,2015-04-09,good_006,good,True,True,True,,,,16.0,4.0,17.0,4.0,0.8095238095238095,0.6413207789097473,0.557980108841326,0.8357823424027302,0.5510204081632653,1.202594906809931,0.0007678485619643574,1.2025951725642263,0.0007678485619643574,18.932517136958378,0.95
12,2015-04-09,good_007,good,True,True,True,,,,14.0,5.0,15.0,5.0,0.75,0.6278898652068475,0.5700978258758596,0.7627379569791529,0.22448979591836735,1.8014886197411737,0.0007227197405849797,1.8014892454994262,0.0007227197405849797,28.05604806037083,0.9
12,2015-04-09,good_008,good,True,True,True,,,,13.0,7.0,14.0,7.0,0.6666666666666666,0.5951167423828361,0.5774303518043407,0.6363849870659922,0.10204081632653061,2.1751385585060135,0.0008163086060106026,2.1751393684994853,0.0008163086060106026,34.817193139934545,0.95
12,2015-04-09,good_009,good,True,True,True,,,,14.0,5.0,15.0,5.0,0.75,0.6572540138686886,0.5815854667808105,0.8338139570737378,0.04081632653061224,2.8648965309277807,0.0009454083095134155,2.864897743460281,0.0009454083095134155,47.10058503373308,1.0
12,2015-04-09,good_010,good,True,True,True,,,,18.0,2.0,19.0,2.0,0.9047619047619048,0.734767847368001,0.6375536775154681,0.9616009103572448,0.02040816326530612,3.4630028390088894,0.0010423344259703068,3.463004448554587,0.0010423344259703068,56.20829311058897,1.0
12,2015-04-09,good_011,good,True,True,False,,,,14.0,6.0,14.0,7.0,0.6666666666666666,0.5920107947433697,0.5339069808836241,0.7275863604161096,0.8163265306122449,0.8546633503697179,0.0005711594486734178,0.8546635331607211,0.0005711594486734178,13.642288194909527,0.65
12,2015-04-09,good_012,good,True,True,True,,,,17.0,3.0,18.0,3.0,0.8571428571428571,0.6742385610036326,0.5818718663624357,0.8897608484997584,0.4489795918367347,1.300914619498755,0.0008351417650618032,1.3009149036906897,0.0008351417650618032,20.582235091155887,0.85
12,2015-04-09,good_013,good,True,True,True,,,,12.0,8.0,13.0,8.0,0.6190476190476191,0.5936713049099951,0.5761594537667123,0.6345322909109885,0.16326530612244897,1.9387376668150582,0.0008358533633959307,1.9387382952686087,0.0008358533633959307,31.063926404083094,0.95
12,2015-04-09,good_014,good,True,True,True,,,,13.0,6.0,14.0,6.0,0.7,0.5945628635231626,0.5788513426898911,0.6312230788007961,0.1836734693877551,1.836890083055121,0.000802014065127344,1.8368906731184163,0.000802014065127344,28.96771281974035,0.9
12,2015-04-09,good_015,good,True,True,True,,,,13.0,7.0,14.0,7.0,0.6666666666666666,0.6041601611312126,0.5019203115669134,0.8427198101145774,0.5102040816326531,1.2420790791417546,0.0005721232698543355,1.2420794542989617,0.0005721232698543355,19.835104758590166,0.85
12,2015-04-09,good_016,good,True,True,False,,,,17.0,3.0,17.0,4.0,0.8095238095238095,0.6217024809107349,0.5284255494014259,0.8393486544324558,0.7551020408163265,0.8885977174799322,0.0006761905397265658,0.8885978833031962,0.0006761905397265658,14.24419675879596,0.8
12,2015-04-09,good_017,good,True,True,False,,,,15.0,5.0,15.0,6.0,0.7142857142857143,0.5686688102920051,0.5003304816030685,0.7281249105661906,0.7959183673469388,0.8690518913644166,0.0004996621393439314,0.8690521044977814,0.0004996621393439314,13.86648972171317,0.8
12,2015-04-09,good_018,good,True,True,True,,,,17.0,3.0,18.0,3.0,0.8571428571428571,0.6976423085161387,0.6029803500208227,0.9185202116718764,0.3469387755102041,1.5448582398909732,0.000904882017965355,1.5448586123580847,0.000904882017965355,24.31835541101946,0.9
12,2015-04-09,good_019,good,True,True,True,,,,17.0,3.0,18.0,3.0,0.8571428571428571,0.6734284163967987,0.5714557553826037,0.9113646254299204,0.061224489795918366,2.342888425623724,0.000957489601942089,2.342889225077457,0.000957489601942089,37.17210742328547,0.95
12,2015-04-09,medium_000,medium,False,True,False,,,,8.0,10.0,8.0,11.0,0.42105263157894735,0.4674883042281363,0.4846396696242903,0.4274684516371104,0.673469387755102,1.0949666524042154,0.000595682004241362,1.0949669347619486,0.000595682004241362,17.435660381793287,0.85
12,2015-04-09,medium_001,medium,True,True,True,,,,12.0,7.0,13.0,7.0,0.65,0.6052690238878305,0.5799651921715304,0.664311297892531,0.3673469387755102,1.5226040278141244,0.0008399809214582187,1.5226044158744885,0.0008399809214582187,23.940521823094443,0.9
12,2015-04-09,medium_002,medium,False,True,False,,,,9.5,9.0,9.5,10.0,0.48717948717948717,0.42095566950807173,0.33409115738463735,0.6236395311294186,0.9795918367346939,0.3453527188429031,0.0001965360354141589,0.34535280164705,0.0001965360354141589,5.362808115783058,0.55
12,2015-04-09,medium_003,medium,True,True,True,,,,11.5,8.0,12.5,8.0,0.6097560975609756,0.5549196342642693,0.524837430454508,0.6251114431537123,0.30612244897959184,1.719142102245965,0.0007596901915552425,1.7191426510094079,0.0007596901915552425,27.429793361753433,0.9
12,2015-04-09,medium_004,medium,True,True,False,,,,10.5,7.0,10.5,8.0,0.5675675675675675,0.48619081023663013,0.4338308445842797,0.6083640634254481,0.8775510204081632,0.7815215154901648,0.00048297729368837575,0.7815216923085726,0.00048297729368837575,12.259015288500683,0.9
12,2015-04-09,medium_005,medium,True,True,True,,,,11.0,6.0,12.0,6.0,0.6666666666666666,0.6363966787610729,0.5858314484065683,0.7543822162549167,0.08163265306122448,2.2166752513364973,0.000980274799382977,2.2166759504156213,0.000980274799382977,35.9592419866633,0.95
12,2015-04-09,medium_006,medium,True,True,True,,,,10.0,8.0,11.0,8.0,0.5789473684210527,0.5580080425473226,0.5345814320330178,0.6126701337473675,0.42857142857142855,1.3087220502879102,0.0006131966967869122,1.3087224457426785,0.0006131966967869122,21.16708372037345,0.9
12,2015-04-09,medium_007,medium,False,False,,success,0.9700000000000001,0.3192303080611367,7.5,10.0,8.0,10.0,0.4444444444444444,0.44517028290562255,0.4347153936262752,0.46956502455743315,,,,0.9818910715088095,0.000531912956742815,15.592729038418456,0.85
12,2015-04-09,medium_008,medium,True,True,False,,,,11.0,8.0,11.0,9.0,0.55,0.5958999497551225,0.5557111467085841,0.689673823530379,0.7142857142857143,1.0122495349376632,0.0006923265099422317,1.0122497437944555,0.0006923265099422317,16.046190575613718,0.75
12,2015-04-09,medium_009,medium,True,True,True,,,,12.5,7.0,13.5,7.0,0.6585365853658537,0.5777581689176174,0.5232061278368699,0.7050462647726948,0.5306122448979592,1.2363958110526567,0.0006862364572831778,1.2363961237669328,0.0006862364572831778,19.514709606666198,0.85
12,2015-04-09,medium_010,medium,True,True,False,,,,10.5,9.0,10.5,10.0,0.5121951219512195,0.5120490210496786,0.49776801366101714,0.5453713716232225,0.6938775510204082,1.0664292373078406,0.0006909455981801701,1.0664294657990807,0.0006909455981801701,16.846539172751456,0.85
12,2015-04-09,medium_011,medium,True,True,True,,,,7.0,10.0,8.0,10.0,0.4444444444444444,0.5055182194286771,0.5173077819553651,0.47800924019973845,0.46938775510204084,1.2966748543127644,0.0006916570628230347,1.2966751937289553,0.0006916570628230347,20.65643759500069,0.85
12,2015-04-09,medium_012,medium,True,True,True,,,,12.5,7.0,13.5,7.0,0.6585365853658537,0.6273648729441041,0.553122333166489,0.8005974657585395,0.24489795918367346,1.7504357508144996,0.0007782394915071653,1.750436298418225,0.0007782394915071653,27.6370898630596,0.95
12,2015-04-09,medium_013,medium,False,True,False,,,,7.0,8.0,7.0,9.0,0.4375,0.4130545435608698,0.42218191455564524,0.39175734457306055,0.8571428571428571,0.7826530374439962,0.00043564143437264496,0.782653231676371,0.00043564143437264496,12.371161486886876,0.75
12,2015-04-09,medium_014,medium,True,True,True,,,,12.0,7.0,13.0,7.0,0.65,0.5664933045739711,0.5278415791775075,0.656680663832386,0.5918367346938775,1.1682395702552948,0.000553190073270754,1.1682399176255085,0.000553190073270754,18.54333726887256,0.9
12,2015-04-09,medium_015,medium,True,True,True,,,,8.0,8.0,9.0,8.0,0.5294117647058824,0.4824313808256291,0.5174942088480334,0.4006181154400191,0.32653061224489793,1.5712917398383939,0.0006503348180012473,1.5712922731340844,0.0006503348180012473,24.73120493385612,0.9
12,2015-04-09,medium_016,medium,True,True,True,,,,10.5,9.0,11.5,9.0,0.5609756097560976,0.5228422284152173,0.5279604274909758,0.5108997639051143,0.6122448979591837,1.1577323988859285,0.0007843101731140053,1.1577326408006834,0.0007843101731140053,18.3687814793084,0.85
12,2015-04-09,medium_017,medium,True,True,True,,,,6.5,8.0,7.5,8.0,0.4838709677419355,0.5022759361206564,0.5785373099530704,0.3243327305116904,0.3877551020408163,1.4075794962400796,0.0009197197548594458,1.407579801467959,0.0009197197548594458,22.18835913086582,0.85
12,2015-04-09,medium_018,medium,True,True,True,,,,12.5,7.0,13.5,7.0,0.6585365853658537,0.5949884287000653,0.5696741474819893,0.6540550848755762,0.2653061224489796,1.7452984174768351,0.0008770971545910951,1.745298906130868,0.0008770971545910951,27.769662753809495,0.95
12,2015-04-09,medium_019,medium,True,True,False,,,,9.5,8.0,9.5,9.0,0.5135135135135135,0.5307716329625614,0.5038175730535694,0.593664439416876,0.7346938775510204,0.9650612521197771,0.0005147146368378178,0.9650615049780116,0.0005147146368378178,15.195825627156168,0.8
12,2015-04-09,medium_020,medium,True,False,,,,,10.5,8.0,11.0,8.0,0.5789473684210527,0.5676399672177085,0.5888771378337356,0.5180865691136453,,,,3.165577678549712,0.0009842908525154036,49.59208569073245,1.0
12,2015-04-09,medium_021,medium,True,True,True,,,,12.5,6.0,13.5,6.0,0.6923076923076923,0.6263762968836719,0.5576054932384288,0.7868415053892391,0.14285714285714285,2.0968394757552993,0.0009976064549395397,2.0968400916350682,0.0009976064549395397,33.60795036516408,0.95
12,2015-04-09,medium_022,medium,True,True,False,,,,12.0,7.0,12.0,8.0,0.6,0.46813634989235764,0.46541862643163556,0.4744777046340427,0.7755102040816326,0.884395638315428,0.000496932618868978,0.8843958573899051,0.000496932618868978,14.0144561048741,0.75
12,2015-04-09,medium_023,medium,True,True,True,,,,11.0,8.0,12.0,8.0,0.6,0.5203168653587271,0.541859853705121,0.47004989255047475,0.40816326530612246,1.316720894968632,0.0006427961574315846,1.3167212743596892,0.0006427961574315846,20.835105862191586,0.95
12,2015-04-09,medium_024,medium,False,True,False,,,,9.0,8.0,9.0,9.0,0.5,0.396177567147658,0.401344316296547,0.38412181913358384,0.9591836734693877,0.3924129725255161,0.00021900574763457625,0.39241307372644685,0.00021900574763457625,6.415386331544499,0.65
12,2015-04-09,medium_025,medium,True,True,False,,,,11.0,7.0,11.0,8.0,0.5789473684210527,0.5507290642177062,0.5255731382112522,0.6094262248994322,0.8367346938775511,0.8150127728399715,0.0005218101356511725,0.815012952010252,0.0005218101356511725,12.829032669113424,0.8
12,2015-04-09,medium_026,medium,True,True,True,,,,11.5,7.0,12.5,7.0,0.6410256410256411,0.5237032331725524,0.54583895928264,0.47205320558234787,0.2857142857142857,1.7344142306412553,0.0007922872441891614,1.7344147605890734,0.0007922872441891614,27.41832089933435,0.95
12,2015-04-09,medium_027,medium,False,True,False,,,,9.0,9.0,9.0,10.0,0.47368421052631576,0.4564381048395644,0.4349076789434551,0.5066757652638194,0.9387755102040817,0.49043091386134224,0.0002700136951002497,0.49043104098904283,0.0002700136951002497,7.949721362078114,0.7
12,2015-04-09,medium_028,medium,False,False,,success,0.9400000000000001,2.755183904771286,11.0,7.0,11.5,7.0,0.6216216216216216,0.4044948026486838,0.41037384730770865,0.39077703177762607,,,,0.779481755908223,0.00038211640299935773,12.277085068067565,0.7
12,2015-04-09,medium_029,medium,True,True,True,,,,11.5,8.0,12.5,8.0,0.6097560975609756,0.5876638247055666,0.5600600017711577,0.6520727448858539,0.4897959183673469,1.255874834956927,0.0006262257052402039,1.255875188968787,0.0006262257052402039,20.000269373527168,0.85
12,2015-04-09,bad_000,bad,True,False,,,,,7.0,10.0,7.5,10.0,0.42857142857142855,0.4898752505381325,0.49798857822768594,0.4709441525958412,,,,1.1927753549844315,0.0007065747391992775,18.720183514276414,0.9
12,2015-04-09,bad_001,bad,False,False,,success,0.9400000000000001,0.7099907393029241,4.0,9.0,4.5,9.0,0.3333333333333333,0.45679217189712057,0.4725774544191193,0.4199598460124569,,,,0.8825885718247853,0.0004898379557924749,14.171795664328902,0.85
12,2015-04-09,bad_002,bad,False,False,,failure,0.36000000000000004,-6.231443581174219,5.0,9.0,5.0,9.0,0.35714285714285715,0.2803786379222471,0.24048711571914913,0.37345885639614235,,,,-0.08180026347899626,-5.7614329210208046e-05,-1.3305356679196074,0.55
12,2015-04-09,bad_003,bad,False,False,,success,0.9400000000000001,8.659049145855818,5.5,10.0,6.0,10.0,0.375,0.37043703412101087,0.3667230503242269,0.3791029963135068,,,,0.6608474325777876,0.0004137936767618207,10.50511979631124,0.65
12,2015-04-09,bad_004,bad,False,False,,success,0.8200000000000002,2.890087599119326,5.0,9.0,5.5,9.0,0.3793103448275862,0.40019702022483095,0.41499234316988143,0.36567460001971336,,,,0.867168513287141,0.0004665971611703436,13.744947502558466,0.75
12,2015-04-09,bad_005,bad,False,False,,failure,0.5100000000000001,-6.339865723627852,3.0,10.0,3.0,10.0,0.23076923076923078,0.40385173581827805,0.4922485342567428,0.19759253946186026,,,,1.1782109550445894,0.0005730824832880694,18.74377758775239,0.85
12,2015-04-09,bad_006,bad,False,False,,success,0.8200000000000002,4.422552380146726,5.5,10.0,6.0,10.0,0.375,0.37655938161562297,0.3616341295677754,0.4113849697272673,,,,0.7462170040781381,0.00043601459570011356,11.633474303520883,0.8
12,2015-04-09,bad_007,bad,False,True,True,,,,5.5,8.0,6.5,8.0,0.4482758620689655,0.3728066430356366,0.4695547538725241,0.14706105108289919,0.6326530612244898,1.129883772450131,0.000598055323452756,1.1298840746378507,0.000598055323452756,17.956985016179175,0.85
12,2015-04-09,bad_008,bad,False,False,,failure,0.39000000000000007,-3.4937058887585977,2.5,8.0,2.5,8.0,0.23809523809523808,0.3898698859040657,0.46924505450847603,0.20466115916044156,,,,0.6687783146146653,0.0003276735595582628,10.528356914721515,0.8
12,2015-04-09,bad_009,bad,False,False,,failure,0.48000000000000004,-0.1131503437820669,3.0,10.0,3.0,10.0,0.23076923076923078,0.303338361508163,0.34831263991580785,0.19839837855699174,,,,0.10462369799859544,7.155783156874649e-05,1.9347047582321923,0.6
12,2015-04-09,bad_010,bad,False,False,,success,0.8200000000000002,1.2178764252944632,4.0,10.0,4.5,10.0,0.3103448275862069,0.40059707951668755,0.5009168035664384,0.16651772340060236,,,,1.3475812144404975,0.0006411580788187727,21.389388506318742,0.85
12,2015-04-09,bad_011,bad,False,False,,failure,0.39000000000000007,-5.35122207916136,3.5,8.0,3.5,8.0,0.30434782608695654,0.3757967973805352,0.39957383380273415,0.3203170457287377,,,,0.8664510348143101,0.0005091068739271284,13.612068737729128,0.8
12,2015-04-09,bad_012,bad,False,False,,neutral,0.36000000000000004,-0.0641312832343175,5.5,9.0,5.5,9.0,0.3793103448275862,0.35574620951828223,0.34004209860587753,0.3923891349805599,,,,0.5066225669280677,0.00029002249594037137,7.8254120608278495,0.65
12,2015-04-09,bad_013,bad,False,False,,failure,0.36000000000000004,-1.8961779043394813,5.0,9.0,5.0,9.0,0.35714285714285715,0.27715015600590553,0.27805636624100344,0.2750356654573439,,,,0.2256239362338035,0.0001591475539018241,3.283676263578483,0.55
12,2015-04-09,bad_014,bad,False,False,,failure,0.5100000000000001,-2.350965080880499,4.0,8.0,4.0,8.0,0.3333333333333333,0.392338225680817,0.4007099775447029,0.3728041379984166,,,,0.4623989568304109,0.0003854509748440181,7.526402879410002,0.7
12,2015-04-09,bad_015,bad,False,False,,failure,0.5100000000000001,-0.4878688871375516,3.0,9.0,3.0,9.0,0.25,0.44875939138963167,0.5182329770422086,0.2866543582002856,,,,1.1200735546618261,0.0006657796302553294,17.849135470170513,0.9
12,2015-04-09,bad_016,bad,False,False,,failure,0.39000000000000007,-2.279651732607803,4.5,9.0,4.5,9.0,0.3333333333333333,0.4348398460318069,0.37591765995917137,0.5723249468679567,,,,0.40117782193473506,0.0002171647083337491,6.243856580818519,0.7
12,2015-04-09,bad_017,bad,False,False,,success,0.8200000000000002,2.1391092066236297,4.5,10.0,5.0,10.0,0.3333333333333333,0.33695213742302565,0.34045176199538507,0.32878634675418716,,,,0.49567846980292596,0.0003557639683169181,7.837276503898408,0.75
12,2015-04-09,bad_018,bad,False,False,,failure,0.39000000000000007,-0.8855984664545673,3.5,9.0,3.5,9.0,0.28,0.3440603934539702,0.38824563086447217,0.2409615061627991,,,,0.46628125874537757,0.00029172398262962754,7.422359479880714,0.65
12,2015-04-09,bad_019,bad,False,False,,success,0.9400000000000001,0.18015818883935708,6.5,9.0,7.0,9.0,0.4375,0.39241786989000255,0.41631715017700044,0.33665288255367426,,,,0.9460718315351574,0.0005678100365631766,14.881021415145792,0.8
12,2015-04-09,bad_020,bad,False,False,,success,0.8200000000000002,0.14844503720119917,5.0,10.0,5.5,10.0,0.3548387096774194,0.41994944054373995,0.47067630525338533,0.30158675622123404,,,,1.1811751474135177,0.0006552433422697664,18.678420159202236,0.85
12,2015-04-09,bad_021,bad,False,False,,success,0.9400000000000001,7.1001125318415745,5.0,10.0,5.5,10.0,0.3548387096774194,0.3934692366930631,0.37825997798150807,0.42895750702002494,,,,0.8533710940096776,0.0004839629945174939,13.29882077339237,0.8
12,2015-04-09,bad_022,bad,False,False,,failure,0.5100000000000001,-0.12941123543014044,3.5,8.0,3.5,8.0,0.30434782608695654,0.31268037765566703,0.3451228208445025,0.23698134354838427,,,,0.4773962647645457,0.00022761127429788745,7.329553383105353,0.65
12,2015-04-09,bad_023,bad,False,False,,failure,0.5100000000000001,-1.4836021673554995,4.5,8.0,4.5,8.0,0.36,0.42521126741488996,0.484434924074862,0.2870227352082887,,,,0.8991002721312102,0.0005019442032962536,13.883542263049181,0.8
12,2015-04-09,bad_024,bad,True,False,,,,,4.5,10.0,5.0,10.0,0.3333333333333333,0.5497916061903926,0.5372029331525103,0.5791651766121179,,,,1.6613082180907404,0.0006660020748070832,26.069311553814273,0.95
12,2015-04-09,bad_025,bad,False,False,,success,0.9400000000000001,3.298259013141177,3.0,10.0,3.5,10.0,0.25925925925925924,0.3819309109615585,0.4389368363010516,0.24891708516940808,,,,0.7460645220373187,0.00040058047453314546,11.8844959414032,0.75
12,2015-04-09,bad_026,bad,True,False,,,,,3.5,9.0,3.5,9.0,0.28,0.4710386323027993,0.49768499492500273,0.4088637861843247,,,,0.959293562922235,0.0005833284860135709,15.236397223985907,0.9
12,2015-04-09,bad_027,bad,False,False,,failure,0.5100000000000001,-5.553049351468474,3.5,8.0,3.5,8.0,0.30434782608695654,0.44472241940780005,0.4968543445499884,0.323081260742694,,,,1.0033085885723028,0.0004934421109416521,15.994041075450738,0.85
12,2015-04-09,bad_028,bad,True,False,,,,,5.0,8.0,5.0,8.0,0.38461538461538464,0.47660543648737097,0.5216534791594281,0.37149333691923786,,,,1.2482950147660492,0.0006390082959532519,19.98220789405356,0.85
12,2015-04-09,bad_029,bad,False,False,,success,0.9400000000000001,3.83894312248718,4.0,9.0,4.5,9.0,0.3333333333333333,0.31272576018458326,0.3572695347945659,0.2087902860946237,,,,0.4774717421616319,0.00021003800671902238,7.53612372348793,0.65
12,2015-04-09,bad_030,bad,False,False,,success,0.8500000000000002,1.0908805295630373,5.0,10.0,5.5,10.0,0.3548387096774194,0.45668792441588957,0.47913501355567256,0.40431138308972936,,,,0.9207482387285777,0.0004995499485837107,14.94648645649617,0.9
12,2015-04-09,bad_031,bad,False,False,,success,0.9400000000000001,9.32867914664331,3.5,8.0,4.0,8.0,0.3333333333333333,0.3637511791130138,0.3766199103851219,0.33372413947809504,,,,0.8457049351882581,0.0005583668994912045,13.39429057625746,0.75
12,2015-04-09,bad_032,bad,False,False,,failure,0.39000000000000007,-3.0703502220001724,3.5,9.0,3.5,9.0,0.28,0.4484778234789829,0.48748151123834726,0.35746921870713294,,,,0.9479412274441006,0.0006677806732749957,14.852224967866654,0.75
12,2015-04-09,bad_033,bad,False,False,,failure,0.5100000000000001,-4.219810473295311,3.0,9.0,3.0,9.0,0.25,0.39280089728461365,0.41998419956120947,0.32937319197255677,,,,0.6504983438074587,0.00046454646325145877,10.285136178624256,0.65
12,2015-04-09,bad_034,bad,False,False,,failure,0.36000000000000004,-8.181768410155712,5.5,9.0,5.5,9.0,0.3793103448275862,0.3366724360847707,0.37991518849550837,0.2357726804597162,,,,0.5171445140359957,0.000295283240065079,8.429177420517048,0.65
12,2015-04-09,bad_035,bad,False,False,,failure,0.5100000000000001,-1.669588340303008,4.0,9.0,4.0,9.0,0.3076923076923077,0.36753654280683984,0.43167956986118083,0.21786947968004414,,,,0.9107913042379986,0.0004316430273254075,14.426271463047932,0.85
12,2015-04-09,bad_036,bad,False,False,,failure,0.39000000000000007,-3.3440050241456873,4.0,9.0,4.0,9.0,0.3076923076923077,0.45449688332431815,0.513781014411046,0.31616724412195346,,,,0.747018509143921,0.0005408737726885404,12.167154439829375,0.8
12,2015-04-09,bad_037,bad,False,False,,failure,0.5100000000000001,-3.995775477035565,2.5,10.0,2.5,10.0,0.2,0.32628665844167665,0.43188824740729187,0.0798829508552413,,,,0.5205018925824287,0.00033138369625918164,8.234466228283075,0.65
12,2015-04-09,bad_038,bad,False,False,,failure,0.39000000000000007,-2.550313965009252,5.0,10.0,5.0,10.0,0.3333333333333333,0.41097818432644495,0.3853135974571533,0.47086222035479214,,,,0.5310020919867947,0.00022629776975775892,8.257549654256861,0.7
12,2015-04-09,bad_039,bad,False,True,True,,,,5.0,10.0,6.0,10.0,0.375,0.4182748313957051,0.4827144537693714,0.26791571252381724,0.6530612244897959,1.1125748398957036,0.0006251192394008425,1.112575117470338,0.0006251192394008425,17.800044903785594,0.8
12,2015-04-09,bad_040,bad,False,False,,failure,0.5100000000000001,-2.6211398440519673,4.0,9.0,4.0,9.0,0.3076923076923077,0.41153148176205595,0.4034031566831777,0.43049757361277197,,,,0.5707422752535619,0.0003535105863581735,9.200645346317467,0.6
12,2015-04-09,bad_041,bad,False,False,,failure,0.39000000000000007,-1.54531997560683,4.0,8.0,4.0,8.0,0.3333333333333333,0.4401860788928819,0.45362795363490194,0.40882170449483524,,,,0.9433073281197685,0.0006367554268544044,15.040763048268202,0.8
12,2015-04-09,bad_042,bad,True,False,,,,,3.5,8.0,4.0,8.0,0.3333333333333333,0.4821738868083385,0.5027462470834709,0.4341717128330295,,,,1.5328587013508765,0.0006234665606887324,24.292941474271426,1.0
12,2015-04-09,bad_043,bad,False,False,,success,0.8200000000000002,2.6018037348245855,4.0,8.0,4.5,8.0,0.36,0.41040566084507013,0.41647021551535224,0.39625503328107875,,,,0.45608379949799777,0.0002954182129886099,7.399191869508698,0.7
12,2015-04-09,bad_044,bad,True,False,,,,,5.0,9.0,5.0,9.0,0.35714285714285715,0.5151838452776399,0.49641931139563467,0.5589677576689859,,,,0.8903183248337706,0.000547437793401216,14.434425301543024,0.85
12,2015-04-09,bad_045,bad,False,False,,success,0.8200000000000002,0.2648705629950996,4.5,10.0,5.0,10.0,0.3333333333333333,0.34515285597452533,0.3964078637435505,0.22555783784680003,,,,0.36062030194007966,0.00022892289402982785,5.766249053582505,0.65
12,2015-04-09,bad_046,bad,False,False,,success,0.8200000000000002,1.4765474337928026,4.0,10.0,4.5,10.0,0.3103448275862069,0.388660084035355,0.4363116213146475,0.27747316371700603,,,,0.6648227965088502,0.0003388523785564809,10.547396685762095,0.8
12,2015-04-09,bad_047,bad,False,False,,success,0.8200000000000002,4.9146315480500675,6.0,10.0,6.5,10.0,0.3939393939393939,0.3490756788597953,0.3519331984222692,0.34240813321402275,,,,0.16861768640117433,0.00011909813910098509,2.7836434244500894,0.5
12,2015-04-09,bad_048,bad,True,False,,,,,3.0,8.0,3.0,8.0,0.2727272727272727,0.5040620150848248,0.5726757450464149,0.34396331184111467,,,,1.4692582918158357,0.0008079205004032873,23.18739083632698,0.9
12,2015-04-09,bad_049,bad,False,True,False,,,,7.0,9.0,7.0,10.0,0.4117647058823529,0.4503219662867103,0.42309464475060665,0.5138523832042856,0.8979591836734694,0.7269029015261432,0.0004012803273087246,0.7269030855652955,0.0004012803273087246,11.434579887642935,0.8
13,2015-05-08,good_000,good,True,True,True,,,,16.0,5.0,17.0,5.0,0.7727272727272727,0.6470925067495301,0.5699334469831092,0.8271303128711788,0.0,2.9639489224024,0.0010380195951832738,2.9639501129512174,0.0010380195951832738,47.78671210496769,1.0
13,2015-05-08,good_001,good,True,True,True,,,,14.5,6.0,15.5,6.0,0.7209302325581395,0.5649298633957619,0.5248193527726117,0.6585210548497791,0.46938775510204084,1.2240167653463785,0.0005255213609760258,1.2240171676698306,0.0005255213609760258,19.396574164233147,0.85
13,2015-05-08,good_002,good,True,True,False,,,,15.5,5.0,15.5,6.0,0.7209302325581395,0.5534388208169666,0.4814496775620766,0.7214134884117103,0.7142857142857143,0.8106392228513182,0.0005057212252956788,0.8106394033995565,0.0005057212252956788,12.735374709273382,0.75
13,2015-05-08,good_003,good,True,True,True,,,,19.0,2.0,20.0,2.0,0.9090909090909091,0.6527502292457766,0.5607558718081052,0.8674037299336769,0.24489795918367346,1.541835691829332,0.0008530250067983932,1.5418360839262801,0.0008530250067983932,24.6858213877881,0.85
13,2015-05-08,good_004,good,True,True,False,,,,16.0,5.0,16.0,6.0,0.7272727272727273,0.5679075295151683,0.44685980146634324,0.8503522282957604,0.7551020408163265,0.7902114962948555,0.0005493061411200947,0.7902116567594218,0.0005493061411200947,12.467403734546604,0.85
13,2015-05-08,good_005,good,True,True,True,,,,16.0,5.0,17.0,5.0,0.7727272727272727,0.589955015740895,0.4617030214148454,0.8892096691683441,0.2653061224489796,1.4009156596171672,0.0007902317280042596,1.4009160066692297,0.0007902317280042596,21.905549938144414,0.85
13,2015-05-08,good_006,good,True,True,True,,,,17.0,4.0,18.0,4.0,0.8181818181818182,0.5742320287383099,0.5339537506344421,0.6682146776473351,0.30612244897959184,1.3582978996132098,0.00071053688101928,1.358298267556319,0.00071053688101928,21.643555324796726,0.9
13,2015-05-08,good_007,good,True,True,True,,,,15.0,5.0,16.0,5.0,0.7619047619047619,0.6218984089359674,0.604449975197136,0.6626114209932408,0.10204081632653061,2.3525440322731366,0.0009468244982695197,2.352544855415509,0.0009468244982695197,36.83293260354846,0.95
13,2015-05-08,good_008,good,True,True,False,,,,14.0,7.0,14.0,8.0,0.6363636363636364,0.5421584977153917,0.49040813404944106,0.6629093462692766,0.5510204081632653,0.9909779523420417,0.0004839561338757737,0.990978239021553,0.0004839561338757737,15.734722610842415,0.85
13,2015-05-08,good_009,good,True,True,True,,,,15.0,5.0,16.0,5.0,0.7619047619047619,0.6569322556873731,0.5959975382254229,0.7991132630985903,0.061224489795918366,2.687467659542508,0.0008694779359944875,2.687468823774195,0.0008694779359944875,43.579764544455415,1.0
13,2015-05-08,good_010,good,True,True,True,,,,19.0,2.0,20.0,2.0,0.9090909090909091,0.6378111053364043,0.5390735283283228,0.8681987850219279,0.3877551020408163,1.27913329875673,0.0006126889139117247,1.279133670107955,0.0006126889139117247,20.34877311219633,0.9
13,2015-05-08,good_011,good,True,True,True,,,,14.0,7.0,15.0,7.0,0.6818181818181818,0.5836702735975543,0.5815396668157531,0.5886416894217571,0.08163265306122448,2.6479547407954636,0.0009757126431110769,2.6479557537887204,0.0009757126431110769,40.930657657754395,0.95
13,2015-05-08,good_012,good,True,True,True,,,,18.0,3.0,19.0,3.0,0.8636363636363636,0.5494149239199818,0.5370253650839377,0.5783238945374182,0.40816326530612246,1.2703587086527255,0.0007787664225869949,1.2703589992246629,0.0007787664225869949,20.073457430122303,0.85
13,2015-05-08,good_013,good,True,True,True,,,,13.0,8.0,14.0,8.0,0.6363636363636364,0.4924628623213989,0.49831438418207163,0.4788093113131626,0.5714285714285714,0.9362061994098215,0.0006450888891831001,0.9362063914671724,0.0006450888891831001,14.730081590303303,0.8
13,2015-05-08,good_014,good,True,True,True,,,,14.0,6.0,15.0,6.0,0.7142857142857143,0.6417128540734837,0.5585103252612221,0.8358520879687608,0.12244897959183673,2.146446618399983,0.0009114322402408509,2.1464473261336097,0.0009114322402408509,34.2584512527671,1.0
13,2015-05-08,good_015,good,True,True,True,,,,14.0,7.0,15.0,7.0,0.6818181818181818,0.5992609657016347,0.61283934935105,0.5675780705196657,0.02040816326530612,2.941534130806113,0.001014251196198708,2.9415353292719884,0.001014251196198708,47.81904334838337,1.0
13,2015-05-08,good_016,good,True,True,True,,,,17.0,4.0,18.0,4.0,0.8181818181818182,0.5640224323472381,0.5119043416751775,0.6856313105820465,0.42857142857142855,1.2551194050627301,0.0006732236921799663,1.2551197329863215,0.0006732236921799663,19.883446752949375,0.95
13,2015-05-08,good_017,good,True,True,True,,,,15.0,6.0,16.0,6.0,0.7272727272727273,0.5332731382204148,0.45089215292477525,0.725495437243574,0.6326530612244898,0.9147193569427253,0.000525064477335049,0.9147195826085024,0.000525064477335049,14.506542008814215,0.85
13,2015-05-08,good_018,good,True,True,True,,,,18.0,3.0,19.0,3.0,0.8636363636363636,0.6190064292212026,0.5199588756213863,0.850117387620774,0.1836734693877551,1.7150858170187424,0.0007737285734734281,1.7150863515141437,0.0007737285734734281,27.03337143914012,0.95
13,2015-05-08,good_019,good,True,True,False,,,,18.0,3.0,18.0,4.0,0.8181818181818182,0.5840889091082124,0.46211871292725726,0.8686860335304415,0.6530612244897959,0.8940556374190232,0.0005326781626240264,0.8940558490216673,0.0005326781626240264,14.376045452530901,0.75
13,2015-05-08,medium_000,medium,False,False,,failure,0.5100000000000001,-0.42301386699004695,8.0,11.0,8.0,11.0,0.42105263157894735,0.35717064192153924,0.35375848103276536,0.3651323506620116,,,,0.6624518311710328,0.00037246330372844443,10.39624537350712,0.7
13,2015-05-08,medium_001,medium,True,True,True,,,,13.0,7.0,14.0,7.0,0.6666666666666666,0.543076962792981,0.5343579520825588,0.5634213211172998,0.20408163265306123,1.6734522608045237,0.0007820560109634726,1.6734527647978692,0.0007820560109634726,26.647178850684714,0.95
13,2015-05-08,medium_002,medium,True,False,,,,,9.5,10.0,10.0,10.0,0.5,0.49325606648422426,0.4283411634920551,0.6447241734659523,,,,0.693558971076099,0.0003191078223167534,11.046825664018534,0.75
13,2015-05-08,medium_003,medium,True,True,True,,,,12.5,8.0,13.5,8.0,0.627906976744186,0.6164480772383365,0.5675400848172827,0.7305667262207953,0.2857142857142857,1.379664006002746,0.0007264246561179788,1.3796643734796799,0.0007264246561179788,22.001685369625903,0.9
13,2015-05-08,medium_004,medium,True,True,True,,,,10.5,8.0,11.5,8.0,0.5897435897435898,0.501842823283067,0.5111825416013644,0.4800501472070394,0.5918367346938775,0.9338721048062927,0.0005417259113040371,0.9338723302313121,0.0005417259113040371,14.832446751669236,0.75
13,2015-05-08,medium_005,medium,True,True,True,,,,12.0,6.0,13.0,6.0,0.6842105263157895,0.5972025379188757,0.5493888744865332,0.7087677525943415,0.5306122448979592,1.064332985744457,0.0006126984842659595,1.0643332451659566,0.0006126984842659595,16.819386358868243,0.85
13,2015-05-08,medium_006,medium,False,True,False,,,,11.0,8.0,11.0,9.0,0.55,0.4786728155688298,0.4685199955174165,0.5023627290221275,0.3469387755102041,1.3222652792192768,0.000699900608556072,1.3222656321388515,0.000699900608556072,21.450289327035257,0.9
13,2015-05-08,medium_007,medium,False,False,,success,0.9700000000000001,0.7376678468503997,8.0,10.0,8.5,10.0,0.4594594594594595,0.4430777343129645,0.46678370319282403,0.3877638069266256,,,,0.971280658816004,0.0005111461986962594,15.452846101429056,0.85
13,2015-05-08,medium_008,medium,True,True,False,,,,11.0,9.0,11.0,10.0,0.5238095238095238,0.54056709042961,0.48218048880348413,0.6768024942239037,0.7346938775510204,0.8100652738784682,0.0005825912600069289,0.8100654327606777,0.0005825912600069289,12.924160446516195,0.8
13,2015-05-08,medium_009,medium,True,True,False,,,,13.5,7.0,13.5,8.0,0.627906976744186,0.5239712423216516,0.4619416069055152,0.6687070582926365,0.8367346938775511,0.6893946061647078,0.00044440167689555906,0.6893947535798928,0.00044440167689555906,10.82941483612183,0.7
13,2015-05-08,medium_010,medium,False,True,False,,,,10.5,10.0,10.5,11.0,0.4883720930232558,0.39208534618289903,0.4193481601431047,0.3284721136090858,0.9183673469387755,0.5884332011410655,0.000347378840274448,0.5884333393126329,0.000347378840274448,9.316438320586307,0.75
13,2015-05-08,medium_011,medium,True,True,True,,,,8.0,10.0,9.0,10.0,0.47368421052631576,0.5227502702530514,0.5295592815805589,0.5068625771555341,0.4897959183673469,1.2230911874178065,0.0006208583795705299,1.223091528645492,0.0006208583795705299,19.168953170321632,0.9
13,2015-05-08,medium_012,medium,True,True,False,,,,13.5,7.0,13.5,8.0,0.627906976744186,0.5384401969207423,0.4625586622673996,0.7154971111118753,0.6122448979591837,0.931464049177964,0.000551045696017347,0.9314642703101438,0.000551045696017347,14.647713586649534,0.85
13,2015-05-08,medium_013,medium,True,False,,,,,7.0,9.0,7.5,9.0,0.45454545454545453,0.5046342244999809,0.5417085996464583,0.4181273491582001,,,,1.163784566600376,0.0006507134216080894,18.54439264486343,0.85
13,2015-05-08,medium_014,medium,True,True,False,,,,13.0,7.0,13.0,8.0,0.6190476190476191,0.49527628198389606,0.4307638273186828,0.6458053428693938,0.9591836734693877,0.49610107292712574,0.00024873107558353376,0.49610120918186384,0.00024873107558353376,7.80901823705375,0.8
13,2015-05-08,medium_015,medium,False,True,True,,,,9.0,8.0,10.0,8.0,0.5555555555555556,0.47996276995099807,0.5111400680713243,0.40721574100357033,0.14285714285714285,1.985648949546421,0.0008622426733887354,1.9856495920265556,0.0008622426733887354,31.661288920685642,0.9
13,2015-05-08,medium_016,medium,True,True,True,,,,11.5,9.0,12.5,9.0,0.5813953488372093,0.5235018936343345,0.5643114274667225,0.42827964802542917,0.32653061224489793,1.3349719477862108,0.0007790044428577449,1.3349722683042375,0.0007790044428577449,20.86427460517535,0.95
13,2015-05-08,medium_017,medium,False,True,False,,,,7.5,8.0,7.5,9.0,0.45454545454545453,0.4210687528748434,0.39384447054053257,0.48459207832156886,0.673469387755102,0.8345785395638966,0.0004777208468963458,0.834578743728823,0.0004777208468963458,13.228602297486358,0.8
13,2015-05-08,medium_018,medium,True,True,True,,,,13.5,7.0,14.5,7.0,0.6744186046511628,0.5800113964648116,0.572333679533965,0.5979260693034539,0.16326530612244897,1.8120558895288263,0.0008323733226480454,1.8120564439061044,0.0008323733226480454,28.717423665058206,0.95
13,2015-05-08,medium_019,medium,False,True,False,,,,9.5,9.0,9.5,10.0,0.48717948717948717,0.4021141251842974,0.393589033520509,0.4220060057331371,0.9795918367346939,0.3588501993057956,0.00026940314857665834,0.35885026846150286,0.00026940314857665834,5.834433475054905,0.55
13,2015-05-08,medium_020,medium,True,True,True,,,,11.0,8.0,12.0,8.0,0.6,0.5061420010812968,0.5635387860726343,0.3722161694348428,0.5102040816326531,1.1293777742162385,0.0006739825120295796,1.1293780404227327,0.0006739825120295796,18.01852860765166,0.85
13,2015-05-08,medium_021,medium,False,True,False,,,,13.5,6.0,13.5,7.0,0.6585365853658537,0.3900549916055713,0.4597259888909958,0.2274893312729141,0.8571428571428571,0.682225095342003,0.0003790341344741388,0.6822252662733109,0.0003790341344741388,10.717742615269133,0.75
13,2015-05-08,medium_022,medium,True,True,True,,,,12.0,8.0,13.0,8.0,0.6190476190476191,0.5416891208673893,0.5651422140011262,0.48696523688867016,0.22448979591836735,1.5538994963639867,0.0007275534660813943,1.5538999621302716,0.0007275534660813943,25.084182457257917,0.9
13,2015-05-08,medium_023,medium,True,True,True,,,,12.0,8.0,13.0,8.0,0.6190476190476191,0.5215047817783143,0.5147096231966677,0.5373601518021567,0.6938775510204082,0.81189160706774,0.0005660836326381537,0.811891771611368,0.0005660836326381537,12.879278535129691,0.75
13,2015-05-08,medium_024,medium,True,False,,,,,9.0,9.0,9.0,9.0,0.5,0.5360216907604515,0.5198359471851028,0.5737884257695983,,,,1.257532845654246,0.0006155663906372126,19.972667871458334,0.9
13,2015-05-08,medium_025,medium,True,True,True,,,,11.0,8.0,12.0,8.0,0.6,0.578585979861916,0.5916943883417077,0.5479996934090687,0.04081632653061224,2.8360940147685647,0.0009546898925459433,2.836095200458059,0.0009546898925459433,44.511639432535844,1.0
13,2015-05-08,medium_026,medium,True,True,True,,,,12.5,7.0,13.5,7.0,0.6585365853658537,0.5770204467396259,0.5663209227806019,0.6019860026440155,0.3673469387755102,1.2799072956055733,0.0007174460697622188,1.279907613475856,0.0007174460697622188,20.340594101373156,0.9
13,2015-05-08,medium_027,medium,True,False,,,,,9.0,10.0,9.5,10.0,0.48717948717948717,0.5268185044317638,0.4792546464741797,0.637800839666127,,,,0.8272556291781311,0.0005275771128444327,13.20010221927054,0.75
13,2015-05-08,medium_028,medium,True,False,,,,,11.5,7.0,12.0,7.0,0.631578947368421,0.6079683274934469,0.5049004570648788,0.8484600251601057,,,,0.9272154097193478,0.000557181733469282,14.662501131393322,0.85
13,2015-05-08,medium_029,medium,True,True,False,,,,12.5,8.0,12.5,9.0,0.5813953488372093,0.5322544813667023,0.5099239667714488,0.5843590154222941,0.8979591836734694,0.6600029176239396,0.00044812928870214907,0.6600030544116438,0.00044812928870214907,10.495943274468562,0.7
13,2015-05-08,bad_000,bad,True,True,False,,,,7.5,10.0,7.5,11.0,0.40540540540540543,0.5090321024538812,0.4522936882024441,0.6414217357072345,0.7755102040816326,0.7793834780610308,0.000571133695542527,0.7793836264075013,0.000571133695542527,12.249140324435864,0.75
13,2015-05-08,bad_001,bad,False,False,,failure,0.39000000000000007,-3.043884169483448,4.5,9.0,4.5,9.0,0.3333333333333333,0.41617306054665953,0.47718722955696957,0.2738066661892694,,,,0.5483392922709887,0.0004230669428343106,8.641339949356427,0.75
13,2015-05-08,bad_002,bad,False,False,,failure,0.39000000000000007,-3.1885522034279035,5.0,9.0,5.0,9.0,0.35714285714285715,0.46382709733514904,0.438596441826857,0.5226986268544974,,,,0.6771407719867131,0.0004265331486286621,10.727266964683015,0.6
13,2015-05-08,bad_003,bad,False,False,,success,0.8200000000000002,0.45854526529736006,6.0,10.0,6.5,10.0,0.3939393939393939,0.4889211565175136,0.49709243757126853,0.4698548340587522,,,,0.6181283897344272,0.00039583005733213867,9.800546004365666,0.7
13,2015-05-08,bad_004,bad,False,False,,failure,0.5100000000000001,-1.2410526639928463,5.5,9.0,5.5,9.0,0.3793103448275862,0.3419242620078417,0.4136477797326056,0.17456938731672603,,,,0.5632654553789029,0.0003440264306940515,8.91974722863739,0.65
13,2015-05-08,bad_005,bad,False,False,,failure,0.5400000000000001,-5.071874733668793,3.0,10.0,3.0,10.0,0.23076923076923078,0.45564133460527684,0.44998971208931005,0.4688284538091995,,,,0.9712952386830848,0.0004537998303373,15.390606377138361,0.8
13,2015-05-08,bad_006,bad,True,False,,,,,6.0,10.0,6.5,10.0,0.3939393939393939,0.5031986515906988,0.5240738164706493,0.45448993353748085,,,,1.424496252022812,0.0006133721171031454,22.675484770865292,0.9
13,2015-05-08,bad_007,bad,False,False,,failure,0.4200000000000001,-0.27929603128593783,6.5,8.0,6.5,8.0,0.4482758620689655,0.421519375892338,0.39696818318468674,0.4788054922101911,,,,1.0501593860081913,0.0005993618766358336,16.76750000240548,0.85
13,2015-05-08,bad_008,bad,False,False,,failure,0.39000000000000007,-1.379266807815938,2.5,8.0,2.5,8.0,0.23809523809523808,0.39261657422311136,0.5105148813858577,0.11752052417670332,,,,1.2177051345761212,0.0006610167397026567,19.727667508553367,0.9
13,2015-05-08,bad_009,bad,False,False,,success,0.9400000000000001,0.553415456200014,3.0,10.0,3.5,10.0,0.25925925925925924,0.3693433993385987,0.4247686092638401,0.24001790951303553,,,,0.8949135021211049,0.0005299063326316895,14.188475447852385,0.75
13,2015-05-08,bad_010,bad,False,False,,success,0.8500000000000002,0.1094187928655117,4.5,10.0,5.0,10.0,0.3333333333333333,0.43844518791040255,0.4821412473587579,0.33648771586424,,,,0.8393035959135448,0.0005075385360680368,13.308697616305178,0.8
13,2015-05-08,bad_011,bad,False,False,,failure,0.39000000000000007,-1.4748532329617774,3.5,8.0,3.5,8.0,0.30434782608695654,0.37623962748489365,0.37785054951687735,0.3724808094102652,,,,0.8405918374724827,0.0005252101511742406,13.596689669989694,0.75
13,2015-05-08,bad_012,bad,False,False,,success,0.8200000000000002,0.6065693311509506,5.5,9.0,6.0,9.0,0.4,0.45269323574761233,0.4132300868909358,0.544773916413191,,,,0.6732960572286358,0.00028660404281677317,10.796188878180974,0.75
13,2015-05-08,bad_013,bad,False,False,,success,0.8200000000000002,3.48899108491905,5.0,9.0,5.5,9.0,0.3793103448275862,0.4023773067246737,0.4983955226459166,0.1783348029084405,,,,1.0076361764258375,0.0005598226476887966,15.85440275272367,0.85
13,2015-05-08,bad_014,bad,False,False,,failure,0.5100000000000001,-1.8914494753522177,4.0,8.0,4.0,8.0,0.3333333333333333,0.453887683104636,0.43083091202362367,0.5076868156269982,,,,0.59479362607104,0.00028537163578427806,9.246146726297692,0.75
13,2015-05-08,bad_015,bad,False,False,,failure,0.39000000000000007,-3.4510421732799017,3.0,9.0,3.0,9.0,0.25,0.2954770531312355,0.3712857353816764,0.11859012788020674,,,,0.7450700741471861,0.0005134006802146372,11.77742419270578,0.65
13,2015-05-08,bad_016,bad,False,False,,success,0.8200000000000002,2.1967044675959784,4.5,9.0,5.0,9.0,0.35714285714285715,0.35873518555243056,0.39642587523364814,0.27079024296292303,,,,0.7856595326424236,0.0004115484865410325,12.233138920355316,0.75
13,2015-05-08,bad_017,bad,False,False,,success,0.8200000000000002,2.352100811484746,5.0,10.0,5.5,10.0,0.3548387096774194,0.42176838349297663,0.4848117944131983,0.27466709134579265,,,,0.9770677114259683,0.0005792247211171776,15.42449940887475,0.85
13,2015-05-08,bad_018,bad,False,False,,success,0.9400000000000001,4.348399682199926,3.5,9.0,4.0,9.0,0.3076923076923077,0.31888798599009255,0.3610264346298032,0.22056493916410108,,,,0.750647057615923,0.0005150764286260095,11.981327391815036,0.8
13,2015-05-08,bad_019,bad,False,False,,failure,0.5100000000000001,-1.7437285605272592,7.0,9.0,7.0,9.0,0.4375,0.4299761758518158,0.4057819422379443,0.48642938761751614,,,,0.5429181364948135,0.0003567426154615049,8.904094648479866,0.75
13,2015-05-08,bad_020,bad,False,False,,failure,0.39000000000000007,-0.13552752290685532,5.5,10.0,5.5,10.0,0.3548387096774194,0.40633684471982,0.42417584930783747,0.3647125006811126,,,,0.7420733059636988,0.00040218142697554546,11.805090723532581,0.7
13,2015-05-08,bad_021,bad,False,False,,success,0.8200000000000002,1.758131564999502,5.5,10.0,6.0,10.0,0.375,0.4151871538307732,0.4087670995100437,0.4301672805791423,,,,0.4051040213186882,0.0002768891265361508,6.377239625029053,0.6
13,2015-05-08,bad_022,bad,False,False,,success,0.9400000000000001,3.5153932107584325,3.5,8.0,4.0,8.0,0.3333333333333333,0.4916835745133923,0.5112630704224508,0.4459980840589224,,,,1.2122410222622284,0.0005911957366537107,19.012007533708452,0.9
13,2015-05-08,bad_023,bad,False,False,,failure,0.5100000000000001,-0.3049516035135724,4.5,8.0,4.5,8.0,0.36,0.41104987868058007,0.4062183461003773,0.42232345470105337,,,,0.6587441484156126,0.00038956414065494956,10.426366009772785,0.65
13,2015-05-08,bad_024,bad,False,True,False,,,,5.0,10.0,5.0,11.0,0.3125,0.41612365892565345,0.5103582760798601,0.19624288556583802,0.4489795918367347,1.2375783401739069,0.0006196483366891158,1.2375786873078554,0.0006196483366891158,19.70194334457981,0.8
13,2015-05-08,bad_025,bad,False,False,,failure,0.39000000000000007,-3.192067872348616,3.5,10.0,3.5,10.0,0.25925925925925924,0.3663206600192453,0.48289347926575965,0.09431741511071183,,,,0.7011549427028088,0.0004488354194993317,11.03254982733098,0.75
13,2015-05-08,bad_026,bad,False,True,False,,,,3.5,9.0,3.5,10.0,0.25925925925925924,0.405239951767008,0.49148907860860724,0.2039919891366099,0.8775510204081632,0.6661115872275553,0.0004379558057668308,0.666111728826713,0.0004379558057668308,10.560312361056848,0.7
13,2015-05-08,bad_027,bad,False,False,,success,0.8200000000000002,0.1320484144382874,3.5,8.0,4.0,8.0,0.3333333333333333,0.4075200114074566,0.43662669080345057,0.3396044261501374,,,,0.5389595931577724,0.0003902072142743701,8.639267004708811,0.65
13,2015-05-08,bad_028,bad,False,True,False,,,,5.0,8.0,5.0,9.0,0.35714285714285715,0.4100009870943787,0.42040129254108216,0.38573360771873744,0.9387755102040817,0.5848237578332497,0.00039054275605115594,0.5848238810650892,0.00039054275605115594,9.221484433157059,0.85
13,2015-05-08,bad_029,bad,False,False,,success,0.9400000000000001,1.7092835303377285,4.5,9.0,5.0,9.0,0.35714285714285715,0.3995722246313383,0.42681401663095736,0.33600804329889383,,,,0.7682622350010281,0.0005199645036390903,12.010716466979229,0.85
13,2015-05-08,bad_030,bad,False,False,,success,0.9400000000000001,1.3867438263787335,5.5,10.0,6.0,10.0,0.375,0.410662406409021,0.5186274949523689,0.15874386647454258,,,,1.1043484484275452,0.0005375866591313623,17.258948641757573,0.8
13,2015-05-08,bad_031,bad,True,False,,,,,4.0,8.0,4.5,8.0,0.36,0.51512566241367,0.5265644022097238,0.4884352695562113,,,,1.5558128643963596,0.0008111528787438166,24.847143942180136,0.85
13,2015-05-08,bad_032,bad,False,False,,success,0.8200000000000002,4.042088516009272,3.5,9.0,4.0,9.0,0.3076923076923077,0.4104331650870767,0.420482427528917,0.3869848860561161,,,,0.679333789758702,0.0004345797757960183,10.661375902645675,0.65
13,2015-05-08,bad_033,bad,False,False,,failure,0.5100000000000001,-0.9584968222744834,3.0,9.0,3.0,9.0,0.25,0.40238901732883703,0.5256877086554215,0.11469207090014023,,,,1.2389175387059121,0.0007164253238475654,19.65746475608149,0.85
13,2015-05-08,bad_034,bad,True,False,,,,,5.5,9.0,6.0,9.0,0.4,0.5153709357377274,0.4963950052467163,0.5596481068834199,,,,0.9629466210346348,0.0007004137073424787,15.353221754086114,0.8
13,2015-05-08,bad_035,bad,False,False,,success,0.9700000000000001,2.562181342563022,4.0,9.0,4.5,9.0,0.3333333333333333,0.4587237237444011,0.5365130714344157,0.2772152458010337,,,,1.3791606640836978,0.0008231748452427708,21.87481859200324,0.9
13,2015-05-08,bad_036,bad,True,False,,,,,4.0,9.0,4.0,9.0,0.3076923076923077,0.5137329485689467,0.5367286051752445,0.46007641648758524,,,,1.3509499120543047,0.0009364947177863495,21.221410133352013,0.95
13,2015-05-08,bad_037,bad,False,False,,failure,0.39000000000000007,-4.355770385331468,2.5,10.0,2.5,10.0,0.2,0.3448869822431436,0.41311279642663057,0.18569341581500745,,,,0.668658807015378,0.000387885663336081,10.837052796674309,0.65
13,2015-05-08,bad_038,bad,False,False,,failure,0.5100000000000001,-0.9294153070605944,5.0,10.0,5.0,10.0,0.3333333333333333,0.27683377606050386,0.3197731003386792,0.1766420194114283,,,,0.45990147309113527,0.00028769102263559275,7.417634980544012,0.7
13,2015-05-08,bad_039,bad,False,False,,failure,0.39000000000000007,-3.1133408691955964,6.0,10.0,6.0,10.0,0.375,0.4057053249760442,0.4448508062292807,0.3143658687184925,,,,0.4357397967692824,0.00024380493540003735,7.006949716217195,0.6
13,2015-05-08,bad_040,bad,True,False,,,,,4.0,9.0,4.5,9.0,0.3333333333333333,0.5174632073201467,0.5733940627283042,0.3869578780344461,,,,2.635770829981528,0.0008272768795132048,42.0328312091143,1.0
13,2015-05-08,bad_041,bad,False,False,,success,0.9400000000000001,0.17878470027871174,4.0,8.0,4.5,8.0,0.36,0.4118515269536235,0.44969934934059663,0.3235399413840195,,,,0.82672881921755,0.0004907908352685382,12.839426282792502,0.7
13,2015-05-08,bad_042,bad,False,True,False,,,,4.0,8.0,4.0,9.0,0.3076923076923077,0.4205214426151469,0.44751778805089404,0.357529969931737,0.7959183673469388,0.7693539385797888,0.00044588481696145965,0.7693541248423432,0.00044588481696145965,12.194776429014514,0.8
13,2015-05-08,bad_043,bad,True,False,,,,,4.5,8.0,5.0,8.0,0.38461538461538464,0.5074900454898259,0.5359636770604324,0.44105157182507765,,,,1.275286766761241,0.0007012538779887442,19.957356015381983,0.95
13,2015-05-08,bad_044,bad,False,True,False,,,,5.0,9.0,5.0,10.0,0.3333333333333333,0.36329619992560847,0.4228967567898885,0.22422823390895527,0.8163265306122449,0.7642043648518525,0.0004914481805851137,0.7642045339424532,0.0004914481805851137,12.216298218552804,0.8
13,2015-05-08,bad_045,bad,False,False,,failure,0.5100000000000001,-1.694119631045183,5.0,10.0,5.0,10.0,0.3333333333333333,0.41624956956458964,0.4490659965067019,0.33967790669966097,,,,0.5399805906867531,0.000311263666070386,8.463705311309788,0.7
13,2015-05-08,bad_046,bad,False,False,,failure,0.39000000000000007,-0.9560382750864704,4.5,10.0,4.5,10.0,0.3103448275862069,0.40814642520367217,0.4398280122569975,0.33422272207924636,,,,0.7038505194018558,0.0004677412014980225,11.231811706364535,0.8
13,2015-05-08,bad_047,bad,True,False,,,,,6.5,10.0,7.0,10.0,0.4117647058823529,0.5174667689354078,0.5278500828765644,0.49323903640604255,,,,1.3798844833916462,0.0007198398892328411,21.69124157044538,0.85
13,2015-05-08,bad_048,bad,False,True,False,,,,3.0,8.0,3.0,9.0,0.25,0.36350701837613797,0.3831295486771015,0.31772111434055655,1.0,0.2847448509837544,0.00019568853369595244,0.28474490674963243,0.00019568853369595244,4.2775524161819725,0.6
13,2015-05-08,bad_049,bad,False,False,,failure,0.5400000000000001,-0.10624750307650288,7.0,10.0,7.0,10.0,0.4117647058823529,0.49048200172888246,0.5347782890142634,0.3871239980629937,,,,1.2715105669142401,0.0007265966957266999,20.110500779491556,0.9
14,2015-06-08,good_000,good,True,True,True,,,,17.0,5.0,18.0,5.0,0.782608695652174,0.5969300625071029,0.5758607416583238,0.6460918111542544,0.2857142857142857,1.6031214629348844,0.0009009042308388638,1.6031218506333123,0.0009009042308388638,25.27907592335755,0.85
14,2015-06-08,good_001,good,True,True,True,,,,15.5,6.0,16.5,6.0,0.7333333333333333,0.6534609301273218,0.5861756644634515,0.8104598833430191,0.2653061224489796,1.6301334415688158,0.0008804035926703082,1.6301338596278203,0.0008804035926703082,25.867737864000375,0.95
14,2015-06-08,good_002,good,True,True,True,,,,15.5,6.0,16.5,6.0,0.7333333333333333,0.5998939087244499,0.5008552647487642,0.8309840780010499,0.5714285714285714,1.015659104180745,0.0004645958924347533,1.0156594128736236,0.0004645958924347533,16.375582705353338,0.85
14,2015-06-08,good_003,good,True,True,True,,,,20.0,2.0,21.0,2.0,0.9130434782608695,0.6587800389874355,0.610906372442704,0.7704852609251426,0.061224489795918366,2.7191947416413096,0.0009867433209289089,2.7191957743489814,0.0009867433209289089,42.404578309871596,1.0
14,2015-06-08,good_004,good,True,True,False,,,,16.0,6.0,16.0,7.0,0.6956521739130435,0.49568550924363675,0.4388052347658855,0.6284061496917229,0.7959183673469388,0.6713604685279922,0.00038912318614101944,0.671360629466518,0.00038912318614101944,10.792538491556124,0.75
14,2015-06-08,good_005,good,True,True,True,,,,17.0,5.0,18.0,5.0,0.782608695652174,0.6063916477182749,0.573682322949673,0.6827134055116792,0.24489795918367346,1.7117745188480464,0.0007787795472007175,1.7117750403060985,0.0007787795472007175,27.63134617457466,0.9
14,2015-06-08,good_006,good,True,True,True,,,,18.0,4.0,19.0,4.0,0.8260869565217391,0.6665157555319078,0.6060371183750857,0.8076325755644929,0.0,3.5858426329043906,0.001026807138747359,3.5858443543344216,0.001026807138747359,54.21895912753578,1.0
14,2015-06-08,good_007,good,True,True,False,,,,16.0,5.0,16.0,6.0,0.7272727272727273,0.5367126072537663,0.4275333006537668,0.7914643226537653,0.46938775510204084,1.102813330603836,0.0006049660739254498,1.1028136061253422,0.0006049660739254498,17.436240663796227,0.85
14,2015-06-08,good_008,good,True,True,False,,,,14.0,8.0,14.0,9.0,0.6086956521739131,0.5493271486194393,0.4640268336634664,0.7483612168500429,0.7346938775510204,0.7732889769752608,0.00037377951812612824,0.77328919848496,0.00037377951812612824,12.306173255633801,0.8
14,2015-06-08,good_009,good,True,True,True,,,,16.0,5.0,17.0,5.0,0.7727272727272727,0.5915484707305977,0.5345076192362105,0.724643790884168,0.5918367346938775,1.0006781185303442,0.0005964857488640668,1.0006783491043274,0.0005964857488640668,15.838186529506968,0.85
14,2015-06-08,good_010,good,True,True,True,,,,20.0,2.0,21.0,2.0,0.9130434782608695,0.6882596676819397,0.5763320864924807,0.9494240237906777,0.30612244897959184,1.6001747847589645,0.0007721837003401202,1.6001752441255543,0.0007721837003401202,25.212332716631465,1.0
14,2015-06-08,good_011,good,True,True,True,,,,15.0,7.0,16.0,7.0,0.6956521739130435,0.6429275753331534,0.6004449319089069,0.7420537433230621,0.16326530612244897,1.8145208943019833,0.0009014165823954543,1.8145213986452888,0.0009014165823954543,28.455456253708824,0.95
14,2015-06-08,good_012,good,True,True,False,,,,19.0,3.0,19.0,4.0,0.8260869565217391,0.5651173890213897,0.4438720954955929,0.8480230739149159,0.6938775510204082,0.822572868440011,0.000523628823319919,0.8225730439092852,0.000523628823319919,12.941036986752614,0.65
14,2015-06-08,good_013,good,False,True,False,,,,14.0,8.0,14.0,9.0,0.6086956521739131,0.47360442375149736,0.45870788565127496,0.5083630126520162,0.9183673469387755,0.5172818240176112,0.0003895239462385201,0.5172819198065178,0.0003895239462385201,8.392397538084824,0.7
14,2015-06-08,good_014,good,True,True,True,,,,15.0,6.0,16.0,6.0,0.7272727272727273,0.6868161301095596,0.6180378482903442,0.8472987876877286,0.02040816326530612,3.1526086388551615,0.0010364487052348544,3.152609959914728,0.0010364487052348544,49.54741750863938,1.0
14,2015-06-08,good_015,good,True,True,True,,,,15.0,7.0,16.0,7.0,0.6956521739130435,0.6391738402185662,0.5997742875896794,0.7311061296859684,0.04081632653061224,3.0360396165304526,0.0010065624753396434,3.036040878596307,0.0010065624753396434,47.82355169333814,1.0
14,2015-06-08,good_016,good,True,True,True,,,,18.0,4.0,19.0,4.0,0.8260869565217391,0.614168842410512,0.5678140021617027,0.7223301363244004,0.10204081632653061,2.1407489312185564,0.0009182212001695017,2.1407496191584583,0.0009182212001695017,34.13986786422586,0.95
14,2015-06-08,good_017,good,True,True,True,,,,16.0,6.0,17.0,6.0,0.7391304347826086,0.60136124198154,0.5981943083036365,0.6087507538966479,0.08163265306122448,2.6885001765994576,0.0010284680152428283,2.6885011409347945,0.0010284680152428283,42.58551379695481,1.0
14,2015-06-08,good_018,good,True,True,False,,,,19.0,3.0,19.0,4.0,0.8260869565217391,0.5583289345701289,0.5030831193668915,0.6872358367110163,0.9795918367346939,0.4771890042658849,0.0004219508267894726,0.47718908010326044,0.0004219508267894726,7.81251453746334,0.7
14,2015-06-08,good_019,good,True,True,True,,,,18.0,4.0,19.0,4.0,0.8260869565217391,0.6126173395592056,0.5220358376395557,0.8239741773717222,0.5510204081632653,1.0260529326491286,0.0005999298300334526,1.0260531771163064,0.0005999298300334526,16.38110568463155,0.8
14,2015-06-08,medium_000,medium,True,False,,,,,8.0,11.0,8.5,11.0,0.4358974358974359,0.5272125079088372,0.5423980997098699,0.49177946037309467,,,,1.7096648226272482,0.0008814604815163302,27.488364894912596,0.95
14,2015-06-08,medium_001,medium,True,True,True,,,,14.0,7.0,15.0,7.0,0.6818181818181818,0.595397264937517,0.5073941722003216,0.8007378146576399,0.4489795918367347,1.1643574662015062,0.000659334641671567,1.1643577516581018,0.000659334641671567,18.385254089473086,0.9
14,2015-06-08,medium_002,medium,True,True,True,,,,10.0,10.0,11.0,10.0,0.5238095238095238,0.5456494006995456,0.5316513207687601,0.5783115872047119,0.14285714285714285,1.8224993694989438,0.0007438234848762231,1.8224999842778653,0.0007438234848762231,28.952665306080352,1.0
14,2015-06-08,medium_003,medium,True,True,False,,,,13.5,8.0,13.5,9.0,0.6,0.5175256915285767,0.4335640616374361,0.7134361612745719,0.8775510204081632,0.5548314970770886,0.00042525977613032655,0.5548315951153195,0.00042525977613032655,8.706187920933921,0.7
14,2015-06-08,medium_004,medium,True,True,False,,,,11.5,8.0,11.5,9.0,0.5609756097560976,0.4889965135379435,0.4412449458534389,0.6004168381351211,0.7755102040816326,0.6856182229698444,0.0003815617846599701,0.6856183922929664,0.0003815617846599701,10.90814647216811,0.75
14,2015-06-08,medium_005,medium,True,True,False,,,,13.0,6.0,13.0,7.0,0.65,0.5139718118556107,0.44839581248826865,0.6669824770460756,0.6530612244897959,0.903611921098821,0.0005283342671507739,0.9036121333831745,0.0005283342671507739,14.37944998968505,0.7
14,2015-06-08,medium_006,medium,True,False,,,,,11.0,9.0,11.5,9.0,0.5609756097560976,0.5579434026111787,0.4706864453117724,0.7615429696431266,,,,1.1023504367392754,0.0005444326952178002,17.623294670563535,0.9
14,2015-06-08,medium_007,medium,False,False,,failure,0.39000000000000007,-1.2214889848089712,8.5,10.0,8.5,10.0,0.4594594594594595,0.3627797016673294,0.4066131121062223,0.26050174397657955,,,,0.5500083102455824,0.0003193101482520394,8.756984137121933,0.65
14,2015-06-08,medium_008,medium,False,True,True,,,,11.0,10.0,12.0,10.0,0.5454545454545454,0.4682822515410262,0.5056089954739411,0.3811865156975583,0.40816326530612246,1.2513576195033895,0.0006959450824245676,1.2513579290162293,0.0006959450824245676,20.191127493899938,0.85
14,2015-06-08,medium_009,medium,True,True,False,,,,13.5,8.0,13.5,9.0,0.6,0.49515795201135016,0.40130546971497494,0.7141470773695591,0.8367346938775511,0.5725298657263418,0.00034252377502140807,0.5725300002021281,0.00034252377502140807,9.208012066632678,0.75
14,2015-06-08,medium_010,medium,False,False,,success,0.9400000000000001,4.891195394047841,10.5,11.0,11.0,11.0,0.5,0.4340157651818921,0.42516976257036376,0.45465643794212496,,,,1.2756536134157739,0.000753787529912895,20.086913950122142,0.85
14,2015-06-08,medium_011,medium,True,True,True,,,,9.0,10.0,10.0,10.0,0.5,0.5203790130243604,0.5302302755808515,0.4973927337258813,0.22448979591836735,1.7205950621293868,0.0007523262016515316,1.7205956035613228,0.0007523262016515316,27.291985205363385,0.95
14,2015-06-08,medium_012,medium,False,True,False,,,,13.5,8.0,13.5,9.0,0.6,0.4649245686986748,0.4067669213440823,0.6006257458593909,0.9591836734693877,0.5025674010614525,0.0003009987172077011,0.502567518641032,0.0003009987172077011,8.11071575892681,0.75
14,2015-06-08,medium_013,medium,True,True,True,,,,7.5,9.0,8.5,9.0,0.4857142857142857,0.5690530514558094,0.5810048409927404,0.5411655425363038,0.12244897959183673,1.9778453766914266,0.0008619323282996261,1.977845998801928,0.0008619323282996261,31.02928862518473,0.9
14,2015-06-08,medium_014,medium,True,True,False,,,,13.0,8.0,13.0,9.0,0.5909090909090909,0.52682272500621,0.42795629411726077,0.7575110637470915,0.5306122448979592,1.0428298608342395,0.0007012310151061152,1.0428300734769302,0.0007012310151061152,16.366378937137632,0.8
14,2015-06-08,medium_015,medium,True,False,,,,,10.0,8.0,10.0,8.0,0.5555555555555556,0.4953613174670937,0.5295611336686896,0.41556174633003673,,,,1.3985113397203826,0.0006380834564687829,22.252060106881807,0.9
14,2015-06-08,medium_016,medium,True,True,False,,,,12.5,9.0,12.5,10.0,0.5555555555555556,0.514661453953321,0.46670883823775067,0.6265508906229851,0.4897959183673469,1.0586923225194307,0.0004559266852611758,1.0586926594312633,0.0004559266852611758,16.51790218336776,0.85
14,2015-06-08,medium_017,medium,True,False,,,,,7.5,9.0,8.0,9.0,0.47058823529411764,0.5058398270423431,0.5746613356824782,0.34525630688202774,,,,2.80749392584048,0.0009257144677026584,45.444893910428725,1.0
14,2015-06-08,medium_018,medium,True,True,True,,,,14.5,7.0,15.5,7.0,0.6888888888888889,0.6079361199561586,0.5677642985517679,0.701670369899737,0.3469387755102041,1.5014935393655215,0.0007496726990508588,1.5014939510878358,0.0007496726990508588,23.726644678273647,0.9
14,2015-06-08,medium_019,medium,False,False,,success,0.9400000000000001,6.426542925410459,9.5,10.0,10.0,10.0,0.5,0.46184587522271503,0.49858552144021484,0.37612003404854893,,,,1.4503891136394231,0.0007679257746701491,22.714214782604483,0.9
14,2015-06-08,medium_020,medium,True,True,False,,,,12.0,8.0,12.0,9.0,0.5714285714285714,0.5624989142781422,0.5458561957982181,0.6013319240646322,0.42857142857142855,1.2248745556954106,0.0006159246175210976,1.2248748878807978,0.0006159246175210976,19.34149654477097,0.8
14,2015-06-08,medium_021,medium,True,False,,,,,13.5,7.0,14.0,7.0,0.6666666666666666,0.5602894755250907,0.46902628513761047,0.7732369197625446,,,,0.7206511166550527,0.00041566556551370776,11.321647909096436,0.8
14,2015-06-08,medium_022,medium,True,True,True,,,,13.0,8.0,14.0,8.0,0.6363636363636364,0.48237607829423884,0.5128946076642563,0.4111661764308648,0.1836734693877551,1.7568095365950274,0.0007937557107091774,1.75681006725046,0.0007937557107091774,27.490063830955766,0.95
14,2015-06-08,medium_023,medium,True,True,True,,,,13.0,8.0,14.0,8.0,0.6363636363636364,0.60258069202011,0.5159836996474951,0.8046403408895448,0.32653061224489793,1.5045788477272122,0.0006713487402583115,1.5045793132120686,0.0006713487402583115,23.853767589149378,0.95
14,2015-06-08,medium_024,medium,True,True,True,,,,9.0,9.0,10.0,9.0,0.5263157894736842,0.5553080117510028,0.4845456780302284,0.7204201237661432,0.5102040816326531,1.0436378623974143,0.0005749551052890727,1.0436381242838573,0.0005749551052890727,16.477139565955532,0.9
14,2015-06-08,medium_025,medium,True,True,False,,,,12.0,8.0,12.0,9.0,0.5714285714285714,0.5252599892370743,0.41770287120014704,0.7762265979899048,0.9387755102040817,0.5042104026072607,0.00024040755457584747,0.5042105492308258,0.00024040755457584747,7.98668577998907,0.6
14,2015-06-08,medium_026,medium,False,True,False,,,,13.5,7.0,13.5,8.0,0.627906976744186,0.4762451327919032,0.4363324273569434,0.5693747788068095,0.8163265306122449,0.592148423130412,0.0003453250107318186,0.5921485613753011,0.0003453250107318186,9.22944314762184,0.7
14,2015-06-08,medium_027,medium,False,True,True,,,,9.5,10.0,10.5,10.0,0.5121951219512195,0.4585958938647942,0.4588720328252859,0.4579515696236471,0.673469387755102,0.8882566793339098,0.0005006299774314997,0.8882568955062365,0.0005006299774314997,14.20801006558259,0.85
14,2015-06-08,medium_028,medium,False,True,False,,,,12.0,7.0,12.0,8.0,0.6,0.45813881477846574,0.4369842723074274,0.5074994138775553,0.6326530612244898,0.9547475475843625,0.0006531319594693183,0.9547477402517648,0.0006531319594693183,15.09731408893349,0.8
14,2015-06-08,medium_029,medium,True,True,False,,,,12.5,9.0,12.5,10.0,0.5555555555555556,0.5064513858959245,0.47987986863358256,0.568451592841389,0.7142857142857143,0.7785752651882347,0.00045583145600581386,0.7785754506296684,0.00045583145600581386,12.38358633122948,0.75
14,2015-06-08,bad_000,bad,True,True,True,,,,7.5,11.0,8.5,11.0,0.4358974358974359,0.4819637880784642,0.48182525670119136,0.4822870279587674,0.3673469387755102,1.3636000776379653,0.0006205525567109175,1.3636004874415557,0.0006205525567109175,21.403304987709223,0.85
14,2015-06-08,bad_001,bad,False,False,,failure,0.5100000000000001,-0.18659019028899593,4.5,9.0,4.5,9.0,0.3333333333333333,0.3954339860678308,0.44664928549030675,0.2759316207487204,,,,1.1701122412305793,0.00047144685814775835,18.504631343478746,0.85
14,2015-06-08,bad_002,bad,False,False,,failure,0.36000000000000004,-1.7110387638958429,5.0,9.0,5.0,9.0,0.35714285714285715,0.47359822049095857,0.4413047198533076,0.548949721978811,,,,0.5159669670052555,0.00031373592111811054,8.212236429412183,0.7
14,2015-06-08,bad_003,bad,False,False,,success,0.9400000000000001,6.5980992544176615,6.5,10.0,7.0,10.0,0.4117647058823529,0.46668288931061447,0.48913749778580673,0.41428880286849934,,,,1.1947721296565026,0.0006442461914446453,18.917201135674002,0.9
14,2015-06-08,bad_004,bad,False,False,,failure,0.39000000000000007,-0.7280491653552446,5.5,9.0,5.5,9.0,0.3793103448275862,0.4435664697859969,0.4174443876517001,0.5045179947660229,,,,0.6667077017389228,0.00043749180832112887,10.527192430229595,0.8
14,2015-06-08,bad_005,bad,False,False,,success,0.9400000000000001,4.927884824296015,3.0,10.0,3.5,10.0,0.25925925925925924,0.33191143052379346,0.44049042871144944,0.07856043475259623,,,,0.8505937665159287,0.0005190213337236554,13.415200609274317,0.75
14,2015-06-08,bad_006,bad,False,True,False,,,,6.5,10.0,6.5,11.0,0.37142857142857144,0.44932622665765065,0.38590499579722204,0.5973090986653177,1.0,0.38961945092172406,0.0002393332947482869,0.38961954001142984,0.0002393332947482869,6.310075455185129,0.65
14,2015-06-08,bad_007,bad,False,False,,failure,0.5400000000000001,-1.3277771909151994,6.5,8.0,6.5,8.0,0.4482758620689655,0.45728968208198717,0.4834468116099731,0.3962563798500199,,,,0.9318154642615092,0.000557907918246275,15.06680460533149,0.85
14,2015-06-08,bad_008,bad,False,False,,success,0.8200000000000002,4.479110501580678,2.5,8.0,3.0,8.0,0.2727272727272727,0.44656127618400504,0.4396787072535909,0.4626206036883048,,,,0.8222949306865253,0.0005392158503473393,13.117046113015483,0.8
14,2015-06-08,bad_009,bad,False,False,,success,0.8200000000000002,2.3014013585757453,3.5,10.0,4.0,10.0,0.2857142857142857,0.32513196909083064,0.4113807075765485,0.12388491262415575,,,,0.6553675535451194,0.0003504200283086751,10.492361090886353,0.65
14,2015-06-08,bad_010,bad,False,False,,success,0.8200000000000002,1.694363551074062,5.0,10.0,5.5,10.0,0.3548387096774194,0.3648877710558397,0.43786118236091975,0.19461647801065293,,,,0.6438950781229809,0.00037565679886444783,10.253527190848873,0.65
14,2015-06-08,bad_011,bad,False,False,,failure,0.5100000000000001,-2.6255855258282708,3.5,8.0,3.5,8.0,0.30434782608695654,0.3448333554325122,0.4119123441026794,0.18831571520212223,,,,0.4946907794968979,0.00035288396124626197,7.82096054450024,0.75
14,2015-06-08,bad_012,bad,False,False,,success,0.7900000000000001,1.9726146093567962,6.0,9.0,6.5,9.0,0.41935483870967744,0.34701602355597044,0.3869507063484186,0.25383509704025814,,,,0.3826573802375918,0.0002143657298511829,5.95634950330962,0.7
14,2015-06-08,bad_013,bad,False,False,,success,0.8200000000000002,1.2435823549404574,5.5,9.0,6.0,9.0,0.4,0.4357269903998753,0.5195858925477923,0.24005621872140231,,,,1.2391764731008228,0.000640987824789034,19.779450658604585,0.85
14,2015-06-08,bad_014,bad,False,False,,failure,0.48000000000000004,-4.268686762828452,4.0,8.0,4.0,8.0,0.3333333333333333,0.3910704832861529,0.3554852501071927,0.4741026940370602,,,,0.4553643204601371,0.000227708340468491,7.016173726944036,0.7
14,2015-06-08,bad_015,bad,False,False,,failure,0.39000000000000007,-4.853746757304592,3.0,9.0,3.0,9.0,0.25,0.3490905286429686,0.393708278905205,0.24498244469775043,,,,0.5232142299715433,0.0003643772623498592,8.240367260685112,0.65
14,2015-06-08,bad_016,bad,False,False,,success,0.8200000000000002,1.4121861150765085,5.0,9.0,5.5,9.0,0.3793103448275862,0.4248608859907987,0.4518393674520716,0.36191109591449533,,,,0.5962808416715616,0.00040360637206174533,9.55198921854872,0.65
14,2015-06-08,bad_017,bad,False,False,,failure,0.39000000000000007,-0.3137438738519762,5.5,10.0,5.5,10.0,0.3548387096774194,0.3563388643191208,0.40953612919189086,0.2322119129493241,,,,1.1044328594908221,0.0006534122454751588,17.264282533273533,0.8
14,2015-06-08,bad_018,bad,False,False,,neutral,0.48000000000000004,-0.07622836465088767,4.0,9.0,4.0,9.0,0.3076923076923077,0.3428467395155248,0.41617797274302887,0.1717405286513486,,,,0.3533700224084273,0.0002015396099055316,5.547400629443755,0.55
14,2015-06-08,bad_019,bad,False,False,,success,0.8200000000000002,0.3695885953760438,7.0,9.0,7.5,9.0,0.45454545454545453,0.4297169442676433,0.39460835942198547,0.5116369755741783,,,,1.1205930000725883,0.000684272044542283,17.840866435719573,0.8
14,2015-06-08,bad_020,bad,False,False,,failure,0.5100000000000001,-0.19768984202754325,5.5,10.0,5.5,10.0,0.3548387096774194,0.4767733630991556,0.45908085451129665,0.5180558831374932,,,,1.0469079453425312,0.0005258150735806364,16.311819888553657,0.85
14,2015-06-08,bad_021,bad,False,False,,failure,0.5100000000000001,-0.5862384996846544,6.0,10.0,6.0,10.0,0.375,0.33259071999303513,0.4003058594333673,0.17458872796559358,,,,0.5647131296758345,0.0002515855309793228,8.896758056974528,0.85
14,2015-06-08,bad_022,bad,False,False,,failure,0.39000000000000007,-1.6458987697848357,4.0,8.0,4.0,8.0,0.3333333333333333,0.38355559591396154,0.46805790850707246,0.1863835331967029,,,,0.9527292587785483,0.0005528279395076456,15.40472388837005,0.85
14,2015-06-08,bad_023,bad,True,False,,,,,4.5,8.0,5.0,8.0,0.38461538461538464,0.5048193325351867,0.5828615946773963,0.3227207208700311,,,,2.302933970904959,0.0008946151104670442,36.44807755248007,0.95
14,2015-06-08,bad_024,bad,False,False,,failure,0.39000000000000007,-5.912658527704664,5.0,11.0,5.0,11.0,0.3125,0.28928771164678946,0.3605224266211492,0.12307337670661694,,,,0.3218740440184352,0.00018804978025416477,5.135225064124237,0.65
14,2015-06-08,bad_025,bad,False,False,,failure,0.39000000000000007,-4.282383996479169,3.5,10.0,3.5,10.0,0.25925925925925924,0.35278135169806346,0.46118430891303663,0.09984111819645951,,,,0.7028374980723726,0.00040424730972006323,11.14547745225314,0.8
14,2015-06-08,bad_026,bad,False,False,,failure,0.4200000000000001,-2.095867248171558,3.5,10.0,3.5,10.0,0.25925925925925924,0.4383996514227249,0.5551734949868962,0.16592734977299198,,,,1.4420590665701554,0.0007596765452147875,22.87062449868672,0.85
14,2015-06-08,bad_027,bad,False,False,,failure,0.39000000000000007,-0.6508055876233243,4.0,8.0,4.0,8.0,0.3333333333333333,0.4681057958267608,0.515991481036634,0.3563725303370568,,,,1.7994878142135928,0.0007470399804948014,28.615298902881147,0.95
14,2015-06-08,bad_028,bad,False,False,,failure,0.39000000000000007,-2.873424153836112,5.0,9.0,5.0,9.0,0.35714285714285715,0.44451449658076503,0.453975942846251,0.4224377886279646,,,,0.5250168120965523,0.00026037532586447296,8.361308377628314,0.6
14,2015-06-08,bad_029,bad,True,False,,,,,5.0,9.0,5.5,9.0,0.3793103448275862,0.4834742779847055,0.5149538425095547,0.4100219607600575,,,,2.177454621664528,0.0007152140734469862,33.95288563269359,0.95
14,2015-06-08,bad_030,bad,False,False,,failure,0.39000000000000007,-0.28120269791813257,6.0,10.0,6.0,10.0,0.375,0.3696114456684866,0.3909324434264534,0.31986245089989745,,,,0.6633201106198016,0.0004208773069637419,10.63484233102646,0.75
14,2015-06-08,bad_031,bad,True,True,True,,,,4.5,8.0,5.5,8.0,0.4074074074074074,0.5106334662786525,0.526855852761012,0.47278123115314724,0.3877551020408163,1.3535869116750725,0.0007309014882668951,1.3535872572480487,0.0007309014882668951,21.799190527543846,0.95
14,2015-06-08,bad_032,bad,False,False,,success,0.9400000000000001,7.09772376110854,4.0,9.0,4.5,9.0,0.3333333333333333,0.45222893508690926,0.4618179981781374,0.42985445454071036,,,,1.5028284516332933,0.0005703233575681645,23.721652810095577,0.9
14,2015-06-08,bad_033,bad,False,False,,failure,0.5400000000000001,-0.14915095468219874,3.0,9.0,3.0,9.0,0.25,0.334987273256301,0.4543487935882275,0.056477059148472494,,,,1.0798327084604833,0.0005973684950270352,17.0981790077861,0.85
14,2015-06-08,bad_034,bad,False,True,False,,,,6.0,9.0,6.0,10.0,0.375,0.4053889535926913,0.42942293876485843,0.3493096548576347,0.7551020408163265,0.7159288076711318,0.0003189807435415035,0.7159290262703274,0.0003189807435415035,11.249092759493,0.8
14,2015-06-08,bad_035,bad,True,False,,,,,4.5,9.0,5.0,9.0,0.35714285714285715,0.4927130458163653,0.5111752554781619,0.4496345566055069,,,,0.9588792462576992,0.0005935352471249271,15.329310475322615,0.9
14,2015-06-08,bad_036,bad,False,True,False,,,,4.0,9.0,4.0,10.0,0.2857142857142857,0.34142229241552613,0.3828934070520902,0.24465635826354346,0.8979591836734694,0.5224488517485991,0.0002623234029779815,0.5224489958056164,0.0002623234029779815,8.34162525637009,0.65
14,2015-06-08,bad_037,bad,False,False,,failure,0.5100000000000001,-1.2477102560881548,2.5,10.0,2.5,10.0,0.2,0.3481810414206368,0.3865155185323646,0.25873392815993884,,,,0.6503921690532558,0.00030647698272999815,10.498399928311754,0.8
14,2015-06-08,bad_038,bad,False,False,,success,0.8200000000000002,0.1437460883565791,5.0,10.0,5.5,10.0,0.3548387096774194,0.40822614904973065,0.48607000492806196,0.2265904853336242,,,,1.1921445149782572,0.0005713469969114088,18.88052390156778,0.9
14,2015-06-08,bad_039,bad,False,False,,success,0.7000000000000001,0.0321062897914004,6.0,10.0,6.5,10.0,0.3939393939393939,0.4719668180845048,0.48738886712347607,0.43598203699357185,,,,1.4348075901988753,0.0008839034616955598,22.688020178339585,0.85
14,2015-06-08,bad_040,bad,True,True,True,,,,4.5,9.0,5.5,9.0,0.3793103448275862,0.4806628652130873,0.5314220200182216,0.3622248373344408,0.20408163265306123,1.7369256468408998,0.0006970312104824537,1.7369262390333493,0.0006970312104824537,27.430491423146673,0.95
14,2015-06-08,bad_041,bad,False,False,,success,0.8200000000000002,1.2101027510098703,4.5,8.0,5.0,8.0,0.38461538461538464,0.45674998917339893,0.4294137775177135,0.520534483036665,,,,0.44900448566401024,0.00029174347366949465,7.097930358659836,0.7
14,2015-06-08,bad_042,bad,False,False,,success,0.9700000000000001,4.454698642939761,4.0,9.0,4.5,9.0,0.3333333333333333,0.47228906268650916,0.47521628121516635,0.46545888611964265,,,,1.10155682806083,0.0006156927218945692,17.665033771268295,0.8
14,2015-06-08,bad_043,bad,False,True,False,,,,5.0,8.0,5.0,9.0,0.35714285714285715,0.3782986996603383,0.4074779375484267,0.3102138112547988,0.8571428571428571,0.5714649415175245,0.0003486630824078566,0.5714650723911503,0.0003486630824078566,9.112398153808982,0.75
14,2015-06-08,bad_044,bad,True,False,,,,,5.0,10.0,5.0,10.0,0.3333333333333333,0.5038556220428795,0.5508226090752245,0.3942659856340745,,,,1.2410099994465178,0.0007149816988718245,19.66632023501063,0.85
14,2015-06-08,bad_045,bad,True,False,,,,,5.0,10.0,5.5,10.0,0.3548387096774194,0.4772806309707194,0.4598872031350693,0.5178652959205696,,,,0.8305581804879366,0.0005858632833274713,13.03907084197427,0.75
14,2015-06-08,bad_046,bad,False,False,,failure,0.5100000000000001,-0.5629023089804406,4.5,10.0,4.5,10.0,0.3103448275862069,0.4598361374706115,0.4640130270746584,0.4500900617278354,,,,0.696160824632931,0.0003774297726064541,10.825909872858533,0.85
14,2015-06-08,bad_047,bad,True,True,True,,,,7.0,10.0,8.0,10.0,0.4444444444444444,0.5116886335994325,0.46231477585404257,0.626894301672009,0.6122448979591837,0.9926664472769267,0.00047506496085467987,0.992666730389958,0.00047506496085467987,16.052596178747674,0.85
14,2015-06-08,bad_048,bad,False,False,,failure,0.39000000000000007,-3.8955862608672476,3.0,9.0,3.0,9.0,0.25,0.3444830377407124,0.40019008908903164,0.21449991792796758,,,,1.2229840604593123,0.0006350385676940296,19.271798184606638,0.85
14,2015-06-08,bad_049,bad,False,False,,failure,0.5100000000000001,-0.9900007709221086,7.0,10.0,7.0,10.0,0.4117647058823529,0.42634482994413836,0.4407764705571797,0.392671001847042,,,,0.720185183034601,0.0002618694884155527,11.16739626118893,0.7
15,2015-07-07,good_000,good,True,True,True,,,,18.0,5.0,19.0,5.0,0.7916666666666666,0.5885758106783878,0.5050056759480207,0.783572791715911,0.4489795918367347,1.212715815865031,0.00046859798237440466,1.2127162587551463,0.00046859798237440466,19.258206878675374,0.85
15,2015-07-07,good_001,good,True,True,False,,,,16.5,6.0,16.5,7.0,0.7021276595744681,0.5539290654963611,0.45443908739121197,0.7860723477417094,0.7755102040816326,0.9014845107477304,0.0005102443991710656,0.9014847333710744,0.0005102443991710656,14.20604478002916,0.9
15,2015-07-07,good_002,good,True,True,True,,,,16.5,6.0,17.5,6.0,0.7446808510638298,0.6713192037438226,0.5767960765753206,0.8918731671369939,0.02040816326530612,2.3649012603523065,0.0010496573370344484,2.3649020178900035,0.0010496573370344484,36.717545063806156,1.0
15,2015-07-07,good_003,good,True,True,False,,,,21.0,2.0,21.0,3.0,0.875,0.5519267002631273,0.4336562063932856,0.8278911859594246,0.9591836734693877,0.4561167039163489,0.00029801147616672214,0.4561168027515266,0.00029801147616672214,7.223456295881726,0.7
15,2015-07-07,good_004,good,True,True,True,,,,16.0,7.0,17.0,7.0,0.7083333333333334,0.5305100575143712,0.49970751175937345,0.6023826642760328,0.5918367346938775,1.0324991520230111,0.0007285669289242458,1.032499359218966,0.0007285669289242458,16.52415233282388,0.85
15,2015-07-07,good_005,good,True,True,True,,,,18.0,5.0,19.0,5.0,0.7916666666666666,0.5854239722297477,0.5464184823812518,0.6764367818762382,0.673469387755102,1.000459548527193,0.0005822310573449183,1.0004597921841882,0.0005822310573449183,15.684252577246747,0.8
15,2015-07-07,good_006,good,True,True,True,,,,19.0,4.0,20.0,4.0,0.8333333333333334,0.6567241013076127,0.5389281503318579,0.9315813202510408,0.3469387755102041,1.282786379586149,0.0007171287764410528,1.2827867052926878,0.0007171287764410528,20.185848662059676,0.9
15,2015-07-07,good_007,good,True,True,False,,,,16.0,6.0,16.0,7.0,0.6956521739130435,0.5399325173317924,0.44213571243489636,0.7681250620912163,0.8775510204081632,0.740791191365763,0.00044185397890600197,0.7407913681584987,0.00044185397890600197,11.876452228779742,0.75
15,2015-07-07,good_008,good,True,True,False,,,,14.0,9.0,14.0,10.0,0.5833333333333334,0.5815815863191729,0.5044345709595827,0.7615912888248834,0.7551020408163265,0.9343001200335822,0.0005325808675516741,0.9343003489273705,0.0005325808675516741,14.870715943242498,0.9
15,2015-07-07,good_009,good,True,True,True,,,,17.0,5.0,18.0,5.0,0.782608695652174,0.6642217916450902,0.5944318956806836,0.8270648822287058,0.12244897959183673,1.7429683241287666,0.0008791427710218645,1.7429688143197792,0.0008791427710218645,27.628403063553137,0.9
15,2015-07-07,good_010,good,True,True,True,,,,21.0,2.0,22.0,2.0,0.9166666666666666,0.5998117454237714,0.4777316375036762,0.8846653305706601,0.6326530612244898,1.0164319971041489,0.0006569144346636931,1.0164322205904908,0.0006569144346636931,16.083499782071698,0.85
15,2015-07-07,good_011,good,True,True,True,,,,16.0,7.0,17.0,7.0,0.7083333333333334,0.6581615127064386,0.6046779974944383,0.7829563815344396,0.061224489795918366,2.086150273686558,0.0008788110519682684,2.086150971787394,0.0008788110519682684,32.93395969490786,1.0
15,2015-07-07,good_012,good,True,True,True,,,,19.0,4.0,20.0,4.0,0.8333333333333334,0.643949619391208,0.5660358475449013,0.8257484203659236,0.10204081632653061,1.8471867598457987,0.0008549578758364056,1.847187328435208,0.0008549578758364056,28.68434718824737,0.95
15,2015-07-07,good_013,good,True,False,,,,,14.0,9.0,14.0,9.0,0.6086956521739131,0.5230525526545108,0.5353210062518429,0.4944261609274028,,,,1.7353304458940444,0.0007796686618882713,27.477835044007453,0.95
15,2015-07-07,good_014,good,True,True,True,,,,16.0,6.0,17.0,6.0,0.7391304347826086,0.6041834756331,0.507698727290191,0.8293145550998878,0.42857142857142855,1.2147109299343888,0.0005466896072458054,1.2147113139650443,0.0005466896072458054,19.06072303504666,0.8
15,2015-07-07,good_015,good,True,True,True,,,,16.0,7.0,17.0,7.0,0.7083333333333334,0.6556046711003547,0.5748328235051826,0.8440723154890897,0.2653061224489796,1.4722522365402304,0.000764460951821645,1.472252636077171,0.000764460951821645,23.63390216372285,0.95
15,2015-07-07,good_016,good,True,True,True,,,,19.0,4.0,20.0,4.0,0.8333333333333334,0.7004600419144911,0.6174737920356717,0.89409462496507,0.0,3.127838131128198,0.0009886513819316902,3.127839524221952,0.0009886513819316902,49.83921952835915,1.0
15,2015-07-07,good_017,good,True,True,True,,,,17.0,6.0,18.0,6.0,0.75,0.6350990507593854,0.5452609365801906,0.8447213171775071,0.08163265306122448,1.934786819513993,0.0008368582526023854,1.9347874446971076,0.0008368582526023854,30.051480107594006,0.95
15,2015-07-07,good_018,good,True,True,True,,,,19.0,4.0,20.0,4.0,0.8333333333333334,0.5999228992692144,0.5142141586995701,0.7999099605983846,0.32653061224489793,1.328723410838626,0.0006180654027760473,1.3287238144445652,0.0006180654027760473,20.76824172153659,0.9
15,2015-07-07,good_019,good,True,True,True,,,,19.0,4.0,20.0,4.0,0.8333333333333334,0.5813455759827957,0.4975740577634721,0.7768124518278844,0.22448979591836735,1.5452881153031635,0.0007333145209463762,1.545288572457802,0.0007333145209463762,24.317268176486014,0.95
15,2015-07-07,medium_000,medium,False,True,False,,,,8.5,11.0,8.5,12.0,0.4146341463414634,0.3823376435479185,0.3707466357168967,0.4093833284869693,0.9387755102040817,0.4879608407514723,0.000325275557658038,0.48796094305482457,0.000325275557658038,7.724510927154674,0.65
15,2015-07-07,medium_001,medium,True,True,True,,,,15.0,7.0,16.0,7.0,0.6956521739130435,0.6042165403879648,0.5799054673952173,0.6609423773710422,0.16326530612244897,1.6021485230612493,0.0007840690309426446,1.602148987498261,0.0007840690309426446,25.39560504918895,0.9
15,2015-07-07,medium_002,medium,False,True,True,,,,11.0,10.0,12.0,10.0,0.5454545454545454,0.460374963740967,0.5135495845930927,0.33630084841934027,0.24489795918367346,1.5144396783968517,0.0007361519621457706,1.5144401209168434,0.0007361519621457706,24.258460365055136,0.9
15,2015-07-07,medium_003,medium,True,True,True,,,,13.5,9.0,14.5,9.0,0.6170212765957447,0.5138409478393118,0.5258182090294178,0.48589400506239777,0.1836734693877551,1.580756659654544,0.0007282164866642336,1.5807571462625651,0.0007282164866642336,25.397564755860436,0.9
15,2015-07-07,medium_004,medium,True,True,True,,,,11.5,9.0,12.5,9.0,0.5813953488372093,0.528562325425277,0.45022593987275117,0.7113472250478374,0.46938775510204084,1.1905677341123895,0.0004819351434501514,1.1905681483827586,0.0004819351434501514,19.02923178175749,0.9
15,2015-07-07,medium_005,medium,True,True,False,,,,13.0,7.0,13.0,8.0,0.6190476190476191,0.5266469382453968,0.46351742374244553,0.6739491387522831,0.8163265306122449,0.8671246870273798,0.0004215807935508001,0.8671249370082331,0.0004215807935508001,13.63371274270258,0.85
15,2015-07-07,medium_006,medium,True,True,True,,,,11.5,9.0,12.5,9.0,0.5813953488372093,0.5513517415605239,0.512651231214704,0.6416529323674371,0.4897959183673469,1.1757272376428936,0.0006717829157447091,1.175727529506311,0.0006717829157447091,18.783440623652417,0.8
15,2015-07-07,medium_007,medium,False,False,,failure,0.5100000000000001,-6.001660507506045,8.5,10.0,8.5,10.0,0.4594594594594595,0.4357857569940368,0.4625442398398414,0.37334929702049285,,,,1.2866175146506702,0.0006823911385743008,20.5029381853921,0.85
15,2015-07-07,medium_008,medium,True,False,,,,,12.0,10.0,12.5,10.0,0.5555555555555556,0.5314013638745108,0.5598771053305291,0.4649579671438012,,,,1.474984218940475,0.000732956089918172,23.381442676483235,0.85
15,2015-07-07,medium_009,medium,True,True,True,,,,13.5,9.0,14.5,9.0,0.6170212765957447,0.5565363831358218,0.5425337900730889,0.5892091002821985,0.30612244897959184,1.458044015345344,0.0007439154782506226,1.4580444184096562,0.0007439154782506226,23.111927080607668,0.9
15,2015-07-07,medium_010,medium,False,False,,failure,0.39000000000000007,-5.10437640305085,11.0,11.0,11.0,11.0,0.5,0.41315695080712866,0.3576313859188296,0.54271660221316,,,,0.601934538238129,0.0003552715437760472,9.625830320350326,0.8
15,2015-07-07,medium_011,medium,True,True,True,,,,10.0,10.0,11.0,10.0,0.5238095238095238,0.5478593771613449,0.5566089986628605,0.5274435936578087,0.14285714285714285,1.7398440937337754,0.0007777108734117725,1.739844643801466,0.0007777108734117725,27.721370681263295,0.95
15,2015-07-07,medium_012,medium,True,False,,,,,13.5,9.0,14.0,9.0,0.6086956521739131,0.5498422527733968,0.45396722346892765,0.773550654483825,,,,0.9695790860178571,0.0005825204166453027,15.308012234478564,0.85
15,2015-07-07,medium_013,medium,False,True,False,,,,8.5,9.0,8.5,10.0,0.4594594594594595,0.4237572765746309,0.4507318495567474,0.36081660628302603,0.5510204081632653,1.0953596017668425,0.0005606350730054694,1.0953599027849599,0.0005606350730054694,17.438763592959862,0.9
15,2015-07-07,medium_014,medium,False,True,True,,,,13.0,9.0,14.0,9.0,0.6086956521739131,0.4923696319386659,0.4814513084162827,0.5178457201575601,0.6530612244897959,1.0131135869415806,0.0005407838510899775,1.013113858331003,0.0005407838510899775,16.264788910463853,0.85
15,2015-07-07,medium_015,medium,True,True,True,,,,10.0,8.0,11.0,8.0,0.5789473684210527,0.5433957958933144,0.5128561377309082,0.6146549982722621,0.3877551020408163,1.2664430179408106,0.0007270639960535593,1.266443330007873,0.0007270639960535593,20.1084638817449,0.85
15,2015-07-07,medium_016,medium,True,True,True,,,,12.5,10.0,13.5,10.0,0.574468085106383,0.6682189687697175,0.6153775727723177,0.791515559430317,0.04081632653061224,2.132780050607688,0.0010101093341303756,2.13278068771789,0.0010101093341303756,33.3470276981789,0.9
15,2015-07-07,medium_017,medium,True,True,True,,,,8.0,9.0,9.0,9.0,0.5,0.550982175829433,0.5442056387983207,0.566794095568695,0.2857142857142857,1.4691494729924417,0.0007179679125240007,1.4691498960326501,0.0007179679125240007,23.5219025052484,0.95
15,2015-07-07,medium_018,medium,False,True,False,,,,15.5,7.0,15.5,8.0,0.6595744680851063,0.4381768020728184,0.36983987807863583,0.5976296247259112,0.9795918367346939,0.20311725167266478,0.00016261853735751694,0.2031172878657595,0.00016261853735751694,3.226423815276512,0.65
15,2015-07-07,medium_019,medium,True,False,,,,,10.0,10.0,10.5,10.0,0.5121951219512195,0.573947067879061,0.5122276339634542,0.7179590803488105,,,,1.3445861726186086,0.0006380311678009246,21.460616937250908,0.9
15,2015-07-07,medium_020,medium,True,True,True,,,,12.0,9.0,13.0,9.0,0.5909090909090909,0.588724754115951,0.508223526992168,0.7765609507381117,0.6122448979591837,1.0256450557948693,0.0004581600484202292,1.0256453819706415,0.0004581600484202292,16.62418025644617,0.75
15,2015-07-07,medium_021,medium,True,True,False,,,,14.0,7.0,14.0,8.0,0.6363636363636364,0.5170843791182237,0.4550362357012563,0.661863380424481,0.8367346938775511,0.789160317686767,0.0005332418096254284,0.7891604826072594,0.0005332418096254284,12.538951368376932,0.7
15,2015-07-07,medium_022,medium,True,True,True,,,,14.0,8.0,15.0,8.0,0.6521739130434783,0.5390822323447056,0.5148680966229275,0.5955818823621879,0.5102040816326531,1.1713918972160664,0.0005602184846003582,1.1713922431593315,0.0005602184846003582,18.570347702615827,0.85
15,2015-07-07,medium_023,medium,True,True,False,,,,14.0,8.0,14.0,9.0,0.6086956521739131,0.5020253648383921,0.4772377166660928,0.5598632105737571,0.8571428571428571,0.7878174897062578,0.0005636590344811317,0.787817645032944,0.0005636590344811317,12.403767598765699,0.75
15,2015-07-07,medium_024,medium,True,True,True,,,,10.0,9.0,11.0,9.0,0.55,0.5294598997648171,0.5158042766856801,0.5613230202828036,0.40816326530612246,1.2622265579082708,0.0004923618257547316,1.2622270133692022,0.0004923618257547316,20.178995256896197,0.9
15,2015-07-07,medium_025,medium,True,True,False,,,,12.0,9.0,12.0,10.0,0.5454545454545454,0.5266283560791521,0.48767770224457396,0.6175132150265012,0.5714285714285714,1.0860108951502767,0.0005618711030615758,1.0860111933973469,0.0005618711030615758,17.243173649368078,0.95
15,2015-07-07,medium_026,medium,True,False,,,,,13.5,8.0,14.0,8.0,0.6363636363636364,0.5180376137119063,0.5175933325284928,0.5190742698065379,,,,1.6523864329951403,0.0008177017184490042,26.29634380891398,0.95
15,2015-07-07,medium_027,medium,True,False,,,,,10.5,10.0,10.5,10.0,0.5121951219512195,0.6003447558913287,0.5793263881753961,0.6493876138951719,,,,2.035758626221407,0.0008659696828888185,32.55678624303847,0.95
15,2015-07-07,medium_028,medium,True,False,,,,,12.0,8.0,12.0,8.0,0.6,0.5387877130630628,0.5529987096343121,0.5056287210634814,,,,1.8241388841300183,0.0006741508786132126,29.08268160706456,0.9
15,2015-07-07,medium_029,medium,False,True,False,,,,12.5,10.0,12.5,11.0,0.5319148936170213,0.47003685962252406,0.4166024043056349,0.5947172553619322,0.8979591836734694,0.6145692196007293,0.00032677065861852874,0.6145693817397148,0.00032677065861852874,9.75602684042214,0.65
15,2015-07-07,bad_000,bad,True,True,False,,,,8.5,11.0,8.5,12.0,0.4146341463414634,0.4924238975095818,0.5396952868828909,0.38212398897186073,0.7142857142857143,0.9752419090329946,0.0006889595738366328,0.9752421031760633,0.0006889595738366328,15.603897047543741,0.8
15,2015-07-07,bad_001,bad,False,False,,failure,0.39000000000000007,-8.353418123685685,4.5,9.0,4.5,9.0,0.3333333333333333,0.4052465517833497,0.4356278963556339,0.3343567477813533,,,,0.5342905656300971,0.00043285148894543307,8.3706336669017,0.7
15,2015-07-07,bad_002,bad,False,False,,failure,0.5100000000000001,-2.5995125619357964,5.0,9.0,5.0,9.0,0.35714285714285715,0.4328498782894107,0.46400401550450077,0.3601568914542006,,,,0.7855913055998616,0.0004561365865078411,12.321645004560416,0.85
15,2015-07-07,bad_003,bad,True,False,,,,,7.0,10.0,7.0,10.0,0.4117647058823529,0.5046399859579711,0.4422042560118321,0.6503233558322956,,,,0.48691440226912014,0.0003300206222839213,7.805233652505671,0.55
15,2015-07-07,bad_004,bad,False,False,,failure,0.5100000000000001,-5.817093545643942,5.5,9.0,5.5,9.0,0.3793103448275862,0.4767441538905993,0.45788234008941586,0.5207550527600274,,,,0.6695018315171412,0.00037009798681563973,10.720484413069551,0.7
15,2015-07-07,bad_005,bad,False,False,,failure,0.5100000000000001,-2.607815206601998,3.5,10.0,3.5,10.0,0.25925925925925924,0.3347048135174176,0.42267094101193065,0.12945051603022062,,,,0.5191310520699811,0.0002828017073723627,8.14969172623163,0.75
15,2015-07-07,bad_006,bad,False,False,,success,0.8200000000000002,0.9464821338803802,6.5,11.0,7.0,11.0,0.3888888888888889,0.45696615220026576,0.5369722586143786,0.27028523723400255,,,,1.8030014326295876,0.0008006393691573621,28.526551083596484,0.95
15,2015-07-07,bad_007,bad,False,False,,failure,0.4200000000000001,-2.75631650515885,6.5,8.0,6.5,8.0,0.4482758620689655,0.45812662460337583,0.48950562593219515,0.3849089548361308,,,,1.0314959384641105,0.0005440805387192914,16.377950804318566,0.85
15,2015-07-07,bad_008,bad,False,False,,success,0.9400000000000001,0.6262329045740103,3.0,8.0,3.5,8.0,0.30434782608695654,0.46347532195131896,0.5099950729782758,0.354929236221753,,,,0.87202316229204,0.0005795974333270267,13.778758515482945,0.8
15,2015-07-07,bad_009,bad,False,False,,failure,0.5100000000000001,-5.916229727158935,4.0,10.0,4.0,10.0,0.2857142857142857,0.4197287116818233,0.4825128037883243,0.27323249676665434,,,,0.7412747827008621,0.0005007538371300979,11.61978384898063,0.8
15,2015-07-07,bad_010,bad,False,False,,success,0.8200000000000002,3.0168466321202914,5.5,10.0,6.0,10.0,0.375,0.3917008130548887,0.4596539881028662,0.2331434046096079,,,,0.6468406681501642,0.0003851911782494229,10.377419692828536,0.75
15,2015-07-07,bad_011,bad,False,False,,failure,0.39000000000000007,-3.486846970480144,3.5,8.0,3.5,8.0,0.30434782608695654,0.4286655947066187,0.490727524967032,0.2838544240989879,,,,0.9297864700050623,0.00046410273865405414,15.029213302844525,0.85
15,2015-07-07,bad_012,bad,False,False,,success,0.91,1.1780312315576111,6.5,9.0,7.0,9.0,0.4375,0.3893836583894798,0.3925287910737634,0.3820450154594849,,,,0.6434593307703496,0.0004243328594152592,10.09734527925197,0.75
15,2015-07-07,bad_013,bad,False,False,,success,0.9700000000000001,0.8308290451620621,6.0,9.0,6.5,9.0,0.41935483870967744,0.4361877346376831,0.5033497607675856,0.2794763403345773,,,,1.1481127264479611,0.0007161874160457681,18.198248493145943,0.85
15,2015-07-07,bad_014,bad,True,False,,,,,4.0,8.0,4.5,8.0,0.36,0.5540003954062891,0.5485120340396427,0.5668065719284641,,,,1.2120991731879278,0.0007543781362380922,19.043768017479092,0.9
15,2015-07-07,bad_015,bad,False,False,,failure,0.5100000000000001,-6.822715641225756,3.0,9.0,3.0,9.0,0.25,0.40484197869212213,0.41591850537629926,0.37899674976237546,,,,0.7132405404974173,0.0005045394356616099,11.323391664196015,0.75
15,2015-07-07,bad_016,bad,True,False,,,,,5.5,9.0,6.0,9.0,0.4,0.5316773104801085,0.5328686933503864,0.5288974171161265,,,,1.7020885406206376,0.0008280427211043448,27.390202940169843,0.9
15,2015-07-07,bad_017,bad,False,False,,failure,0.5100000000000001,-3.021376347597908,5.5,10.0,5.5,10.0,0.3548387096774194,0.42013597520543355,0.5043173969260386,0.22371265785735514,,,,0.6834571891028918,0.0004091509680257539,10.976785868682954,0.8
15,2015-07-07,bad_018,bad,False,False,,success,0.9400000000000001,0.1468127266601016,4.0,9.0,4.5,9.0,0.3333333333333333,0.4253876047417927,0.4700102693643572,0.321268053955809,,,,0.7906906979889629,0.00043434018304118715,12.582335473335256,0.75
15,2015-07-07,bad_019,bad,False,False,,success,0.9400000000000001,7.131051217472532,7.5,9.0,8.0,9.0,0.47058823529411764,0.44814842635940577,0.50095493795048,0.32493323264689933,,,,1.654253192540039,0.0008712339902725519,26.199491617751562,0.95
15,2015-07-07,bad_020,bad,False,False,,failure,0.5100000000000001,-5.474828336422519,5.5,10.0,5.5,10.0,0.3548387096774194,0.43812171142707035,0.5097268575287971,0.271043037189708,,,,1.2038009564440888,0.0005623361209140692,19.174432966801902,0.8
15,2015-07-07,bad_021,bad,False,False,,failure,0.5100000000000001,-0.3753576000039516,6.0,10.0,6.0,10.0,0.375,0.40885987809114954,0.47712020155257695,0.2495857900144856,,,,0.8944982803372785,0.00043987405380316774,14.325318651037906,0.8
15,2015-07-07,bad_022,bad,False,False,,failure,0.5100000000000001,-2.2643335589363858,4.0,8.0,4.0,8.0,0.3333333333333333,0.41735228614762676,0.4777917059461895,0.27632697328431377,,,,0.6928179695989392,0.0004578272693288053,10.934191756598425,0.75
15,2015-07-07,bad_023,bad,True,True,False,,,,5.0,8.0,5.0,9.0,0.35714285714285715,0.5108907205756694,0.4567735200217864,0.6371641885347299,0.7346938775510204,0.9632689230035758,0.0005352852684781288,0.9632691670253667,0.0005352852684781288,15.413125845412672,0.8
15,2015-07-07,bad_024,bad,False,False,,success,0.9400000000000001,7.758002920724209,5.0,11.0,5.5,11.0,0.3333333333333333,0.41389836913495365,0.4461134405883749,0.33872986907697084,,,,1.1003639283351971,0.0006688434627175925,17.338630713429865,0.8
15,2015-07-07,bad_025,bad,False,False,,success,0.9400000000000001,4.39288598191348,3.5,10.0,4.0,10.0,0.2857142857142857,0.3683304905333215,0.4425235136280577,0.1952134366456037,,,,1.0803931581973518,0.0005294433866600141,17.297104863218582,0.8
15,2015-07-07,bad_026,bad,False,False,,success,0.8500000000000002,2.229654238258121,3.5,10.0,4.0,10.0,0.2857142857142857,0.4739976419902978,0.5221233958770852,0.3617042162544606,,,,1.487236933619267,0.000926975312769137,23.66140681089223,0.85
15,2015-07-07,bad_027,bad,False,False,,failure,0.5100000000000001,-6.795240125872297,4.0,8.0,4.0,8.0,0.3333333333333333,0.45834796704897063,0.5238939552336216,0.305407327951452,,,,0.801513519862097,0.0005211612885898333,12.573525991643598,0.75
15,2015-07-07,bad_028,bad,False,False,,failure,0.39000000000000007,-1.8154293151695526,5.0,9.0,5.0,9.0,0.35714285714285715,0.3963615620594384,0.4206630509356577,0.3396580880149267,,,,0.7783361212008989,0.00046817957804880337,12.338844554484735,0.8
15,2015-07-07,bad_029,bad,True,True,True,,,,5.5,9.0,6.5,9.0,0.41935483870967744,0.4945133858363725,0.4985372594633056,0.48512434737352866,0.5306122448979592,1.1197238234437914,0.0005924897971624815,1.1197241211133822,0.0005924897971624815,17.669437579059355,0.85
15,2015-07-07,bad_030,bad,False,False,,failure,0.39000000000000007,-0.719135559200538,6.0,10.0,6.0,10.0,0.375,0.4233524354243142,0.39812517522553603,0.48221604255479655,,,,0.5086757013870938,0.00038769287543488927,8.028402423902438,0.65
15,2015-07-07,bad_031,bad,True,True,True,,,,5.5,8.0,6.5,8.0,0.4482758620689655,0.492773709287441,0.5049999997903064,0.4642456981140885,0.3673469387755102,1.2735950101753988,0.000688549221288127,1.2735953411304775,0.000688549221288127,20.20389589047762,0.9
15,2015-07-07,bad_032,bad,False,False,,success,0.9400000000000001,8.745922543111618,4.5,9.0,5.0,9.0,0.35714285714285715,0.3014716295712517,0.3214242335617148,0.25491555359350454,,,,0.27947049098135746,0.00015606289145642137,4.4417803738715165,0.55
15,2015-07-07,bad_033,bad,False,False,,success,0.8200000000000002,0.8012512833359722,3.0,9.0,3.5,9.0,0.28,0.3593517279363577,0.32476203283379024,0.44006101650901525,,,,0.3132785012017194,0.00019254111798320276,4.944859231882237,0.7
15,2015-07-07,bad_034,bad,False,False,,failure,0.5100000000000001,-2.6243489939009237,6.0,10.0,6.0,10.0,0.375,0.3722942775826455,0.4377714656866229,0.2195141720066982,,,,0.9517774629482117,0.00038477078771317907,14.834546984954113,0.75
15,2015-07-07,bad_035,bad,True,True,True,,,,5.0,9.0,6.0,9.0,0.4,0.49468624542859896,0.5200214383816706,0.4355707952047653,0.6938775510204082,0.9948570940301672,0.000573014957338618,0.9948573388010823,0.000573014957338618,15.720402308245086,0.85
15,2015-07-07,bad_036,bad,False,False,,success,0.9700000000000001,0.18891630361227385,4.0,10.0,4.5,10.0,0.3103448275862069,0.4438419722047244,0.5343961520645351,0.2325488858651663,,,,1.4376613523694675,0.0008863030402587607,22.4294940053223,0.9
15,2015-07-07,bad_037,bad,False,False,,failure,0.39000000000000007,-4.476502199838507,2.5,10.0,2.5,10.0,0.2,0.402569606562438,0.4735926621785015,0.23684914345828986,,,,0.5788602656217096,0.00044481628757135134,9.222401935302925,0.75
15,2015-07-07,bad_038,bad,False,False,,success,0.9400000000000001,2.873311136503446,5.5,10.0,6.0,10.0,0.375,0.4135632797666136,0.49120306022291826,0.23240379203523626,,,,1.0935312300806719,0.0006898430758725938,17.522051057816114,0.9
15,2015-07-07,bad_039,bad,False,False,,failure,0.39000000000000007,-1.469347011373742,6.5,10.0,6.5,10.0,0.3939393939393939,0.41628986153477165,0.4412142096074721,0.3581330493651373,,,,0.813582231130462,0.00045975420899711084,12.86208977380451,0.8
15,2015-07-07,bad_040,bad,False,True,False,,,,5.5,9.0,5.5,10.0,0.3548387096774194,0.36065962635442544,0.3901348178810179,0.29188417945904327,0.9183673469387755,0.6138443639904071,0.00032782993962524227,0.6138445241667188,0.00032782993962524227,9.680046354423034,0.6
15,2015-07-07,bad_041,bad,False,False,,success,0.9400000000000001,0.5519407244136687,5.0,8.0,5.5,8.0,0.4074074074074074,0.3641731068212143,0.42310778878987787,0.22665884889433272,,,,0.8630959160871189,0.0005650303621720394,13.79592716764679,0.8
15,2015-07-07,bad_042,bad,False,False,,success,0.9400000000000001,0.6112276755212633,4.5,9.0,5.0,9.0,0.35714285714285715,0.3641387150098897,0.40296484821800704,0.2735444041909492,,,,0.3162105881464527,0.0002831668825150375,5.030245426557877,0.65
15,2015-07-07,bad_043,bad,False,False,,failure,0.39000000000000007,-2.8597940801118114,5.0,9.0,5.0,9.0,0.35714285714285715,0.35676747727085834,0.41760846749497604,0.214805166747917,,,,0.37983544213032344,0.0001698686723453501,5.982008974646905,0.7
15,2015-07-07,bad_044,bad,False,True,False,,,,5.0,10.0,5.0,11.0,0.3125,0.4412101216011377,0.5323602338988269,0.2285265262398629,0.7959183673469388,0.9012734587427972,0.0005840876070171686,0.9012736561879798,0.0005840876070171686,14.202667307424171,0.85
15,2015-07-07,bad_045,bad,False,True,True,,,,5.5,10.0,6.5,10.0,0.3939393939393939,0.47337961187991473,0.5292692465031887,0.34297046442560875,0.20408163265306123,1.5620749626082433,0.0005835109093630555,1.562075555988091,0.0005835109093630555,24.72793834284615,0.9
15,2015-07-07,bad_046,bad,False,False,,success,0.9400000000000001,8.058169763505816,4.5,10.0,5.0,10.0,0.3333333333333333,0.44460132794366736,0.45783996640447255,0.41371117153512205,,,,1.1045563205452826,0.0006652601528428787,17.28781431480097,0.85
15,2015-07-07,bad_047,bad,False,True,False,,,,8.0,10.0,8.0,11.0,0.42105263157894735,0.31409593433807725,0.24955526371842648,0.4646908324505959,1.0,0.01131156349776506,7.1175857429252094e-06,0.011311566457249195,7.1175857429252094e-06,0.20824847231255017,0.6
15,2015-07-07,bad_048,bad,False,False,,failure,0.5100000000000001,-1.7759133653178765,3.0,9.0,3.0,9.0,0.25,0.4280236337312334,0.43555962576974744,0.4104396523080342,,,,0.5127005577892643,0.0003233657823467457,8.065797131261581,0.7
15,2015-07-07,bad_049,bad,False,False,,success,0.9400000000000001,3.0305796318681075,7.0,10.0,7.5,10.0,0.42857142857142855,0.45375000912237534,0.5088160827371913,0.3252625040211382,,,,1.013949279855061,0.0007107422239692922,16.090972990600513,0.75
16,2015-08-05,good_000,good,True,True,True,,,,19.0,5.0,20.0,5.0,0.8,0.5623852916059878,0.5041125895783674,0.6983549296704358,0.4897959183673469,1.191783200575804,0.0005533698222537572,1.1917835576272051,0.0005533698222537572,19.054046419295908,0.9
16,2015-08-05,good_001,good,True,True,False,,,,16.5,7.0,16.5,8.0,0.673469387755102,0.48412871723771567,0.42145037309665545,0.6303781869001897,0.8163265306122449,0.6632229397081102,0.0004297890725804751,0.663223081399734,0.0004297890725804751,10.469795807311225,0.75
16,2015-08-05,good_002,good,True,True,True,,,,17.5,6.0,18.5,6.0,0.7551020408163265,0.615663397343256,0.5728708490721756,0.715512676642444,0.3673469387755102,1.4172813728021738,0.0008165970264789543,1.4172817157259785,0.0008165970264789543,22.19465876200266,0.95
16,2015-08-05,good_003,good,True,True,True,,,,21.0,3.0,22.0,3.0,0.88,0.692191076432644,0.595650859854405,0.9174515817818686,0.0,3.606943255374592,0.0009861917110530354,3.6069450985801406,0.0009861917110530354,55.4744590644674,1.0
16,2015-08-05,good_004,good,True,True,True,,,,17.0,7.0,18.0,7.0,0.72,0.5847709429058379,0.5048465061306627,0.7712612953812465,0.6122448979591837,1.0636083370541076,0.0006196067457445626,1.0636085913973103,0.0006196067457445626,16.778639117075233,0.85
16,2015-08-05,good_005,good,True,True,True,,,,19.0,5.0,20.0,5.0,0.8,0.6686919746641493,0.591673662566799,0.8484013695579669,0.04081632653061224,2.5222250345178123,0.0008958224822617411,2.5222260221970876,0.0008958224822617411,40.012215381230554,1.0
16,2015-08-05,good_006,good,True,True,True,,,,20.0,4.0,21.0,4.0,0.84,0.6690990481515886,0.5798413858010245,0.8773669269695719,0.14285714285714285,1.8328816322156163,0.0009261201674856795,1.8328821433778004,0.0009261201674856795,28.858437135412622,0.95
16,2015-08-05,good_007,good,True,True,True,,,,16.0,7.0,17.0,7.0,0.7083333333333334,0.563400723182735,0.4980340959310793,0.7159228534365986,0.42857142857142855,1.2732242579802138,0.0005450282551452225,1.273224677753973,0.0005450282551452225,20.158062204000636,0.85
16,2015-08-05,good_008,good,True,True,True,,,,14.0,10.0,15.0,10.0,0.6,0.5387587332341743,0.5687911190710737,0.46868316628140905,0.08163265306122448,2.163212766127524,0.0008844666196642665,2.1632135029024813,0.0008844666196642665,34.339399303449746,1.0
16,2015-08-05,good_009,good,True,True,True,,,,18.0,5.0,19.0,5.0,0.7916666666666666,0.6202231271428836,0.5580628419588332,0.7652637925723349,0.16326530612244897,1.791674578302741,0.0008209322052607238,1.791675121549342,0.0008209322052607238,28.274784936694324,0.9
16,2015-08-05,good_010,good,True,True,True,,,,22.0,2.0,23.0,2.0,0.92,0.6332831934556789,0.5486505578904615,0.8307593431078527,0.3469387755102041,1.4889977613307404,0.0008251879690901555,1.48899813738801,0.0008251879690901555,23.91685782606422,0.95
16,2015-08-05,good_011,good,True,True,True,,,,17.0,7.0,18.0,7.0,0.72,0.5086817993333271,0.4989180604191841,0.531463856799661,0.40816326530612246,1.3430266947618332,0.0008311527694584141,1.343026996340539,0.0008311527694584141,20.96227794892114,0.9
16,2015-08-05,good_012,good,True,True,True,,,,20.0,4.0,21.0,4.0,0.84,0.6311786927873592,0.5588972177212471,0.7998354679416207,0.1836734693877551,1.6855791863003522,0.0007828954255231426,1.6855796958933682,0.0007828954255231426,26.51897220130738,0.95
16,2015-08-05,good_013,good,True,True,False,,,,14.0,9.0,14.0,10.0,0.5833333333333334,0.5493854096763152,0.4923729435336351,0.6824144973425689,0.6530612244897959,0.9570574029011004,0.0007324663198522133,0.9570575780420856,0.0007324663198522133,15.273058097348812,0.8
16,2015-08-05,good_014,good,True,True,True,,,,17.0,6.0,18.0,6.0,0.75,0.5871376508020335,0.5500019580826472,0.6737876004806018,0.12244897959183673,1.8473332489672185,0.0009181786516724589,1.8473337698587176,0.0009181786516724589,28.5398131582661,0.95
16,2015-08-05,good_015,good,True,True,True,,,,17.0,7.0,18.0,7.0,0.72,0.5976060372781478,0.5485859685347795,0.7119861976793406,0.22448979591836735,1.5849203644385974,0.0007429397256049298,1.58492083465692,0.0007429397256049298,25.211201474698747,0.85
16,2015-08-05,good_016,good,True,True,True,,,,20.0,4.0,21.0,4.0,0.84,0.7177848787876928,0.6198852273855562,0.946217398726012,0.02040816326530612,3.047556445015401,0.0010986460601021108,3.0475576239150026,0.0010986460601021108,47.45099105996432,0.95
16,2015-08-05,good_017,good,True,True,True,,,,18.0,6.0,19.0,6.0,0.76,0.6036207711044757,0.5078508038858082,0.8270840279480332,0.46938775510204084,1.194961425846802,0.0007043470066940967,1.1949617125231176,0.0007043470066940967,18.775759163564462,0.95
16,2015-08-05,good_018,good,True,True,False,,,,20.0,4.0,20.0,5.0,0.8,0.5810435756058443,0.4662989572425399,0.8487810184535549,0.7551020408163265,0.8070483673166052,0.0004224701325869566,0.807048581143681,0.0004224701325869566,12.797242620900903,0.85
16,2015-08-05,good_019,good,True,True,True,,,,20.0,4.0,21.0,4.0,0.84,0.6556728685628208,0.5763835022918175,0.8406813898618288,0.2653061224489796,1.5392339548659126,0.0007535716826219936,1.5392343930726828,0.0007535716826219936,24.518125061346144,0.9
16,2015-08-05,medium_000,medium,False,False,,success,0.8200000000000002,0.6806898741744334,8.5,12.0,9.0,12.0,0.42857142857142855,0.43787167355121814,0.4447958550998827,0.4217152499376676,,,,0.5115150523910104,0.00027686744541715865,7.965891864453373,0.7
16,2015-08-05,medium_001,medium,True,True,True,,,,16.0,7.0,17.0,7.0,0.7083333333333334,0.5412898262753915,0.49266963830127564,0.6547369315483286,0.32653061224489793,1.5137625803906174,0.0005986770157953567,1.5137631151535131,0.0005986770157953567,24.071179039276405,0.95
16,2015-08-05,medium_002,medium,False,False,,success,0.8500000000000002,2.0734679729429075,12.0,10.0,12.5,10.0,0.5555555555555556,0.38570548549132044,0.37363677332269774,0.4138658138847735,,,,0.6994122812526212,0.00035753033801887624,11.077968581766733,0.85
16,2015-08-05,medium_003,medium,True,True,False,,,,14.5,9.0,14.5,10.0,0.5918367346938775,0.5095030165423614,0.4749422704490722,0.5901447574267028,0.5714285714285714,1.1113079623443385,0.0007062605956541188,1.1113082066581481,0.0007062605956541188,17.439828669637198,0.85
16,2015-08-05,medium_004,medium,True,True,True,,,,12.5,9.0,13.5,9.0,0.6,0.5145999470409222,0.4676932885868073,0.6240488167671903,0.4489795918367347,1.2509322485548475,0.0005228379525461451,1.2509326649677632,0.0005228379525461451,19.69120776653196,0.85
16,2015-08-05,medium_005,medium,True,True,False,,,,13.0,8.0,13.0,9.0,0.5909090909090909,0.5299757735544227,0.4765215210974779,0.6547023626206274,0.9387755102040817,0.5594826733102484,0.00034824207396224385,0.5594827995686124,0.00034824207396224385,9.030311806474124,0.65
16,2015-08-05,medium_006,medium,False,True,False,,,,12.5,9.0,12.5,10.0,0.5555555555555556,0.413245484476088,0.3537540840053686,0.5520587522410999,0.7959183673469388,0.678341074672219,0.000498997948916889,0.678341205055305,0.000498997948916889,10.80199423507689,0.7
16,2015-08-05,medium_007,medium,False,False,,success,0.9700000000000001,3.0214989430049854,8.5,10.0,9.0,10.0,0.47368421052631576,0.4456983139773908,0.5381952693662779,0.22987208473665416,,,,1.8325515361994251,0.0007533758100654507,28.89035483471672,0.95
16,2015-08-05,medium_008,medium,False,True,True,,,,12.5,10.0,13.5,10.0,0.574468085106383,0.46882385352349376,0.47922848971953413,0.4445463690660665,0.5102040816326531,1.1593267049475988,0.0005489995136115932,1.1593270477593023,0.0005489995136115932,18.560079347340235,0.85
16,2015-08-05,medium_009,medium,True,True,True,,,,14.5,9.0,15.5,9.0,0.6326530612244898,0.5662162129204896,0.539078475449938,0.6295376003517769,0.24489795918367346,1.550640288801119,0.0007115290134112693,1.550640758952454,0.0007115290134112693,24.807205809205232,0.9
16,2015-08-05,medium_010,medium,False,False,,success,0.9400000000000001,1.3587656542080566,11.0,11.0,11.5,11.0,0.5111111111111111,0.42028647997260915,0.3414771439521901,0.6041749306869204,,,,0.45727666839654457,0.00026858633298788257,7.332842726064309,0.65
16,2015-08-05,medium_011,medium,True,True,False,,,,11.0,10.0,11.0,11.0,0.5,0.4869344540132625,0.5231228937753264,0.4024947612351137,0.7142857142857143,0.8841165295917092,0.0005342666143149782,0.8841167341822904,0.0005342666143149782,13.924626783148605,0.8
16,2015-08-05,medium_012,medium,False,True,False,,,,14.0,9.0,14.0,10.0,0.5833333333333334,0.4489188260643542,0.4515235516851046,0.44284113294926974,0.9795918367346939,0.4254348243817047,0.00026648988551486593,0.4254349224210963,0.00026648988551486593,7.098937903880549,0.65
16,2015-08-05,medium_013,medium,False,False,,success,0.9700000000000001,4.432379955800613,8.5,10.0,9.0,10.0,0.47368421052631576,0.47294847151055874,0.41560065179936795,0.6067600508366708,,,,0.6577023262675586,0.0004322428050399101,10.357543667608878,0.6
16,2015-08-05,medium_014,medium,False,False,,failure,0.5100000000000001,-1.8270203963641336,14.0,9.0,14.0,9.0,0.6086956521739131,0.47086150699123885,0.4317167759359927,0.5621992127868132,,,,0.6973347378632566,0.0004118159562047694,11.072711486444808,0.65
16,2015-08-05,medium_015,medium,True,True,True,,,,11.0,8.0,12.0,8.0,0.6,0.5850519212641818,0.5697372937685812,0.6207860520872499,0.20408163265306123,1.5890150567212167,0.0007725026193684995,1.589015512347498,0.0007725026193684995,25.01091833874542,0.95
16,2015-08-05,medium_016,medium,True,True,True,,,,13.5,10.0,14.5,10.0,0.5918367346938775,0.6219107648453863,0.5956327506712035,0.6832261312518131,0.10204081632653061,1.976785599214136,0.0009389407470329297,1.9767861809922347,0.0009389407470329297,31.164312055117925,0.9
16,2015-08-05,medium_017,medium,True,True,True,,,,9.0,9.0,10.0,9.0,0.5263157894736842,0.5529200460552541,0.515972417122063,0.6391311802327004,0.5918367346938775,1.0659018528552253,0.0006416258795436158,1.065902098873933,0.0006416258795436158,16.804072773470626,0.9
16,2015-08-05,medium_018,medium,True,False,,,,,15.5,8.0,15.5,8.0,0.6595744680851063,0.541436308770717,0.4870253747292892,0.668395154867382,,,,1.19083693423124,0.0005997830762734926,18.81831871475043,0.85
16,2015-08-05,medium_019,medium,True,True,False,,,,10.5,10.0,10.5,11.0,0.4883720930232558,0.499642800351625,0.44680601375766404,0.622928635737534,0.8367346938775511,0.6566284673832445,0.0003955508520556662,0.6566286186533966,0.0003955508520556662,10.232478191321187,0.7
16,2015-08-05,medium_020,medium,True,True,True,,,,13.0,9.0,14.0,9.0,0.6086956521739131,0.5575566188993599,0.5504265532362752,0.574193438779891,0.3877551020408163,1.377056627879586,0.0006662761143787445,1.3770570249577967,0.0006662761143787445,22.092068831363772,0.85
16,2015-08-05,medium_021,medium,True,True,True,,,,14.0,8.0,15.0,8.0,0.6521739130434783,0.5368229372643535,0.5226659845313706,0.5698558269746469,0.6938775510204082,0.9088180597742553,0.0005796136802206517,0.9088182576470684,0.0005796136802206517,14.408999322319874,0.7
16,2015-08-05,medium_022,medium,True,True,True,,,,15.0,8.0,16.0,8.0,0.6666666666666666,0.5672179998671866,0.5570792764863599,0.5908750210891155,0.2857142857142857,1.5288944055100515,0.0007370398347685776,1.5288948491364405,0.0007370398347685776,24.15947531737936,0.9
16,2015-08-05,medium_023,medium,True,True,False,,,,14.0,9.0,14.0,10.0,0.5833333333333334,0.5090127262078907,0.446027682561595,0.6559778280492473,0.8571428571428571,0.6533213430213802,0.00041855341052034184,0.6533214856734889,0.00041855341052034184,10.370877920578534,0.8
16,2015-08-05,medium_024,medium,False,True,False,,,,11.0,9.0,11.0,10.0,0.5238095238095238,0.4120048243251253,0.3934906212404967,0.4552046315225923,0.9591836734693877,0.558536892402741,0.0002959663212615243,0.5585370391213856,0.0002959663212615243,8.82842441403887,0.8
16,2015-08-05,medium_025,medium,True,True,True,,,,12.0,10.0,13.0,10.0,0.5652173913043478,0.49722877698916734,0.4706531777725259,0.559238508494664,0.5306122448979592,1.1553595438503967,0.0006147732098921134,1.155359846276174,0.0006147732098921134,18.435012695120232,0.85
16,2015-08-05,medium_026,medium,False,True,True,,,,14.0,8.0,15.0,8.0,0.6521739130434783,0.43468069631470535,0.4563247321441669,0.3841779460459618,0.5510204081632653,1.1298418146633715,0.0007062887924569975,1.1298420701643737,0.0007062887924569975,18.006229333612357,0.85
16,2015-08-05,medium_027,medium,False,True,False,,,,10.5,10.0,10.5,11.0,0.4883720930232558,0.4286454036987465,0.4108336898354217,0.47020606937983794,0.6326530612244898,1.000199591955453,0.0005784683808283049,1.0001998325756472,0.0005784683808283049,15.918389024732845,0.8
16,2015-08-05,medium_028,medium,True,True,False,,,,12.0,8.0,12.0,9.0,0.5714285714285714,0.5104722860182274,0.4290701805715107,0.7004105320605662,0.7346938775510204,0.8690261971251441,0.0004241633244318903,0.8690264463558215,0.0004241633244318903,13.670932794422873,0.8
16,2015-08-05,medium_029,medium,True,False,,,,,12.5,11.0,13.0,11.0,0.5416666666666666,0.5199432495039916,0.46743585695066625,0.6424604987950842,,,,0.5993238514936777,0.0003707974676747965,9.900161444048152,0.8
16,2015-08-05,bad_000,bad,False,True,False,,,,8.5,12.0,8.5,13.0,0.3953488372093023,0.4465959552680627,0.4084423551454905,0.5356210222207315,0.8979591836734694,0.5898549747595339,0.00036045635592173354,0.5898551104850588,0.00036045635592173354,9.310905832755441,0.7
16,2015-08-05,bad_001,bad,False,False,,success,0.8200000000000002,4.370360890542798,4.5,9.0,5.0,9.0,0.35714285714285715,0.3890642536887198,0.4446155095502744,0.2594446566784256,,,,0.5717380927938955,0.0003651420792146429,8.97540789073242,0.8
16,2015-08-05,bad_002,bad,False,False,,failure,0.5100000000000001,-0.7954882442215876,5.0,9.0,5.0,9.0,0.35714285714285715,0.33643808939209674,0.45767536861478464,0.053551104539158546,,,,0.7962576425922083,0.00042399442964851893,12.739621670783574,0.8
16,2015-08-05,bad_003,bad,True,True,True,,,,7.0,10.0,8.0,10.0,0.4444444444444444,0.5267745226563513,0.5789682486946591,0.4049891619002998,0.061224489795918366,2.2436605326212176,0.0009346300980017455,2.243661283784865,0.0009346300980017455,35.395020918975995,0.95
16,2015-08-05,bad_004,bad,False,False,,success,0.9400000000000001,0.6572314241107051,5.5,9.0,6.0,9.0,0.4,0.458424380459558,0.47597233434364195,0.41747915473002895,,,,1.2361311910426533,0.0005223348052962447,19.709243556247568,0.85
16,2015-08-05,bad_005,bad,False,False,,failure,0.5100000000000001,-5.374594473095982,3.5,10.0,3.5,10.0,0.25925925925925924,0.40013486834637746,0.35063456783575464,0.5156355695378306,,,,0.7745923399402093,0.00042654289212915497,12.150928341348799,0.8
16,2015-08-05,bad_006,bad,True,False,,,,,7.0,11.0,7.5,11.0,0.40540540540540543,0.5052808148781791,0.5838976893832838,0.32184144103293494,,,,2.784556339485891,0.0009414917703648423,43.00367051660656,0.95
16,2015-08-05,bad_007,bad,True,False,,,,,6.5,8.0,6.5,8.0,0.4482758620689655,0.4837995719920559,0.4730395236439833,0.5089063514708922,,,,0.965468386676981,0.0006590292612635967,15.33201800600787,0.85
16,2015-08-05,bad_008,bad,False,False,,success,0.8200000000000002,0.8271746998003664,3.5,8.0,4.0,8.0,0.3333333333333333,0.43098516621476946,0.4610132570110034,0.36091962102355707,,,,0.9816178807988174,0.0006166497467628253,15.369759258070282,0.85
16,2015-08-05,bad_009,bad,False,False,,success,0.9700000000000001,1.833548898602814,4.0,10.0,4.5,10.0,0.3103448275862069,0.4350780648196681,0.5284268735519746,0.2172641777776197,,,,2.1323181179212534,0.0009566731388226177,33.751947438018206,0.95
16,2015-08-05,bad_010,bad,False,False,,failure,0.5100000000000001,-2.2105118180472374,6.0,10.0,6.0,10.0,0.375,0.39933762975091824,0.4453600666462205,0.29195194366187965,,,,0.8935112655384265,0.0004349104912461559,14.449997990533907,0.75
16,2015-08-05,bad_011,bad,True,False,,,,,3.5,8.0,3.5,8.0,0.30434782608695654,0.5892092874052187,0.5367173066507686,0.711690575832269,,,,1.1646921705609696,0.0006192492244803608,18.478559761541565,0.8
16,2015-08-05,bad_012,bad,True,False,,,,,7.0,9.0,7.5,9.0,0.45454545454545453,0.5271581707498091,0.4800075015290223,0.637176398931645,,,,0.7297276165421639,0.0003747460046769796,11.782978541492094,0.85
16,2015-08-05,bad_013,bad,False,False,,failure,0.39000000000000007,-0.621364537580348,6.5,9.0,6.5,9.0,0.41935483870967744,0.4259674551869316,0.46509656040966685,0.3346662096672159,,,,0.9472839251070904,0.0006040706207070572,14.943588864920091,0.85
16,2015-08-05,bad_014,bad,False,True,False,,,,4.5,8.0,4.5,9.0,0.3333333333333333,0.35171783184388394,0.4395449516976916,0.14678788551833274,0.8775510204081632,0.5987265680189972,0.00033908451146548,0.5987267149947071,0.00033908451146548,9.396718306203041,0.75
16,2015-08-05,bad_015,bad,True,False,,,,,3.0,9.0,3.5,9.0,0.28,0.48314417527114883,0.5636744994626943,0.2952400854908762,,,,1.6783053729397415,0.0008521956101662173,26.812952777735344,0.95
16,2015-08-05,bad_016,bad,False,True,False,,,,6.0,9.0,6.0,10.0,0.375,0.4398190377184773,0.4673834286042954,0.3755021256515685,0.7755102040816326,0.6937684250357644,0.00035462459623556016,0.693768615953968,0.00035462459623556016,11.042467290858124,0.75
16,2015-08-05,bad_017,bad,False,False,,failure,0.5100000000000001,-1.3231379280036606,5.5,10.0,5.5,10.0,0.3548387096774194,0.371911665345535,0.42802932249573933,0.24097046532839156,,,,0.6603912729158607,0.0003533510163557192,10.493839354163864,0.7
16,2015-08-05,bad_018,bad,False,False,,success,0.9400000000000001,2.0608585872623024,4.5,9.0,5.0,9.0,0.35714285714285715,0.38706574270345934,0.37733942896469536,0.4097604747605754,,,,0.3838277507694904,0.00023700281080504823,5.841338795353274,0.6
16,2015-08-05,bad_019,bad,True,False,,,,,8.0,9.0,8.0,9.0,0.47058823529411764,0.544158570282149,0.5456798921634598,0.5406088192257571,,,,1.5604207170094158,0.0007123240471497737,24.160185158766026,0.95
16,2015-08-05,bad_020,bad,False,False,,failure,0.39000000000000007,-3.838612041820383,5.5,10.0,5.5,10.0,0.3548387096774194,0.4149695811786057,0.40277289351441425,0.4434285190617192,,,,0.8365044384485627,0.0004991327108983774,13.188747956010932,0.8
16,2015-08-05,bad_021,bad,False,False,,failure,0.5100000000000001,-2.087551824676595,6.0,10.0,6.0,10.0,0.375,0.43913098158498703,0.45251483169071505,0.40790199800495514,,,,0.760998035948436,0.00046704776457910684,12.116465444063044,0.8
16,2015-08-05,bad_022,bad,False,False,,success,0.9400000000000001,1.8330154731968946,4.0,8.0,4.5,8.0,0.36,0.35970664846104855,0.4447081519395064,0.16136980701131354,,,,0.7315243792548489,0.000443234864294773,11.549982533929605,0.75
16,2015-08-05,bad_023,bad,False,True,False,,,,5.0,9.0,5.0,10.0,0.3333333333333333,0.3846034744888003,0.42443294596180736,0.29166804105178384,0.9183673469387755,0.5739679952574467,0.000344501920802523,0.5739681301362037,0.000344501920802523,9.173131209913922,0.7
16,2015-08-05,bad_024,bad,False,False,,failure,0.5100000000000001,-4.947404525562419,5.5,11.0,5.5,11.0,0.3333333333333333,0.37118840119572505,0.38069671904958413,0.34900232620338717,,,,0.30506521920788626,0.00019893795634578926,4.768077606839541,0.65
16,2015-08-05,bad_025,bad,False,False,,failure,0.39000000000000007,-6.249346354614886,4.0,10.0,4.0,10.0,0.2857142857142857,0.3878217651715392,0.4271943119813273,0.29595248928203394,,,,0.8253581841562176,0.000474750880405159,13.038390475899085,0.8
16,2015-08-05,bad_026,bad,False,False,,failure,0.4200000000000001,-1.1262609031230397,4.0,10.0,4.0,10.0,0.2857142857142857,0.4436693253381494,0.5184150546849072,0.269262623529048,,,,1.4106936560747518,0.00072107565873443,22.392413143114812,0.9
16,2015-08-05,bad_027,bad,True,False,,,,,4.0,8.0,4.0,8.0,0.3333333333333333,0.4895862170975882,0.5027918327210071,0.4587731139762775,,,,0.9331939966751689,0.0005429653474449727,14.89332371803295,0.8
16,2015-08-05,bad_028,bad,False,False,,failure,0.39000000000000007,-1.5402074675361348,5.0,9.0,5.0,9.0,0.35714285714285715,0.3937942494724206,0.4509628110002063,0.2604009392409207,,,,0.8239201423790617,0.000439014483959774,13.003111256488985,0.7
16,2015-08-05,bad_029,bad,True,True,True,,,,6.5,9.0,7.5,9.0,0.45454545454545453,0.4962205143919204,0.4694015996017362,0.5587979822356836,0.673469387755102,0.9360875611174299,0.0005379143261807365,0.9360877858134722,0.0005379143261807365,14.874187530594256,0.75
16,2015-08-05,bad_030,bad,False,False,,failure,0.39000000000000007,-1.4281904392921518,6.0,10.0,6.0,10.0,0.375,0.44553454349317634,0.45095139216051106,0.43289522993606205,,,,0.6773877483605958,0.00040071377173706273,10.793502769990512,0.65
16,2015-08-05,bad_031,bad,True,True,True,,,,6.5,8.0,7.5,8.0,0.4838709677419355,0.5415985932209296,0.5390908625019463,0.5474499648985577,0.30612244897959184,1.5204229508940301,0.0007804526009835248,1.5204233658760362,0.0007804526009835248,23.715283848900967,0.9
16,2015-08-05,bad_032,bad,False,False,,success,0.8200000000000002,11.729092514241216,5.0,9.0,5.5,9.0,0.3793103448275862,0.45700261755191673,0.4499713811510853,0.47340883582052357,,,,0.9180291007438635,0.0005064172913344823,14.491729529411394,0.85
16,2015-08-05,bad_033,bad,False,False,,success,0.8200000000000002,2.1971836820171404,3.5,9.0,4.0,9.0,0.3076923076923077,0.3562801968749466,0.30764969192854863,0.4697513750832086,,,,0.38561426416260475,0.00022304981703133239,6.192474451323934,0.7
16,2015-08-05,bad_034,bad,False,False,,failure,0.39000000000000007,-1.8466623094935102,6.0,10.0,6.0,10.0,0.375,0.4716926071260077,0.4634005953495099,0.49104063460450276,,,,0.6526539474328161,0.00042150992975407335,10.354581015737022,0.8
16,2015-08-05,bad_035,bad,False,True,False,,,,6.0,9.0,6.0,10.0,0.375,0.3983625261095973,0.341012750249456,0.5321786697832606,1.0,0.3285471633995165,0.00019180062481542414,0.3285472408078473,0.00019180062481542414,5.16044160632759,0.5
16,2015-08-05,bad_036,bad,False,False,,success,0.9400000000000001,2.5168502918550217,4.5,10.0,5.0,10.0,0.3333333333333333,0.41201391583279606,0.4659437975650826,0.28617752512412764,,,,0.5993735855549045,0.0003713088652597508,9.6490249893661,0.65
16,2015-08-05,bad_037,bad,False,False,,failure,0.36000000000000004,-0.5280294796028926,2.5,10.0,2.5,10.0,0.2,0.2955676311060806,0.36434556291988096,0.13508579020721323,,,,0.27412946575745867,0.00018350914995803616,4.362940478075947,0.7
16,2015-08-05,bad_038,bad,False,False,,success,0.9700000000000001,2.373853518451355,6.0,10.0,6.5,10.0,0.3939393939393939,0.4170859682538106,0.487161367203061,0.2535767040388931,,,,0.9197337782054182,0.00047941941637419844,14.514388340698526,0.85
16,2015-08-05,bad_039,bad,False,False,,failure,0.5100000000000001,-2.194253127024993,6.5,10.0,6.5,10.0,0.3939393939393939,0.41643914216471883,0.42153718514861727,0.40454370853562255,,,,0.653241272328358,0.0003725427645275025,10.146154680110424,0.65
16,2015-08-05,bad_040,bad,False,False,,success,0.9700000000000001,1.2164865766744555,5.5,10.0,6.0,10.0,0.375,0.46710869471263583,0.5056336147054039,0.37721721472951025,,,,1.2852009254239114,0.0006936704477140369,20.393701499652725,0.8
16,2015-08-05,bad_041,bad,True,False,,,,,5.5,8.0,5.5,8.0,0.4074074074074074,0.4802570448719331,0.5355360624936131,0.3512726704213467,,,,1.674998491204641,0.0008081280023581897,26.542710865025104,0.95
16,2015-08-05,bad_042,bad,False,False,,success,0.9400000000000001,11.510765813064083,5.0,9.0,5.5,9.0,0.3793103448275862,0.4510429586821534,0.46900381009956926,0.4091343053748497,,,,0.5122663329434785,0.0002789595997150957,8.009987256939205,0.55
16,2015-08-05,bad_043,bad,True,False,,,,,5.0,9.0,5.0,9.0,0.35714285714285715,0.4826832306422498,0.5226755010088848,0.3893679331201016,,,,1.869806439443108,0.000927147330745012,29.428996817802325,0.9
16,2015-08-05,bad_044,bad,False,False,,failure,0.5100000000000001,-2.64837664740989,5.0,11.0,5.0,11.0,0.3125,0.3330476590415794,0.32062470830109346,0.3620345441027133,,,,0.34845459572263426,0.0002267347681938846,5.387224653947228,0.55
16,2015-08-05,bad_045,bad,False,False,,failure,0.5400000000000001,-1.301401907042191,6.5,10.0,6.5,10.0,0.3939393939393939,0.4482064546594869,0.4872982637812824,0.3569922333752975,,,,1.1630234703939328,0.0006527440919784279,18.253198521822355,0.85
16,2015-08-05,bad_046,bad,False,False,,failure,0.5100000000000001,-3.9778143213400057,5.0,10.0,5.0,10.0,0.3333333333333333,0.43066042510818503,0.4455639101323526,0.3958856267184607,,,,0.2720135163831482,0.00018293808700265123,4.272975324749078,0.65
16,2015-08-05,bad_047,bad,False,False,,success,0.8200000000000002,1.3531896499180078,8.0,11.0,8.5,11.0,0.4358974358974359,0.42108931068652333,0.47782646962754793,0.2887026064907995,,,,1.3521055790902383,0.0007030035856775225,21.519428269544388,0.9
16,2015-08-05,bad_048,bad,False,False,,failure,0.5100000000000001,-3.445495670048089,3.0,9.0,3.0,9.0,0.25,0.3236735165450155,0.4122007993106586,0.11710985675851508,,,,0.5541311888383806,0.00033421726664633114,8.729200828240003,0.65
16,2015-08-05,bad_049,bad,False,False,,failure,0.5100000000000001,-2.143393562508024,7.5,10.0,7.5,10.0,0.42857142857142855,0.47006644235093265,0.4583738139649032,0.49734924191833496,,,,1.0024249510120056,0.0005685477518808203,15.892835222299299,0.8
17,2015-09-03,good_000,good,True,True,True,,,,20.0,5.0,21.0,5.0,0.8076923076923077,0.6719453895148428,0.5768871671852088,0.8937479082839889,0.1836734693877551,1.723770673651029,0.0008723783831954745,1.7237711508936346,0.0008723783831954745,27.286286711220068,0.9
17,2015-09-03,good_001,good,True,True,True,,,,16.5,8.0,17.5,8.0,0.6862745098039216,0.5505486343155424,0.5073412565429649,0.6513658491182234,0.22448979591836735,1.6567455530353954,0.0007563908239777915,1.6567460628411241,0.0007563908239777915,26.22318155386537,0.95
17,2015-09-03,good_002,good,True,True,True,,,,18.5,6.0,19.5,6.0,0.7647058823529411,0.5301211074386568,0.4845609526912847,0.6364281351825252,0.5306122448979592,1.1258168463727718,0.0006266627981331688,1.125817129885516,0.0006266627981331688,17.773784242958538,0.85
17,2015-09-03,good_003,good,True,True,True,,,,22.0,3.0,23.0,3.0,0.8846153846153846,0.6528114298702914,0.5437779963225691,0.907222774814977,0.12244897959183673,1.9357277588244663,0.0007853445602611436,1.9357284229072316,0.0007853445602611436,31.05679162742511,1.0
17,2015-09-03,good_004,good,True,True,True,,,,18.0,7.0,19.0,7.0,0.7307692307692307,0.6807289881715075,0.58756894889853,0.8981024131417885,0.14285714285714285,1.91780767702266,0.0008909510041444912,1.9178082605094982,0.0008909510041444912,30.1361245616955,1.0
17,2015-09-03,good_005,good,True,True,True,,,,20.0,5.0,21.0,5.0,0.8076923076923077,0.6271693496889803,0.5548922336949759,0.7958159536749907,0.6122448979591837,0.996881905942886,0.0007398784242324624,0.9968820926989808,0.0007398784242324624,15.584546051802429,0.8
17,2015-09-03,good_006,good,True,True,False,,,,21.0,4.0,21.0,5.0,0.8076923076923077,0.547286759953682,0.4248309774711433,0.833016919079606,0.46938775510204084,1.1807874010616135,0.0007194109245246083,1.1807876732249147,0.0007194109245246083,18.94316679012595,0.85
17,2015-09-03,good_007,good,True,True,True,,,,17.0,7.0,18.0,7.0,0.72,0.6061455604379611,0.5612893752721748,0.7108099924914623,0.16326530612244897,1.819434269234156,0.0007474279703340166,1.8194348910723823,0.0007474279703340166,29.310162469509375,0.9
17,2015-09-03,good_008,good,True,True,True,,,,15.0,10.0,16.0,10.0,0.6153846153846154,0.6368994420379689,0.6360532801121872,0.638873819864793,0.0,3.42400695448632,0.0010240898099889016,3.4240085631534,0.0010240898099889016,54.4906527118304,1.0
17,2015-09-03,good_009,good,True,True,True,,,,19.0,5.0,20.0,5.0,0.8,0.6064627064051628,0.5438821314016951,0.7524840480799206,0.2857142857142857,1.4485419038282683,0.0007513387420463221,1.4485422948408286,0.0007513387420463221,22.750286371092095,0.95
17,2015-09-03,good_010,good,True,True,True,,,,23.0,2.0,24.0,2.0,0.9230769230769231,0.7009563057954324,0.6137688395730359,0.9043937269810248,0.061224489795918366,2.7317418947552667,0.0010135895814191865,2.7317429244523517,0.0010135895814191865,43.75115196716013,1.0
17,2015-09-03,good_011,good,True,True,True,,,,18.0,7.0,19.0,7.0,0.7307692307692307,0.5786677606927952,0.49179732478851823,0.7813654444694416,0.30612244897959184,1.4312364169936846,0.0006327409115015189,1.4312368715104404,0.0006327409115015189,22.91417826184489,0.95
17,2015-09-03,good_012,good,True,True,True,,,,21.0,4.0,22.0,4.0,0.8461538461538461,0.6829964920054395,0.6054564219623045,0.863923322106088,0.02040816326530612,3.139228170823266,0.0009942992972306877,3.139229563595515,0.0009942992972306877,49.5298437389075,1.0
17,2015-09-03,good_013,good,True,True,True,,,,14.0,10.0,15.0,10.0,0.6,0.5528190398271059,0.49263397111398877,0.6932508668243792,0.42857142857142855,1.2801619317194493,0.0007312658242412581,1.2801622457035575,0.0007312658242412581,20.33112186765522,0.85
17,2015-09-03,good_014,good,True,True,False,,,,18.0,6.0,18.0,7.0,0.72,0.5788316457929759,0.4558411717746229,0.8658094185024664,0.6326530612244898,0.9221286206534456,0.00044613141243973997,0.922128887104202,0.00044613141243973997,14.730104761808681,0.85
17,2015-09-03,good_015,good,True,True,True,,,,18.0,7.0,19.0,7.0,0.7307692307692307,0.5588148129076023,0.49981529455389156,0.6964803557329272,0.24489795918367346,1.4944288734345845,0.0008559729828508504,1.4944292408133981,0.0008559729828508504,23.97123905125638,0.9
17,2015-09-03,good_016,good,True,True,True,,,,21.0,4.0,22.0,4.0,0.8461538461538461,0.630802240130582,0.495775043135961,0.9458656997846978,0.5714285714285714,1.0105652520083825,0.0005867695260985967,1.010565497266432,0.0005867695260985967,15.952457882882472,0.8
17,2015-09-03,good_017,good,True,True,True,,,,19.0,6.0,20.0,6.0,0.7692307692307693,0.565399056859424,0.4816306541199346,0.7608586632515663,0.3469387755102041,1.4014754956081823,0.000662966113081011,1.4014759129324887,0.000662966113081011,22.17053765547006,0.9
17,2015-09-03,good_018,good,True,True,True,,,,20.0,5.0,21.0,5.0,0.8076923076923077,0.6611219333714817,0.5620003700290884,0.8924055811703995,0.08163265306122448,2.5418983033351217,0.0009795443744945724,2.5418992279432824,0.0009795443744945724,40.94850794421383,0.95
17,2015-09-03,good_019,good,True,True,True,,,,21.0,4.0,22.0,4.0,0.8461538461538461,0.6229677781375631,0.48663678108003294,0.9410734379384671,0.6938775510204082,0.7738471653521664,0.00044581942346974795,0.7738473524452743,0.00044581942346974795,12.337607838171275,0.75
17,2015-09-03,medium_000,medium,False,False,,success,0.9400000000000001,1.8117418139094639,9.0,12.0,9.5,12.0,0.4418604651162791,0.44928717388158435,0.40421646708099757,0.5544521564162868,,,,0.7572404758640195,0.0004476734666688222,12.157586558747749,0.7
17,2015-09-03,medium_001,medium,True,True,False,,,,17.0,7.0,17.0,8.0,0.68,0.5566902410783006,0.46261144710935576,0.7762074270058388,0.8979591836734694,0.4091390425531562,0.00025950524031542147,0.4091391349330586,0.00025950524031542147,6.589470148105267,0.7
17,2015-09-03,medium_002,medium,False,False,,success,0.8200000000000002,2.1897137292509825,12.5,10.0,13.0,10.0,0.5652173913043478,0.42209806887798373,0.46765354572047846,0.31580195624549623,,,,0.7380851998230851,0.0005865955717524098,11.71918611887308,0.85
17,2015-09-03,medium_003,medium,True,True,True,,,,14.5,10.0,15.5,10.0,0.6078431372549019,0.5361793010470626,0.5163748640348456,0.5823896540755692,0.32653061224489793,1.4024431766483931,0.000614412537848279,1.4024436278218835,0.000614412537848279,22.501364446278462,0.95
17,2015-09-03,medium_004,medium,True,True,True,,,,13.5,9.0,14.5,9.0,0.6170212765957447,0.46881835510828984,0.4184837689069569,0.5862657229114,0.5918367346938775,1.000914564223097,0.0004941960020721311,1.0009148490111817,0.0004941960020721311,16.169099778346837,0.75
17,2015-09-03,medium_005,medium,False,True,False,,,,13.0,9.0,13.0,10.0,0.5652173913043478,0.3688184873482991,0.35246982880539235,0.4069653572817482,0.7551020408163265,0.7402311462635468,0.00036995554109071454,0.7402313534307561,0.00036995554109071454,11.807215105176631,0.8
17,2015-09-03,medium_006,medium,True,False,,,,,12.5,10.0,13.0,10.0,0.5652173913043478,0.546943293490006,0.4847296920927559,0.6921083634169232,,,,1.3535880481791622,0.0006894472312457065,21.354879864382642,0.95
17,2015-09-03,medium_007,medium,False,False,,success,0.8500000000000002,0.13961764982678915,9.0,10.0,9.5,10.0,0.48717948717948717,0.4510460998690202,0.4397929829724967,0.4773033726275753,,,,0.7478302122421107,0.00034659918947703807,11.746390849085765,0.7
17,2015-09-03,medium_008,medium,True,False,,,,,13.5,10.0,14.0,10.0,0.5833333333333334,0.5636812308926556,0.5965066893938609,0.4870884943898436,,,,2.02011759035205,0.000796644807696995,32.45649001483634,1.0
17,2015-09-03,medium_009,medium,False,True,False,,,,15.5,9.0,15.5,10.0,0.6078431372549019,0.4194030353170992,0.34074923691310754,0.6029285649264131,0.9591836734693877,0.3076950923272657,0.00014783151211780716,0.3076951827298044,0.00014783151211780716,4.919318801773123,0.6
17,2015-09-03,medium_010,medium,True,False,,,,,11.5,11.0,11.5,11.0,0.5111111111111111,0.525347101212118,0.4980476847200198,0.5890457396936805,,,,1.43685131747297,0.0007321285364703243,23.006505018053137,0.9
17,2015-09-03,medium_011,medium,False,True,False,,,,11.0,11.0,11.0,12.0,0.4782608695652174,0.4379676398050292,0.4422186438657556,0.42804863033000096,0.7755102040816326,0.665374285721625,0.00046746750322291034,0.66537441846637,0.00046746750322291034,10.579839477460723,0.7
17,2015-09-03,medium_012,medium,True,False,,,,,14.0,10.0,14.5,10.0,0.5918367346938775,0.569256532949092,0.5532434223011446,0.6066204577943023,,,,1.7819962357450092,0.0009023841793826332,28.043108436126513,0.95
17,2015-09-03,medium_013,medium,False,False,,failure,0.5100000000000001,-1.1884844987660017,9.0,10.0,9.0,10.0,0.47368421052631576,0.39098121272135883,0.4315903828954354,0.29622648231518023,,,,0.6056521765818726,0.00031901801001181236,9.43495256644355,0.75
17,2015-09-03,medium_014,medium,False,False,,failure,0.39000000000000007,-3.1613566807209423,14.0,9.0,14.0,9.0,0.6086956521739131,0.395940551356484,0.341330471640996,0.5233640706926227,,,,0.3023227726945949,0.0001660989858839593,4.7770952012336,0.65
17,2015-09-03,medium_015,medium,False,True,False,,,,12.0,8.0,12.0,9.0,0.5714285714285714,0.35613518172285696,0.3030282559571442,0.48005134184285353,1.0,0.15701779950801478,7.544033269168569e-05,0.157017844000981,7.544033269168569e-05,2.4145800105882906,0.55
17,2015-09-03,medium_016,medium,True,True,True,,,,14.5,10.0,15.5,10.0,0.6078431372549019,0.6457623802423802,0.6130649125884506,0.7220564714348826,0.04081632653061224,2.9990940756288076,0.0009492204401249928,2.999095412245592,0.0009492204401249928,46.80271960808607,1.0
17,2015-09-03,medium_017,medium,True,True,True,,,,10.0,9.0,11.0,9.0,0.55,0.5228983902603631,0.44235923117012765,0.7108230948042459,0.6530612244897959,0.8473683263645877,0.000525218800332717,0.8473685176003314,0.000525218800332717,13.522107590363143,0.8
17,2015-09-03,medium_018,medium,True,True,True,,,,15.5,8.0,16.5,8.0,0.673469387755102,0.5911679895864443,0.5619939222900782,0.6592408132779657,0.20408163265306123,1.6966832318552187,0.0008391140280106402,1.6966837126373253,0.0008391140280106402,26.779999969096313,1.0
17,2015-09-03,medium_019,medium,False,True,False,,,,10.5,11.0,10.5,12.0,0.4666666666666667,0.45784302454102827,0.44129769516231054,0.4964487930913697,0.8367346938775511,0.5587935104716528,0.0003281574731081491,0.5587936446868474,0.0003281574731081491,8.896091402074166,0.8
17,2015-09-03,medium_020,medium,False,True,False,,,,14.0,9.0,14.0,10.0,0.5833333333333334,0.38614063174009605,0.28245209945801275,0.6280805403982906,0.9795918367346939,0.17767189635407882,0.0001310682733038434,0.17767193059721115,0.0001310682733038434,2.883932018001276,0.6
17,2015-09-03,medium_021,medium,False,True,False,,,,15.0,8.0,15.0,9.0,0.625,0.45286617260323314,0.4433073112081316,0.47517018252513676,0.7959183673469388,0.6252626291040502,0.00035936470386263195,0.6252627800340133,0.00035936470386263195,9.79186708467079,0.75
17,2015-09-03,medium_022,medium,True,True,True,,,,16.0,8.0,17.0,8.0,0.68,0.596177347578315,0.5190478250131672,0.7761462335636599,0.3673469387755102,1.381354990369773,0.0007302784486821942,1.3813553552702142,0.0007302784486821942,21.670477270159868,0.9
17,2015-09-03,medium_023,medium,True,True,False,,,,14.0,10.0,14.0,11.0,0.56,0.49196910162156815,0.4271303904320396,0.6432594277304681,0.7346938775510204,0.7539343112807899,0.0003860218749941405,0.7539345192388577,0.0003860218749941405,12.024583847693549,0.8
17,2015-09-03,medium_024,medium,True,False,,,,,11.0,10.0,11.5,10.0,0.5348837209302325,0.521235640164066,0.5062592273064144,0.5561806034985866,,,,1.1030042387264742,0.000636338917441217,17.720980227685693,0.85
17,2015-09-03,medium_025,medium,True,True,False,,,,13.0,10.0,13.0,11.0,0.5416666666666666,0.4985635612825233,0.5000592718975461,0.49507356984747036,0.8163265306122449,0.6196127324189216,0.00036851460659172115,0.6196128769044229,0.00036851460659172115,9.778101413360341,0.75
17,2015-09-03,medium_026,medium,True,False,,,,,15.0,8.0,15.5,8.0,0.6595744680851063,0.546945379996514,0.5151230563584601,0.6211974684853067,,,,1.5499529734751654,0.0007736999071048278,24.37626799781273,0.95
17,2015-09-03,medium_027,medium,False,False,,neutral,0.4200000000000001,-0.027702485655026976,10.5,11.0,10.5,11.0,0.4883720930232558,0.4018018174712742,0.4321699565219457,0.33094282635304084,,,,0.5513758920703818,0.00036515116716953204,8.781531788840516,0.7
17,2015-09-03,medium_028,medium,True,True,False,,,,12.0,9.0,12.0,10.0,0.5454545454545454,0.4911001653871374,0.4318012576451721,0.6294642834517234,0.8571428571428571,0.4368641604226417,0.0002842203087803315,0.4368642535894768,0.0002842203087803315,6.820310752261523,0.65
17,2015-09-03,medium_029,medium,True,True,True,,,,13.0,11.0,14.0,11.0,0.56,0.4956495920400603,0.4604459238751986,0.5777914844247377,0.3877551020408163,1.369606488442919,0.0006057219671816675,1.3696069235533197,0.0006057219671816675,21.452888852118313,0.9
17,2015-09-03,bad_000,bad,True,False,,,,,8.5,13.0,8.5,13.0,0.3953488372093023,0.518011733655998,0.5661300735567953,0.40573560722080415,,,,2.139050142876069,0.0008821475558296483,33.593926271944596,0.95
17,2015-09-03,bad_001,bad,True,False,,,,,5.0,9.0,5.5,9.0,0.3793103448275862,0.4790673944292149,0.5422918910847938,0.3315435688995309,,,,1.5243739093366415,0.0007363363643282628,24.092297337421588,0.85
17,2015-09-03,bad_002,bad,False,False,,success,0.8200000000000002,2.7984170752824866,5.0,9.0,5.5,9.0,0.3793103448275862,0.34594761827831244,0.3116338240536572,0.4260131381358414,,,,0.2231400267865304,0.00014953713381634802,3.5370598415620376,0.65
17,2015-09-03,bad_003,bad,False,True,False,,,,8.0,10.0,8.0,11.0,0.42105263157894735,0.41361174134529466,0.4245496961098162,0.3880898468947446,0.9183673469387755,0.3928761247549824,0.0001715873515400442,0.39287625277288046,0.0001715873515400442,6.358110410648448,0.6
17,2015-09-03,bad_004,bad,False,False,,success,0.8200000000000002,5.356865473617447,6.0,9.0,6.5,9.0,0.41935483870967744,0.43289679186825714,0.3536038878752791,0.6179135678518727,,,,0.6697278054286461,0.0004581457174925349,10.708759094679687,0.85
17,2015-09-03,bad_005,bad,False,False,,success,0.8200000000000002,0.5545718092549947,3.5,10.0,4.0,10.0,0.2857142857142857,0.4221771653512033,0.4454060446361421,0.36797644701967963,,,,1.1388816817597665,0.0005558627770476993,18.171215194980196,0.85
17,2015-09-03,bad_006,bad,True,True,True,,,,7.5,11.0,8.5,11.0,0.4358974358974359,0.4909821865982549,0.4956447816477608,0.4801027981494076,0.4897959183673469,1.1633294850358102,0.000663375695791259,1.163329772612322,0.000663375695791259,18.545349622222098,0.9
17,2015-09-03,bad_007,bad,False,True,True,,,,6.5,8.0,7.5,8.0,0.4838709677419355,0.4601207246404993,0.46504494918699,0.4486308673653544,0.40816326530612246,1.3692721624567243,0.0005977089745080568,1.3692726015688341,0.0005977089745080568,21.971479676705325,0.9
17,2015-09-03,bad_008,bad,False,False,,failure,0.39000000000000007,-0.8603600851630944,4.0,8.0,4.0,8.0,0.3333333333333333,0.4674776464966646,0.408976478151416,0.603980372635578,,,,0.7094773430950992,0.00038131055837336127,11.317807603218053,0.75
17,2015-09-03,bad_009,bad,False,False,,success,0.8200000000000002,0.8360999603017092,4.5,10.0,5.0,10.0,0.3333333333333333,0.4523665536631241,0.46166536063123276,0.43066933740420404,,,,0.5310572261235407,0.0003474235740404971,8.460592366917556,0.8
17,2015-09-03,bad_010,bad,True,False,,,,,6.0,10.0,6.5,10.0,0.3939393939393939,0.4718336620067925,0.49949078007046277,0.40730038652489536,,,,0.7126668832305173,0.0004480129240268761,11.278946742184045,0.85
17,2015-09-03,bad_011,bad,False,True,False,,,,3.5,8.0,3.5,9.0,0.28,0.32172953533400184,0.3741190704286451,0.19948728677983413,0.9387755102040817,0.3879468158215058,0.0002595227716223014,0.3879468971694203,0.0002595227716223014,6.141328920124397,0.75
17,2015-09-03,bad_012,bad,False,True,False,,,,7.5,9.0,7.5,10.0,0.42857142857142855,0.44212453107587946,0.4140189657461756,0.5077041835118554,0.673469387755102,0.7871180659836615,0.00042840112681031905,0.787118265186744,0.00042840112681031905,12.321178466976075,0.8
17,2015-09-03,bad_013,bad,False,False,,success,0.8200000000000002,2.635243652681879,6.5,9.0,7.0,9.0,0.4375,0.43937031598509496,0.4335395769842234,0.4529753736537954,,,,0.7005206451822877,0.0003120547559088598,11.14449554278396,0.8
17,2015-09-03,bad_014,bad,False,False,,failure,0.39000000000000007,-0.9979777514389809,4.5,9.0,4.5,9.0,0.3333333333333333,0.3963901255059666,0.48712531728777153,0.1846746780150883,,,,1.2805558245672404,0.0007710666311884749,20.501975889817263,0.85
17,2015-09-03,bad_015,bad,False,True,False,,,,3.5,9.0,3.5,10.0,0.25925925925925924,0.4096318129243418,0.4741811880331122,0.25901660433721085,0.7142857142857143,0.7692448489041538,0.0003811314340225518,0.7692450634454888,0.0003811314340225518,12.201483454172923,0.75
17,2015-09-03,bad_016,bad,True,False,,,,,6.0,10.0,6.0,10.0,0.375,0.4862707379495814,0.5131958887340954,0.4234453861190488,,,,1.3329059904914635,0.0006773374628124543,21.125238092696517,0.9
17,2015-09-03,bad_017,bad,False,False,,success,0.8200000000000002,1.4924195895799528,5.5,10.0,6.0,10.0,0.375,0.4337684657595033,0.514288389853907,0.24588864287256132,,,,1.1691783699638303,0.0006595903396164999,18.52817053609442,0.9
17,2015-09-03,bad_018,bad,False,False,,success,0.9400000000000001,0.738248632891171,5.0,9.0,5.5,9.0,0.3793103448275862,0.33206661050277014,0.3285356701686363,0.3403054712824159,,,,0.7386798663537271,0.0005472281609026414,11.72410638140867,0.75
17,2015-09-03,bad_019,bad,True,True,True,,,,8.0,9.0,9.0,9.0,0.5,0.5451696885539359,0.5244403286499191,0.5935381949966418,0.4489795918367347,1.1903365494370826,0.0005517347300754721,1.1903369060116942,0.0005517347300754721,18.979824398646706,0.9
17,2015-09-03,bad_020,bad,False,False,,failure,0.39000000000000007,-4.265363940299068,5.5,10.0,5.5,10.0,0.3548387096774194,0.35172447815444463,0.4172093009174871,0.19892655837401224,,,,0.5402963092748935,0.00024492599031272305,8.7115311290709,0.6
17,2015-09-03,bad_021,bad,False,False,,success,0.8200000000000002,2.9254648436121613,6.0,10.0,6.5,10.0,0.3939393939393939,0.36366665354614197,0.4059752616967849,0.26494656786130855,,,,0.6020940933954964,0.00041095782363624784,9.457523943206763,0.75
17,2015-09-03,bad_022,bad,True,False,,,,,4.5,8.0,5.0,8.0,0.38461538461538464,0.5006928195952751,0.5008330859730865,0.5003655313803819,,,,0.8821552769539742,0.0005041589767453705,14.013629088958204,0.8
17,2015-09-03,bad_023,bad,False,False,,success,0.9400000000000001,1.7494807023017387,5.0,10.0,5.5,10.0,0.3548387096774194,0.4469907615819533,0.509100290274604,0.3020685279657684,,,,1.264960389754558,0.0006101253011698514,20.09239631736741,0.85
17,2015-09-03,bad_024,bad,False,False,,success,0.9400000000000001,0.45049663659742123,5.5,11.0,6.0,11.0,0.35294117647058826,0.40971267260291516,0.415541889954295,0.39611116544969577,,,,0.8395912910936917,0.00042043186655400745,13.489503528814412,0.8
17,2015-09-03,bad_025,bad,False,False,,success,0.8200000000000002,0.38823039320269004,4.0,10.0,4.5,10.0,0.3103448275862069,0.4090966457648019,0.42615405235131376,0.3692960303962745,,,,0.8722674815473068,0.0005310609728804032,13.912891845260853,0.75
17,2015-09-03,bad_026,bad,False,False,,failure,0.4200000000000001,-2.906284994037108,4.0,10.0,4.0,10.0,0.2857142857142857,0.4516208629244377,0.4542776052364583,0.4454217975297229,,,,0.6976473227228417,0.00039773096244951863,10.925071581405115,0.75
17,2015-09-03,bad_027,bad,True,True,True,,,,4.0,8.0,5.0,8.0,0.38461538461538464,0.4741140008233699,0.5831845714715833,0.21961600264420525,0.10204081632653061,1.9823426102237711,0.0009117901388528526,1.9823432163753965,0.0009117901388528526,31.428122439482557,0.95
17,2015-09-03,bad_028,bad,False,False,,failure,0.5100000000000001,-2.3894858627704707,5.0,9.0,5.0,9.0,0.35714285714285715,0.30772942143234994,0.35853095868850837,0.1891925011679804,,,,0.6778908705444834,0.0004817367007089781,10.958577588793466,0.75
17,2015-09-03,bad_029,bad,True,True,True,,,,7.5,9.0,8.5,9.0,0.4857142857142857,0.4743612401720244,0.49821791713046104,0.4186956606023391,0.5102040816326531,1.1467861161735173,0.0006472235884811371,1.1467864017322738,0.0006472235884811371,18.095840232148422,0.8
17,2015-09-03,bad_030,bad,False,False,,failure,0.39000000000000007,-2.22649112731618,6.0,10.0,6.0,10.0,0.375,0.39787625890235595,0.4278952467599889,0.32783195390121245,,,,0.3761630650602431,0.0002178678347235749,5.953805205035308,0.8
17,2015-09-03,bad_031,bad,False,True,False,,,,7.5,8.0,7.5,9.0,0.45454545454545453,0.4310229400326904,0.4362227359101013,0.4188900829853985,0.8775510204081632,0.4146427699266303,0.0002492222955337255,0.41464286626602403,0.0002492222955337255,6.576051015739914,0.65
17,2015-09-03,bad_032,bad,False,False,,success,0.9400000000000001,3.575601496975878,5.5,9.0,6.0,9.0,0.4,0.45309476297243034,0.5055660116369761,0.33066184942182375,,,,1.0106000219855746,0.0006201521422983241,15.91119487552,0.85
17,2015-09-03,bad_033,bad,False,False,,failure,0.5100000000000001,-1.1034074424271978,4.0,9.0,4.0,9.0,0.3076923076923077,0.3721538902327225,0.48251838415504855,0.11463673774729512,,,,1.0434980516174384,0.0005562399986743174,16.711770314126063,0.85
17,2015-09-03,bad_034,bad,False,False,,failure,0.5100000000000001,-3.732898441398632,6.0,10.0,6.0,10.0,0.375,0.4375897896263475,0.3840006901018439,0.5626310218501892,,,,0.4661192911690043,0.00029239335092556145,7.4346101488504805,0.7
17,2015-09-03,bad_035,bad,True,False,,,,,6.0,10.0,6.5,10.0,0.3939393939393939,0.5067488582122801,0.5314898784152605,0.44901981107199257,,,,0.960789360032139,0.0006405354391627394,15.33632532751249,0.8
17,2015-09-03,bad_036,bad,False,False,,failure,0.39000000000000007,-4.504308259843896,5.0,10.0,5.0,10.0,0.3333333333333333,0.42655982131425996,0.3888405731466665,0.5145714003719781,,,,0.3946218605130942,0.00020287750687050056,6.219571935499259,0.65
17,2015-09-03,bad_037,bad,False,False,,success,0.9400000000000001,0.43814114264588966,2.5,10.0,3.0,10.0,0.23076923076923078,0.37870457201564006,0.48529315279872515,0.1299978835217749,,,,0.9758639348077416,0.00048613295023454113,15.392288495534238,0.8
17,2015-09-03,bad_038,bad,False,False,,success,0.9700000000000001,4.23128458865601,6.5,10.0,7.0,10.0,0.4117647058823529,0.449303011763721,0.5392073901528339,0.23952612885579105,,,,1.779653909477362,0.0007707144802216745,28.38905830307029,0.95
17,2015-09-03,bad_039,bad,False,False,,failure,0.39000000000000007,-2.9369222517789524,6.5,10.0,6.5,10.0,0.3939393939393939,0.35931863903804784,0.381687422866801,0.3071248101042905,,,,0.3229144180900212,0.00025220644998101284,5.157389412794988,0.6
17,2015-09-03,bad_040,bad,True,False,,,,,6.0,10.0,6.5,10.0,0.3939393939393939,0.5003653795308811,0.5686904488516007,0.3409402177825354,,,,1.746795707210393,0.0008478138984118413,27.590410440370835,0.85
17,2015-09-03,bad_041,bad,True,True,True,,,,5.5,8.0,6.5,8.0,0.4482758620689655,0.49241067343554196,0.48426428185829384,0.511418920449121,0.5510204081632653,1.0646679771607706,0.0006244447046421271,1.0646682311043913,0.0006244447046421271,16.84586657162667,0.85
17,2015-09-03,bad_042,bad,True,False,,,,,5.5,9.0,5.5,9.0,0.3793103448275862,0.47205734651460374,0.42307993190412785,0.5863379806057142,,,,0.6698431771273735,0.000465171772673981,10.425626699030646,0.7
17,2015-09-03,bad_043,bad,False,True,True,,,,5.0,9.0,6.0,9.0,0.4,0.4588182219746827,0.5713305217942217,0.19628952239575845,0.2653061224489796,1.4687790587560603,0.0007506870801197842,1.4687794595570411,0.0007506870801197842,23.458356828775255,0.9
17,2015-09-03,bad_044,bad,False,False,,failure,0.36000000000000004,-4.701776330703339,5.0,11.0,5.0,11.0,0.3125,0.3326030923586173,0.32488102344341363,0.3506212531607593,,,,0.2759736161057012,0.00018174910103525927,4.408056732609654,0.6
17,2015-09-03,bad_045,bad,False,False,,failure,0.39000000000000007,-1.4554917331259531,6.5,10.0,6.5,10.0,0.3939393939393939,0.395043186055815,0.3904197326561739,0.40583124398831105,,,,0.44482732207156495,0.00021348178187062,6.83330205712199,0.65
17,2015-09-03,bad_046,bad,False,False,,failure,0.39000000000000007,-2.6772445467879464,5.0,10.0,5.0,10.0,0.3333333333333333,0.33702834586041125,0.32764391911536517,0.35892534159885214,,,,0.3495934992624107,0.00025048234311487696,5.76630661491832,0.6
17,2015-09-03,bad_047,bad,False,False,,failure,0.39000000000000007,-2.6949055729573814,8.5,11.0,8.5,11.0,0.4358974358974359,0.40444067464582856,0.38616295717775057,0.44708868207134395,,,,0.5790559910456315,0.0002630059824937115,9.33436570899048,0.7
17,2015-09-03,bad_048,bad,False,False,,success,0.8200000000000002,0.5490577655487954,3.0,9.0,3.5,9.0,0.28,0.3825545141117114,0.4595017165021012,0.20301104186746846,,,,1.0259033762379552,0.0004889215691781866,16.27180644909715,0.85
17,2015-09-03,bad_049,bad,False,False,,failure,0.39000000000000007,-6.385146516916549,7.5,10.0,7.5,10.0,0.42857142857142855,0.40619989741526613,0.3410723348113536,0.5581642101577288,,,,0.48710726315452824,0.00022254461929476535,7.603725961870461,0.6
18,2015-10-02,good_000,good,True,True,True,,,,21.0,5.0,22.0,5.0,0.8148148148148148,0.5867484345214933,0.49912441399839624,0.7912044824087199,0.32653061224489793,1.4461461863430323,0.0007153224632522469,1.446146592968089,0.0007153224632522469,22.996020853540514,0.9
18,2015-10-02,good_001,good,True,True,True,,,,17.5,8.0,18.5,8.0,0.6981132075471698,0.5790818242042716,0.5862287064318868,0.5624057656731694,0.12244897959183673,1.9922705643202616,0.0009143805345597944,1.9922711709172587,0.0009143805345597944,31.406948876829514,1.0
18,2015-10-02,good_002,good,True,True,True,,,,19.5,6.0,20.5,6.0,0.7735849056603774,0.5434567318152088,0.45857322530026334,0.7415182470167481,0.6938775510204082,0.954371060100515,0.0005472343072437796,0.9543712930845772,0.0005472343072437796,15.12909143472784,0.8
18,2015-10-02,good_003,good,True,True,True,,,,23.0,3.0,24.0,3.0,0.8888888888888888,0.6659129116368633,0.5374659926508394,0.9656223892709191,0.46938775510204084,1.244503055004799,0.0005281848937549796,1.244503463944773,0.0005281848937549796,19.8502388804933,0.85
18,2015-10-02,good_004,good,True,True,True,,,,19.0,7.0,20.0,7.0,0.7407407407407407,0.597188452697136,0.5778441124344853,0.6423252466433211,0.04081632653061224,2.2913751938996443,0.001047497859926655,2.291375894530881,0.001047497859926655,35.66249322134811,0.95
18,2015-10-02,good_005,good,True,True,True,,,,21.0,5.0,22.0,5.0,0.8148148148148148,0.6149281595645857,0.541534839436207,0.786179239864136,0.24489795918367346,1.7729775206878609,0.000813964233953203,1.7729780597655758,0.000813964233953203,28.08712943902084,0.95
18,2015-10-02,good_006,good,True,True,True,,,,21.0,5.0,22.0,5.0,0.8148148148148148,0.686161079242597,0.6019067032942234,0.8827546231221354,0.061224489795918366,2.170719611671084,0.00091982772642786,2.170720332337324,0.00091982772642786,34.28886035821581,1.0
18,2015-10-02,good_007,good,True,True,True,,,,18.0,7.0,19.0,7.0,0.7307692307692307,0.6530578474625468,0.581831177090446,0.8192534116641156,0.0,2.785553151110341,0.000983166954056712,2.7855542558312534,0.000983166954056712,43.93455339079981,1.0
18,2015-10-02,good_008,good,True,True,True,,,,16.0,10.0,17.0,10.0,0.6296296296296297,0.5595985370302028,0.616951917619178,0.42577398232259395,0.16326530612244897,1.931551870768456,0.0009592109290554993,1.9315524163274445,0.0009592109290554993,30.65659248622001,0.95
18,2015-10-02,good_009,good,True,True,True,,,,20.0,5.0,21.0,5.0,0.8076923076923077,0.6347197777657156,0.5539774021726842,0.8231186541494557,0.30612244897959184,1.5264854200882378,0.0007810785957698381,1.5264858394121723,0.0007810785957698381,24.43729969517153,0.95
18,2015-10-02,good_010,good,True,True,True,,,,24.0,2.0,25.0,2.0,0.9259259259259259,0.6830460588608833,0.6021324036169828,0.8718445877633179,0.1836734693877551,1.8734175153844652,0.0008480340854841153,1.8734180967632832,0.0008480340854841153,28.96036679066551,1.0
18,2015-10-02,good_011,good,True,True,True,,,,19.0,7.0,20.0,7.0,0.7407407407407407,0.6301613478174615,0.5139979254114762,0.9012093334314275,0.5510204081632653,1.1051823550302207,0.000658086108669294,1.105182615674134,0.000658086108669294,17.601363289193067,0.8
18,2015-10-02,good_012,good,True,True,False,,,,22.0,4.0,22.0,5.0,0.8148148148148148,0.5512302687001127,0.4784325097113087,0.7210917063406558,0.9183673469387755,0.5390853528744787,0.0002895327649079553,0.5390854923053053,0.0002895327649079553,8.536462975406657,0.7
18,2015-10-02,good_013,good,True,True,True,,,,15.0,10.0,16.0,10.0,0.6153846153846154,0.531990971635268,0.5435413892403209,0.505039997223478,0.42857142857142855,1.3048094636256553,0.0007420677594113843,1.3048097871596966,0.0007420677594113843,20.800269268319088,0.85
18,2015-10-02,good_014,good,True,True,True,,,,18.0,7.0,19.0,7.0,0.7307692307692307,0.619737426556403,0.6077969471198437,0.6475985452417081,0.22448979591836735,1.8319641766747625,0.000996116733090616,1.8319646495760769,0.000996116733090616,29.03283252254841,0.95
18,2015-10-02,good_015,good,True,True,False,,,,19.0,7.0,19.0,8.0,0.7037037037037037,0.5639693996405677,0.5266042091787068,0.6511548440515766,0.7551020408163265,0.8571654584362988,0.0004958400727262274,0.8571656651872515,0.0004958400727262274,13.557580394228939,0.8
18,2015-10-02,good_016,good,True,True,True,,,,22.0,4.0,23.0,4.0,0.8518518518518519,0.6259471851604292,0.5026568302481979,0.913624679955636,0.5102040816326531,1.1890723651285222,0.0006707222828189913,1.1890726596551382,0.0006707222828189913,18.719022181132317,0.85
18,2015-10-02,good_017,good,True,True,True,,,,20.0,6.0,21.0,6.0,0.7777777777777778,0.647440866637935,0.5798557698502621,0.8051394258091716,0.14285714285714285,1.936109759609878,0.0008518022131783735,1.9361103742375618,0.0008518022131783735,30.326310939686316,1.0
18,2015-10-02,good_018,good,True,True,True,,,,21.0,5.0,22.0,5.0,0.8148148148148148,0.6391966592437744,0.5646620367740781,0.8131107783397328,0.08163265306122448,2.0715982644007136,0.0010182191810788215,2.0715988531363894,0.0010182191810788215,32.45989463402212,0.95
18,2015-10-02,good_019,good,True,True,False,,,,22.0,4.0,22.0,5.0,0.8148148148148148,0.6267798038214857,0.5236575588529699,0.8673983754146892,0.7959183673469388,0.7342327515130008,0.0006187653851714096,0.7342328735588708,0.0006187653851714096,11.671082045837958,0.9
18,2015-10-02,medium_000,medium,True,False,,,,,9.5,12.0,10.0,12.0,0.45454545454545453,0.5245976166835156,0.5372155470921314,0.49515577906341207,,,,1.1856115175191684,0.0006771562244707293,18.58137945773923,0.9
18,2015-10-02,medium_001,medium,True,True,True,,,,17.0,8.0,18.0,8.0,0.6923076923076923,0.5749713966572723,0.48690839987252,0.7804517224883609,0.5918367346938775,1.0074298705337383,0.0005360046974817393,1.0074301378962343,0.0005360046974817393,16.069596635936932,0.8
18,2015-10-02,medium_002,medium,True,False,,,,,13.0,10.0,13.0,10.0,0.5652173913043478,0.5292214631350692,0.5712136786048747,0.43123962703885643,,,,1.9132007885792877,0.0010015501423019878,30.452632219943396,0.9
18,2015-10-02,medium_003,medium,True,True,False,,,,15.5,10.0,15.5,11.0,0.5849056603773585,0.48669419688287513,0.4406277513417457,0.5941825698121772,0.8979591836734694,0.5583234525856177,0.0003882784265020825,0.5583235642084536,0.0003882784265020825,8.831322313408274,0.7
18,2015-10-02,medium_004,medium,True,True,True,,,,14.5,9.0,15.5,9.0,0.6326530612244898,0.5308476806238491,0.4974396603143211,0.6087997280127477,0.673469387755102,0.956760867392011,0.0005542832571095022,0.9567611004472665,0.0005542832571095022,15.264603825265194,0.9
18,2015-10-02,medium_005,medium,False,False,,success,0.9400000000000001,0.8337020370136656,13.0,10.0,13.5,10.0,0.574468085106383,0.39981048027125893,0.34320970317425115,0.5318789601642772,,,,0.6378521485030527,0.000344375625580335,10.07717567828863,0.7
18,2015-10-02,medium_006,medium,True,True,True,,,,13.0,10.0,14.0,10.0,0.5833333333333334,0.5532843968384087,0.540988242186763,0.5819754243589155,0.3877551020408163,1.379294915146992,0.0007017701916296685,1.3792952965146632,0.0007017701916296685,22.022480867607538,0.95
18,2015-10-02,medium_007,medium,True,False,,,,,9.5,10.0,10.0,10.0,0.5,0.47816340630323106,0.4668442275064614,0.5045748234956937,,,,0.8354624566277653,0.0005236169937984988,13.16375692570318,0.75
18,2015-10-02,medium_008,medium,True,True,True,,,,14.0,10.0,15.0,10.0,0.6,0.5678353002496916,0.6020283576934068,0.4880514995476896,0.02040816326530612,2.5410505653858784,0.0008390972403774661,2.541051640146237,0.0008390972403774661,40.55018246290933,1.0
18,2015-10-02,medium_009,medium,True,False,,,,,15.5,10.0,16.0,10.0,0.6153846153846154,0.5265890204384661,0.5320863159535617,0.5137619975699097,,,,1.9514908179595336,0.0008550809306401401,30.6060678923177,0.95
18,2015-10-02,medium_010,medium,True,True,True,,,,11.5,11.0,12.5,11.0,0.5319148936170213,0.573963680632109,0.5587800701269796,0.6093921051440777,0.3469387755102041,1.433660220071798,0.0007206671952313291,1.4336606190616115,0.0007206671952313291,22.796143265179005,0.85
18,2015-10-02,medium_011,medium,False,False,,success,0.9400000000000001,2.7677102944208656,11.0,12.0,11.5,12.0,0.48936170212765956,0.4505356757476492,0.49456134599282764,0.3478091118422329,,,,1.1251334644002302,0.0006501154709053429,17.984358840571584,0.9
18,2015-10-02,medium_012,medium,True,True,True,,,,14.5,10.0,15.5,10.0,0.6078431372549019,0.516377004914142,0.5133640326799122,0.5234072734606782,0.6122448979591837,1.0032773728382343,0.0005522785242610233,1.0032776298013855,0.0005522785242610233,15.680815319863322,0.9
18,2015-10-02,medium_013,medium,False,False,,success,0.9400000000000001,0.30252067983911957,9.0,10.0,9.5,10.0,0.48717948717948717,0.42203623117509226,0.46908551462452996,0.3122545697930711,,,,1.3350674956891253,0.0007085242591680513,21.259875344240424,0.85
18,2015-10-02,medium_014,medium,False,False,,failure,0.5100000000000001,-2.1380285972663984,14.0,9.0,14.0,9.0,0.6086956521739131,0.4558627056894353,0.36839548798151034,0.6599528803412604,,,,0.9088166841135886,0.0005310904411658642,14.422322036730797,0.8
18,2015-10-02,medium_015,medium,True,False,,,,,12.0,9.0,12.5,9.0,0.5813953488372093,0.4820925585451151,0.5053851111420602,0.4277432691522435,,,,1.7400714087588982,0.0007194195172849719,27.39747043490055,0.95
18,2015-10-02,medium_016,medium,True,True,True,,,,15.5,10.0,16.5,10.0,0.6226415094339622,0.5961766064428256,0.5609908104235659,0.6782767971544312,0.2857142857142857,1.6988714167181016,0.000892307602003657,1.6988718699510912,0.000892307602003657,26.674472610546403,0.9
18,2015-10-02,medium_017,medium,True,True,False,,,,11.0,9.0,11.0,10.0,0.5238095238095238,0.5039222130178342,0.4972399765023468,0.5195140982206383,0.7346938775510204,0.8868559242635163,0.00045374071800741,0.886856166545975,0.00045374071800741,14.033679729755393,0.75
18,2015-10-02,medium_018,medium,True,True,True,,,,16.5,8.0,17.5,8.0,0.6862745098039216,0.5853110801162258,0.48187126787805923,0.8266706420052813,0.4897959183673469,1.2138530668014538,0.00047612826502218544,1.2138534971397765,0.00047612826502218544,19.20943078915445,0.8
18,2015-10-02,medium_019,medium,False,False,,failure,0.39000000000000007,-3.5061869772944334,10.5,12.0,10.5,12.0,0.4666666666666667,0.3421351882375355,0.3421173645796114,0.3421767767726919,,,,0.5725692401210806,0.00035327603941454164,8.874469900998392,0.75
18,2015-10-02,medium_020,medium,True,False,,,,,14.0,10.0,14.5,10.0,0.5918367346938775,0.5218566980155719,0.5158540936226579,0.5358627749323713,,,,0.7657565893683945,0.0005096423939432544,12.124141155728152,0.8
18,2015-10-02,medium_021,medium,True,False,,,,,15.0,9.0,15.5,9.0,0.6326530612244898,0.4952300434835393,0.42242915625357624,0.6650987803534529,,,,0.6734323212601195,0.0004781744357842091,10.793592850880637,0.75
18,2015-10-02,medium_022,medium,True,True,True,,,,17.0,8.0,18.0,8.0,0.6923076923076923,0.6451069262840068,0.5723012957467678,0.8149867308708979,0.10204081632653061,1.9950823785609686,0.0008881455313326273,1.9950830057166802,0.0008881455313326273,31.88307320933882,0.95
18,2015-10-02,medium_023,medium,False,True,False,,,,14.0,11.0,14.0,12.0,0.5384615384615384,0.45651436342710794,0.45317707809939045,0.46430136252511534,0.8163265306122449,0.7273890100703885,0.0004770354074771029,0.7273891657239709,0.0004770354074771029,11.562736097193385,0.75
18,2015-10-02,medium_024,medium,True,True,True,,,,11.5,10.0,12.5,10.0,0.5555555555555556,0.5396374614451873,0.5376505631929065,0.5442735573671761,0.20408163265306123,1.858553476683733,0.0007553507042166561,1.8585541173560627,0.0007553507042166561,29.41596679983141,0.95
18,2015-10-02,medium_025,medium,True,True,True,,,,13.0,11.0,14.0,11.0,0.56,0.5650067526984257,0.5142521206260522,0.6834342275339641,0.3673469387755102,1.4125482620959864,0.0006786943461023376,1.4125486753873908,0.0006786943461023376,22.700050758889784,0.95
18,2015-10-02,medium_026,medium,True,True,False,,,,15.5,8.0,15.5,9.0,0.6326530612244898,0.486212050880576,0.4196460100925049,0.6415328127194087,0.8775510204081632,0.5904849398557706,0.0002378021436754643,0.5904851447798883,0.0002378021436754643,9.453758755093064,0.65
18,2015-10-02,medium_027,medium,False,False,,failure,0.39000000000000007,-0.9710995927004831,10.5,11.0,10.5,11.0,0.4883720930232558,0.40894735893804385,0.4232796794484988,0.3755052777469824,,,,0.9275829604075695,0.00045866991081077964,14.766028606160623,0.8
18,2015-10-02,medium_028,medium,True,True,True,,,,12.0,10.0,13.0,10.0,0.5652173913043478,0.5249880052791569,0.5354710326192077,0.5005276081523719,0.2653061224489796,1.7389362083163196,0.0008485018314739037,1.7389367066850834,0.0008485018314739037,27.562748102549573,1.0
18,2015-10-02,medium_029,medium,True,True,True,,,,14.0,11.0,15.0,11.0,0.5769230769230769,0.5045963296932027,0.5021158020444656,0.5103842275402559,0.5714285714285714,1.0222137037556798,0.0005688335750828202,1.022213961302093,0.0005688335750828202,16.160060849319606,0.9
18,2015-10-02,bad_000,bad,True,True,True,,,,8.5,13.0,9.5,13.0,0.4222222222222222,0.5215755461736162,0.52788532343835,0.5068527325559042,0.40816326530612246,1.315394286257753,0.0007065271215351298,1.3153946297721233,0.0007065271215351298,20.929800028034204,0.85
18,2015-10-02,bad_001,bad,False,True,True,,,,5.5,9.0,6.5,9.0,0.41935483870967744,0.47042254725430266,0.46171178068106544,0.49074766925852287,0.5306122448979592,1.108610624143019,0.0005634934326707895,1.1086109273810665,0.0005634934326707895,17.501492448045898,0.9
18,2015-10-02,bad_002,bad,False,False,,failure,0.48000000000000004,-2.6778419691083286,5.5,9.0,5.5,9.0,0.3793103448275862,0.4044885944311709,0.3915576559417504,0.4346607842398189,,,,0.30823106002497846,0.00021969192096040393,4.881998259492675,0.65
18,2015-10-02,bad_003,bad,False,False,,success,0.8200000000000002,0.9882213243174647,8.0,11.0,8.5,11.0,0.4358974358974359,0.43009215471450757,0.4789118796121655,0.3161794632866391,,,,0.6503875858551056,0.0004562844368496511,10.418028214699941,0.7
18,2015-10-02,bad_004,bad,False,False,,success,0.8200000000000002,1.0230312457454431,6.5,9.0,7.0,9.0,0.4375,0.4044879982170444,0.42535559609557116,0.35579693650048205,,,,0.5893720149194337,0.00032689904406311445,9.417504131880401,0.65
18,2015-10-02,bad_005,bad,False,False,,success,0.9400000000000001,1.4948321467566927,4.0,10.0,4.5,10.0,0.3103448275862069,0.38239449023252886,0.4436882731899726,0.2393756633318269,,,,0.8364529599529251,0.00045976969206097576,13.295064820659729,0.75
18,2015-10-02,bad_006,bad,False,True,False,,,,8.5,11.0,8.5,12.0,0.4146341463414634,0.4609054897472916,0.4704677672046341,0.4385935090134925,0.7755102040816326,0.7764575714207922,0.0004542046217928796,0.7764577564339182,0.0004542046217928796,12.219069592502978,0.75
18,2015-10-02,bad_007,bad,False,False,,success,0.8500000000000002,3.3323734776780043,7.5,8.0,8.0,8.0,0.5,0.4246155158680929,0.48108589649275024,0.29285129441055924,,,,1.0182280928845355,0.0007071445949087841,16.14216282430792,0.85
18,2015-10-02,bad_008,bad,False,False,,failure,0.5100000000000001,-3.7095429290911994,4.0,8.0,4.0,8.0,0.3333333333333333,0.348528880103086,0.3698484594089741,0.2987831950560141,,,,0.26756956493744277,0.00019567373986317127,4.395400645170271,0.7
18,2015-10-02,bad_009,bad,False,False,,success,0.8500000000000002,4.455326290744836,5.0,10.0,5.5,10.0,0.3548387096774194,0.44384053086223557,0.4522409674730755,0.4242395121036091,,,,1.065924294293166,0.0005847550535026025,16.848579692694543,0.8
18,2015-10-02,bad_010,bad,False,True,False,,,,6.5,10.0,6.5,11.0,0.37142857142857144,0.4324229196100194,0.4346740334620633,0.42717032062191707,0.8367346938775511,0.7036309820704434,0.000495070315601147,0.7036311229605771,0.000495070315601147,11.183720832240517,0.8
18,2015-10-02,bad_011,bad,False,False,,failure,0.5100000000000001,-1.6242103370571357,3.5,9.0,3.5,9.0,0.28,0.39621044859417587,0.43942155001640665,0.2953845452756375,,,,0.638941140201696,0.000304065908577944,10.23591385920576,0.8
18,2015-10-02,bad_012,bad,False,False,,failure,0.5100000000000001,-0.338118366942453,7.5,10.0,7.5,10.0,0.42857142857142855,0.43523008607863334,0.34421112596108805,0.6476076596862391,,,,0.48631388875515624,0.0003507187184296415,7.689000644497459,0.7
18,2015-10-02,bad_013,bad,True,False,,,,,7.0,9.0,7.5,9.0,0.45454545454545453,0.4791422715911907,0.48461916095373847,0.4663628630785794,,,,1.5897383926471542,0.0005907179963367665,25.603348703663713,0.9
18,2015-10-02,bad_014,bad,False,False,,failure,0.39000000000000007,-2.095429031637323,4.5,9.0,4.5,9.0,0.3333333333333333,0.39618090843450343,0.507897034785117,0.13550994694973842,,,,0.7416573640068269,0.00046016678932768635,11.830871831892917,0.7
18,2015-10-02,bad_015,bad,False,False,,success,0.9700000000000001,2.2810563082331896,3.5,10.0,4.0,10.0,0.2857142857142857,0.37470294745376964,0.4535052751373967,0.19083084952530663,,,,0.8837888493010191,0.0005685305844927539,14.046136595252316,0.8
18,2015-10-02,bad_016,bad,False,True,False,,,,6.0,10.0,6.0,11.0,0.35294117647058826,0.4031672866342061,0.43354547749604727,0.3322848412899101,0.6530612244897959,0.9653505829695839,0.00047529331092973774,0.9653508536312212,0.00047529331092973774,15.286157334109618,0.8
18,2015-10-02,bad_017,bad,False,False,,success,0.8200000000000002,0.15772264344293774,6.0,10.0,6.5,10.0,0.3939393939393939,0.4123399083877878,0.4644047182096346,0.290855352136812,,,,1.1243636688585283,0.0005429170900410965,17.778797885679012,0.8
18,2015-10-02,bad_018,bad,False,False,,success,0.9400000000000001,2.258910722829711,5.5,9.0,6.0,9.0,0.4,0.45043334898644083,0.48542137818251047,0.36879461419561177,,,,0.8025109178164744,0.0005523691081942774,12.990572243021315,0.8
18,2015-10-02,bad_019,bad,False,True,False,,,,9.0,9.0,9.0,10.0,0.47368421052631576,0.4419972200626176,0.4305899596525591,0.46861416101942094,0.8571428571428571,0.6518002234750735,0.00036326652747814883,0.6518003892284341,0.00036326652747814883,10.516526235861733,0.65
18,2015-10-02,bad_020,bad,False,False,,failure,0.39000000000000007,-4.247319005309038,5.5,10.0,5.5,10.0,0.3548387096774194,0.4576781133155603,0.45157874056006,0.4719099830783943,,,,0.5178330192542379,0.00031198474599600565,8.01078510943895,0.7
18,2015-10-02,bad_021,bad,False,False,,success,0.8200000000000002,1.9903958531980663,6.5,10.0,7.0,10.0,0.4117647058823529,0.39360759756942587,0.411128297561563,0.3527259642544393,,,,0.7171276087806048,0.0003555722274065901,11.45661062522728,0.65
18,2015-10-02,bad_022,bad,False,True,True,,,,5.0,8.0,6.0,8.0,0.42857142857142855,0.46407767160529395,0.49554375875700235,0.390656801584641,0.4489795918367347,1.267242727145569,0.0007198089998858252,1.267243038219798,0.0007198089998858252,20.25166407150587,0.85
18,2015-10-02,bad_023,bad,True,False,,,,,5.5,10.0,6.0,10.0,0.375,0.5273678591002459,0.4463165528708143,0.7164875736355865,,,,1.0379570047427396,0.0006677251116648504,16.497691459425905,0.8
18,2015-10-02,bad_024,bad,False,False,,success,0.7900000000000001,0.13157530541795381,6.0,11.0,6.5,11.0,0.37142857142857144,0.30792558501925577,0.3217820627630772,0.27559380361700575,,,,0.0572560123520956,4.751863388172618e-05,0.9824620204021798,0.6
18,2015-10-02,bad_025,bad,True,False,,,,,4.5,10.0,4.5,10.0,0.3103448275862069,0.6091953751033925,0.571888530214746,0.6962446798435679,,,,2.0887725605731235,0.0007818287538814075,32.535810025971664,1.0
18,2015-10-02,bad_026,bad,False,False,,failure,0.39000000000000007,-0.14405397388519248,4.0,10.0,4.0,10.0,0.2857142857142857,0.4145818818690504,0.43817079331444386,0.35954108849646566,,,,0.49860909965400524,0.0003350619807254718,7.874491722740518,0.75
18,2015-10-02,bad_027,bad,False,True,False,,,,5.0,8.0,5.0,9.0,0.35714285714285715,0.46291617713975963,0.4782208463459896,0.42720528232522326,0.7142857142857143,0.9177938321211556,0.0005719354369950731,0.91779403622653,0.0005719354369950731,14.655472147419905,0.75
18,2015-10-02,bad_028,bad,False,False,,failure,0.39000000000000007,-0.1711336751941701,5.0,9.0,5.0,9.0,0.35714285714285715,0.4423984072801339,0.5310205923957714,0.23561330867697997,,,,1.3781263245405178,0.0007719891103964673,21.988941548278813,0.9
18,2015-10-02,bad_029,bad,False,True,False,,,,8.5,9.0,8.5,10.0,0.4594594594594595,0.3475103023044601,0.33195031331909286,0.3838169432703171,0.9591836734693877,0.36339067127511,0.0002012956411122125,0.36339076049958074,0.0002012956411122125,5.517919983933668,0.65
18,2015-10-02,bad_030,bad,False,False,,failure,0.5100000000000001,-1.6757676662170695,6.0,10.0,6.0,10.0,0.375,0.4141488982047071,0.41053502225574784,0.4225812754189455,,,,0.46761743844068765,0.00026620143893690633,7.285919581132352,0.65
18,2015-10-02,bad_031,bad,False,False,,success,0.8200000000000002,1.3682724442526393,7.5,9.0,8.0,9.0,0.47058823529411764,0.4207711600426932,0.428136467419756,0.4035854428295469,,,,0.5347648884754937,0.0002764826416057806,8.551189879335565,0.65
18,2015-10-02,bad_032,bad,True,False,,,,,6.0,9.0,6.5,9.0,0.41935483870967744,0.5236562467714911,0.5101145700452517,0.5552534924660499,,,,0.9564820179887253,0.0005916920579398285,15.178452495065592,0.85
18,2015-10-02,bad_033,bad,False,False,,failure,0.39000000000000007,-1.0319828085037983,4.0,9.0,4.0,9.0,0.3076923076923077,0.44023071491131094,0.44202770220459864,0.43603774456030636,,,,0.6610634109060636,0.00037070994217683106,10.34608923163551,0.75
18,2015-10-02,bad_034,bad,False,False,,failure,0.39000000000000007,-0.3764859554206481,6.0,10.0,6.0,10.0,0.375,0.4233371129868597,0.4228225874194518,0.42453767264414494,,,,1.0009764269458885,0.00037910916390952975,15.967153873590636,0.85
18,2015-10-02,bad_035,bad,False,True,False,,,,6.5,10.0,6.5,11.0,0.37142857142857144,0.4504166938650161,0.3997211357260263,0.5687063295226591,0.9795918367346939,0.304384122725247,0.00017930185403611487,0.30438419327691524,0.00017930185403611487,4.699964499669771,0.6
18,2015-10-02,bad_036,bad,False,False,,success,0.9400000000000001,5.35592888277192,5.0,10.0,5.5,10.0,0.3548387096774194,0.42960209232154045,0.47905955539493106,0.3142013451502958,,,,1.3916446029663088,0.0006961551478256719,22.0057786226883,0.9
18,2015-10-02,bad_037,bad,False,False,,failure,0.48000000000000004,-3.8642900357984473,3.0,10.0,3.0,10.0,0.23076923076923078,0.24253854227037439,0.3353295203460037,0.026026260093905948,,,,0.08678362898062589,4.5636568814002825e-05,1.4786293525728267,0.55
18,2015-10-02,bad_038,bad,True,False,,,,,7.0,10.0,7.0,10.0,0.4117647058823529,0.5214817914398451,0.4597954958333042,0.6654164811884408,,,,0.36842697979552635,0.00021136829149454766,5.7925086028969615,0.55
18,2015-10-02,bad_039,bad,False,False,,failure,0.36000000000000004,-1.4171024868411735,6.5,10.0,6.5,10.0,0.3939393939393939,0.4196283874566743,0.4065319846135891,0.45018666075720665,,,,0.6454801729766652,0.0004369885219646946,10.319642983062035,0.7
18,2015-10-02,bad_040,bad,True,True,True,,,,6.5,10.0,7.5,10.0,0.42857142857142855,0.4795994367008737,0.49037071724649606,0.45446644876108816,0.6326530612244898,0.9661274818631669,0.0006362444375611753,0.9661276863823062,0.0006362444375611753,15.416705512974405,0.8
18,2015-10-02,bad_041,bad,False,True,False,,,,6.5,8.0,6.5,9.0,0.41935483870967744,0.42178352436060496,0.4290560852520763,0.4048142156138387,1.0,0.27537397177390555,0.00017581563336417522,0.27537403183018433,0.00017581563336417522,4.342666228009155,0.5
18,2015-10-02,bad_042,bad,False,True,False,,,,5.5,9.0,5.5,10.0,0.3548387096774194,0.4661199620666099,0.472580979996706,0.4510442535630522,0.9387755102040817,0.4069035217777449,0.0002791221555036055,0.4069036058521765,0.0002791221555036055,6.540124846853995,0.6
18,2015-10-02,bad_043,bad,False,False,,success,0.8500000000000002,4.993355238172711,6.0,9.0,6.5,9.0,0.41935483870967744,0.38940774055943495,0.3892340790679126,0.38981295070632044,,,,0.8570106725404937,0.0005127879645155394,13.571559574997682,0.8
18,2015-10-02,bad_044,bad,False,False,,failure,0.36000000000000004,-4.442721657002934,5.0,11.0,5.0,11.0,0.3125,0.36864241103302997,0.3195557629622754,0.4831779231981241,,,,0.408721328038929,0.00025414752532323937,6.505572616709684,0.7
18,2015-10-02,bad_045,bad,False,False,,success,0.8200000000000002,2.7805825869037477,6.5,10.0,7.0,10.0,0.4117647058823529,0.4612367404012899,0.5357719479057201,0.2873212562242863,,,,1.766161630925118,0.0008775770124800408,27.80359677185481,1.0
18,2015-10-02,bad_046,bad,False,False,,failure,0.39000000000000007,-2.4242585683222586,5.0,10.0,5.0,10.0,0.3333333333333333,0.45674610327773135,0.4759862724088929,0.41185237530502117,,,,1.1940624012575185,0.0007275059222109443,18.514220867008667,0.9
18,2015-10-02,bad_047,bad,False,False,,success,0.8200000000000002,0.20350269574318247,8.5,11.0,9.0,11.0,0.45,0.43409452809806026,0.39953676984561637,0.5147292973537627,,,,0.41175031631877823,0.00022561181015458043,6.5469291956886995,0.8
18,2015-10-02,bad_048,bad,False,False,,success,0.9400000000000001,6.648438976382792,3.5,9.0,4.0,9.0,0.3076923076923077,0.3412430073806951,0.3624642894638537,0.29172668251999173,,,,0.6608262187417675,0.00047514882829196756,10.281067108498945,0.65
18,2015-10-02,bad_049,bad,False,False,,success,0.9400000000000001,0.41954424870309026,7.5,10.0,8.0,10.0,0.4444444444444444,0.4018495414440414,0.433920743447291,0.3270167367697923,,,,0.6952480067988666,0.00037881921981309694,11.075974668737178,0.75
19,2015-11-02,good_000,good,True,True,True,,,,22.0,5.0,23.0,5.0,0.8214285714285714,0.6068509790424896,0.47293120862562565,0.9193304433485057,0.5102040816326531,1.1369611444380168,0.0005752156507811129,1.13696145446892,0.0005752156507811129,17.803694782795212,0.9
19,2015-11-02,good_001,good,True,True,True,,,,18.5,8.0,19.5,8.0,0.7090909090909091,0.6373019227184653,0.5760744210727637,0.7801660932251023,0.20408163265306123,1.6780622286986966,0.0008401331679563564,1.6780627003375836,0.0008401331679563564,26.43196813026883,0.9
19,2015-11-02,good_002,good,False,True,False,,,,20.5,6.0,20.5,7.0,0.7454545454545455,0.43546263783802663,0.3967724090363427,0.5257398383752893,1.0,0.25470039853185383,0.00015542737349772464,0.25470045471763136,0.00015542737349772464,3.9369903461134106,0.5
19,2015-11-02,good_003,good,True,True,False,,,,24.0,3.0,24.0,4.0,0.8571428571428571,0.587827765473901,0.471833670216006,0.8584806544089895,0.7346938775510204,0.8213412866919373,0.0005154464899792616,0.821341468195653,0.0005154464899792616,12.970256615391092,0.8
19,2015-11-02,good_004,good,True,True,True,,,,20.0,7.0,21.0,7.0,0.75,0.5704855268347706,0.5484708171747141,0.6218531827082359,0.12244897959183673,1.8876272727584775,0.0008988157979776482,1.8876278285806707,0.0008988157979776482,28.83802611573712,0.9
19,2015-11-02,good_005,good,True,True,True,,,,22.0,5.0,23.0,5.0,0.8214285714285714,0.6426106399471977,0.6020387315835631,0.7372784261290117,0.02040816326530612,2.3470048430030706,0.0010236450799934334,2.3470055917433776,0.0010236450799934334,37.23088685614289,1.0
19,2015-11-02,good_006,good,True,True,True,,,,22.0,5.0,23.0,5.0,0.8214285714285714,0.6364655428913293,0.5787376519340411,0.771163955125002,0.22448979591836735,1.6119437926284454,0.0008246741472336093,1.6119442346608923,0.0008246741472336093,26.04223709879533,0.9
19,2015-11-02,good_007,good,True,True,True,,,,19.0,7.0,20.0,7.0,0.7407407407407407,0.5633960901996079,0.5213074602559787,0.6616028934014094,0.6122448979591837,0.9606865974011912,0.0005482204480731018,0.960686832086545,0.0005482204480731018,15.060876288089203,0.85
19,2015-11-02,good_008,good,True,True,True,,,,17.0,10.0,18.0,10.0,0.6428571428571429,0.5919720434345537,0.5117068375536221,0.779257523823394,0.24489795918367346,1.5793285921402125,0.00083977464880801,1.5793290085711191,0.00083977464880801,25.276345889023357,0.9
19,2015-11-02,good_009,good,True,True,True,,,,21.0,5.0,22.0,5.0,0.8148148148148148,0.6280904004388616,0.5559829111046948,0.7963412088852507,0.10204081632653061,2.023021855412514,0.0009609860069870876,2.023022444560457,0.0009609860069870876,31.9560934890051,0.95
19,2015-11-02,good_010,good,True,True,True,,,,25.0,2.0,26.0,2.0,0.9285714285714286,0.6965411174267079,0.5711480476455779,0.9891249469160113,0.42857142857142855,1.2319746174856587,0.0007458955727232994,1.2319749035493508,0.0007458955727232994,19.826223231925052,0.85
19,2015-11-02,good_011,good,True,True,True,,,,20.0,7.0,21.0,7.0,0.75,0.5941501411408074,0.5295088357186569,0.7449798537924922,0.40816326530612246,1.2372122405591632,0.0005818184060555661,1.2372126074498495,0.0005818184060555661,19.798715717436554,0.85
19,2015-11-02,good_012,good,True,True,False,,,,22.0,5.0,22.0,6.0,0.7857142857142857,0.5589629226406561,0.48662258354213367,0.727757047203875,0.8367346938775511,0.6721955988312258,0.00046305019152701013,0.6721957370495899,0.00046305019152701013,10.955428270456002,0.7
19,2015-11-02,good_013,good,True,True,True,,,,16.0,10.0,17.0,10.0,0.6296296296296297,0.5522199570946611,0.5100430269266611,0.6506327941533276,0.46938775510204084,1.168065241454372,0.00042610390582889176,1.1680656929278148,0.00042610390582889176,18.138875553301745,0.8
19,2015-11-02,good_014,good,True,True,True,,,,19.0,7.0,20.0,7.0,0.7407407407407407,0.612646638070232,0.5531208412154902,0.7515401640646295,0.3673469387755102,1.247332405501404,0.0007436699411708104,1.247332698970372,0.0007436699411708104,19.5936991112161,0.85
19,2015-11-02,good_015,good,True,True,True,,,,19.0,8.0,20.0,8.0,0.7142857142857143,0.6073267403537299,0.5451412858423896,0.752426134213524,0.2857142857142857,1.3307805534228925,0.0006803259313695886,1.3307809214898276,0.0006803259313695886,21.20542732913347,0.9
19,2015-11-02,good_016,good,True,True,False,,,,23.0,4.0,23.0,5.0,0.8214285714285714,0.592795885911493,0.4826476403138822,0.8498084589725851,0.4897959183673469,1.1572349166017137,0.0006778935459816239,1.1572351956560658,0.0006778935459816239,18.297063034251387,0.85
19,2015-11-02,good_017,good,True,True,True,,,,21.0,6.0,22.0,6.0,0.7857142857142857,0.6084319628049408,0.5182643999777431,0.8188229427350688,0.32653061224489793,1.3026487689102286,0.0007540832266349112,1.3026490831475588,0.0007540832266349112,20.624549249868117,0.95
19,2015-11-02,good_018,good,True,True,False,,,,22.0,5.0,22.0,6.0,0.7857142857142857,0.5587216534420492,0.4467318295363034,0.8200312425554562,0.8163265306122449,0.6736652788013804,0.0004205255146461531,0.6736654270069784,0.0004205255146461531,10.653917863262516,0.7
19,2015-11-02,good_019,good,True,True,False,,,,22.0,5.0,22.0,6.0,0.7857142857142857,0.5579247954927311,0.4481703116398499,0.8140185911494543,0.7755102040816326,0.7461853951896643,0.00044690539632585196,0.7461855693954994,0.00044690539632585196,11.793183430520775,0.75
19,2015-11-02,medium_000,medium,True,True,True,,,,10.0,12.0,11.0,12.0,0.4782608695652174,0.5715702432927957,0.5839129940989153,0.5427704914118502,0.04081632653061224,2.2299853817320594,0.000871200542157013,2.229986180360991,0.000871200542157013,34.82984655455139,1.0
19,2015-11-02,medium_001,medium,True,True,True,,,,18.0,8.0,19.0,8.0,0.7037037037037037,0.5527121336305398,0.44677563122163755,0.7998973059179787,0.673469387755102,0.8404027288767837,0.0005610810146874749,0.8404029107122465,0.0005610810146874749,13.539798090829622,0.8
19,2015-11-02,medium_002,medium,True,True,True,,,,13.0,10.0,14.0,10.0,0.5833333333333334,0.5593254082296069,0.568893560659461,0.536999719226614,0.08163265306122448,2.0327041310369975,0.0007937322667924516,2.032704862286186,0.0007937322667924516,31.544210433060254,0.95
19,2015-11-02,medium_003,medium,False,True,False,,,,15.5,11.0,15.5,12.0,0.5636363636363636,0.43167028356310155,0.37520474497146383,0.5634232069435895,0.8775510204081632,0.5679818030066924,0.00030888522873565765,0.5679819453121531,0.00030888522873565765,9.014875406626075,0.65
19,2015-11-02,medium_004,medium,False,True,False,,,,15.5,9.0,15.5,10.0,0.6078431372549019,0.4568264059736536,0.4050424958806107,0.577655529524087,0.9795918367346939,0.28630362807441223,0.0001604902819943164,0.2863036988213966,0.0001604902819943164,4.484864444990898,0.6
19,2015-11-02,medium_005,medium,True,False,,,,,13.5,10.0,13.5,10.0,0.574468085106383,0.5572072905807967,0.4706908443103275,0.7590789985452246,,,,0.9834916772857373,0.0005019611989851343,15.477700283287442,0.85
19,2015-11-02,medium_006,medium,True,True,False,,,,14.0,10.0,14.0,11.0,0.56,0.5532813238370882,0.4638607082482614,0.7619294268776843,0.6326530612244898,0.9021985372441176,0.0004695957772812738,0.9021987780374263,0.0004695957772812738,14.077019409764636,0.8
19,2015-11-02,medium_007,medium,True,True,True,,,,10.0,10.0,11.0,10.0,0.5238095238095238,0.5241170268124659,0.4670696391285174,0.6572275980750124,0.3877551020408163,1.242184333104819,0.0006701079235578265,1.242184651490594,0.0006701079235578265,19.71113984516339,0.85
19,2015-11-02,medium_008,medium,True,True,False,,,,15.0,10.0,15.0,11.0,0.5769230769230769,0.5601453918217181,0.48748109386263705,0.7296954203929074,0.3469387755102041,1.2952817562596688,0.0006247437034471365,1.29528212677543,0.0006247437034471365,20.159332993312653,0.85
19,2015-11-02,medium_009,medium,True,True,True,,,,16.0,10.0,17.0,10.0,0.6296296296296297,0.5102845273183381,0.46172542995266436,0.6235890878382436,0.6530612244897959,0.898367622227661,0.0005804296848066744,0.8983678157255207,0.0005804296848066744,14.222077662964994,0.8
19,2015-11-02,medium_010,medium,True,True,True,,,,12.5,11.0,13.5,11.0,0.5510204081632653,0.5524163377808643,0.5256759592071147,0.6148105544529465,0.14285714285714285,1.7539469510152699,0.0006782418270967018,1.7539475811639291,0.0006782418270967018,27.97633718176812,1.0
19,2015-11-02,medium_011,medium,False,False,,success,0.9400000000000001,5.192205352211488,11.5,12.0,12.0,12.0,0.5,0.45684904874419846,0.4696153276148681,0.42706106471263605,,,,0.9370694947001714,0.0006130422317876226,14.683346911449952,0.8
19,2015-11-02,medium_012,medium,True,True,True,,,,15.5,10.0,16.5,10.0,0.6226415094339622,0.6342940162664141,0.5634836800776527,0.7995181340401907,0.2653061224489796,1.562821631510451,0.0008451011884015423,1.5628220312777044,0.0008451011884015423,25.198834873658456,0.9
19,2015-11-02,medium_013,medium,True,False,,,,,9.5,10.0,9.5,10.0,0.48717948717948717,0.4956688560651523,0.49667868082089284,0.49331259830175783,,,,1.0577790199348494,0.0005506992353414517,16.68553250118477,0.85
19,2015-11-02,medium_014,medium,True,False,,,,,14.0,9.0,14.5,9.0,0.6170212765957447,0.5238189273452181,0.48245370674053845,0.6203377754228041,,,,1.1058958480726022,0.0007151209431807831,17.4966282495887,0.8
19,2015-11-02,medium_015,medium,False,True,False,,,,12.5,9.0,12.5,10.0,0.5555555555555556,0.48171993310471295,0.38043974709171346,0.718040367135045,0.9591836734693877,0.39404418575713696,0.00021666502275865463,0.39404428969770394,0.00021666502275865463,6.514160048178545,0.6
19,2015-11-02,medium_016,medium,True,True,True,,,,16.5,10.0,17.5,10.0,0.6363636363636364,0.5446620049727257,0.4808851746065337,0.693474609160507,0.30612244897959184,1.3074619456532,0.0006989768299516215,1.3074622866761403,0.0006989768299516215,20.63937469304977,0.85
19,2015-11-02,medium_017,medium,True,True,True,,,,11.0,10.0,12.0,10.0,0.5454545454545454,0.6405749124921037,0.5666855423053729,0.8129834429278089,0.1836734693877551,1.703528425527851,0.0008010242487950147,1.703528926646862,0.0008010242487950147,27.07739551859367,0.9
19,2015-11-02,medium_018,medium,True,True,False,,,,17.5,8.0,17.5,9.0,0.660377358490566,0.5934361829862621,0.522105946566195,0.7598734012997522,0.7959183673469388,0.7258762163953987,0.0004576155753997363,0.7258763770404931,0.0004576155753997363,11.558420664835657,0.75
19,2015-11-02,medium_019,medium,True,False,,,,,10.5,12.0,11.0,12.0,0.4782608695652174,0.5085376601691903,0.545279178814738,0.422807449996246,,,,1.5551306638487508,0.0007603355584131433,24.38228806376879,0.9
19,2015-11-02,medium_020,medium,False,True,False,,,,14.5,10.0,14.5,11.0,0.5686274509803921,0.46660512364143614,0.4660784989919589,0.46783391449021644,0.7551020408163265,0.8146646242578924,0.00045886626689292074,0.8146648247740993,0.00045886626689292074,12.781164376140907,0.8
19,2015-11-02,medium_021,medium,False,True,False,,,,15.5,9.0,15.5,10.0,0.6078431372549019,0.3965644445030937,0.33422984936784933,0.5420118331519973,0.9387755102040817,0.4375597236859036,0.0003456581911916575,0.437559802540757,0.0003456581911916575,7.212609931336412,0.75
19,2015-11-02,medium_022,medium,True,True,False,,,,18.0,8.0,18.0,9.0,0.6666666666666666,0.4965285627453079,0.47911530186237483,0.537159504805485,0.5510204081632653,1.0655884597374572,0.0005398511172583742,1.0655887472528063,0.0005398511172583742,16.42091182950711,0.85
19,2015-11-02,medium_023,medium,True,False,,,,,14.0,12.0,14.0,12.0,0.5384615384615384,0.5181647620976442,0.5315696064002655,0.48688679205819463,,,,1.6980610479817084,0.0009141115987909423,26.962318214736143,1.0
19,2015-11-02,medium_024,medium,True,True,True,,,,12.5,10.0,13.5,10.0,0.574468085106383,0.5789934671084419,0.5503274301715626,0.6458808866278272,0.16326530612244897,1.7050330954034991,0.0006804041941968898,1.705033687456749,0.0006804041941968898,27.07174851845226,0.95
19,2015-11-02,medium_025,medium,True,True,True,,,,14.0,11.0,15.0,11.0,0.5769230769230769,0.504589700873476,0.5015227719184854,0.5117458684351208,0.6938775510204082,0.8391434294832378,0.0005332021667189864,0.8391436139613575,0.0005332021667189864,13.339203549370534,0.8
19,2015-11-02,medium_026,medium,True,True,True,,,,15.5,9.0,16.5,9.0,0.6470588235294118,0.5209509376563901,0.4871313728388269,0.5998632555640376,0.5306122448979592,1.0836049801590562,0.0006158290235987187,1.083605244682909,0.0006158290235987187,17.23933429401512,0.9
19,2015-11-02,medium_027,medium,False,False,,failure,0.39000000000000007,-3.7906637633979727,10.5,11.0,10.5,11.0,0.4883720930232558,0.3764100368336047,0.38413094893882416,0.3583945752547595,,,,0.2540363521676598,0.000166143094443566,4.166986178946584,0.7
19,2015-11-02,medium_028,medium,True,True,True,,,,13.0,10.0,14.0,10.0,0.5833333333333334,0.5498439971280751,0.5880058612452327,0.4607996475213738,0.0,2.815317458893412,0.0010169804197046749,2.8153185466601314,0.0010169804197046749,45.08712275042006,1.0
19,2015-11-02,medium_029,medium,False,True,False,,,,15.0,11.0,15.0,12.0,0.5555555555555556,0.44494759559492947,0.38407003147622554,0.5869952452052387,0.7142857142857143,0.821978569168905,0.0005503795858897558,0.8219787374336247,0.0005503795858897558,12.827781582555211,0.8
19,2015-11-02,bad_000,bad,True,True,True,,,,9.5,13.0,10.5,13.0,0.44680851063829785,0.5052487229214859,0.49787328105986406,0.5224580872652702,0.5714285714285714,1.0058382680084743,0.0004020463624631504,1.0058386228502945,0.0004020463624631504,15.92779176273704,0.9
19,2015-11-02,bad_001,bad,False,False,,success,0.8200000000000002,0.9540296528009407,6.5,9.0,7.0,9.0,0.4375,0.45274498087070997,0.43880595239109144,0.48526938065648656,,,,0.5757220901853458,0.0003730669122613472,9.316504792793614,0.7
19,2015-11-02,bad_002,bad,True,False,,,,,5.5,9.0,5.5,9.0,0.3793103448275862,0.4911107932733956,0.4753754411510997,0.527826614892086,,,,1.0468807939023421,0.000525162900979122,16.763606092750244,0.85
19,2015-11-02,bad_003,bad,True,False,,,,,8.5,11.0,9.0,11.0,0.45,0.5653580257700712,0.5275907402855744,0.6534816919005637,,,,1.5169752507432042,0.0007412221182549466,24.492848706312408,0.95
19,2015-11-02,bad_004,bad,False,False,,failure,0.5100000000000001,-0.8329849818493216,7.0,9.0,7.0,9.0,0.4375,0.414803716813959,0.476674512464891,0.2704385269617845,,,,1.4405469089573932,0.0005840967082862283,22.869718869551097,0.95
19,2015-11-02,bad_005,bad,False,False,,failure,0.5100000000000001,-0.8898847124698932,4.5,10.0,4.5,10.0,0.3103448275862069,0.4119154231154947,0.443649927712478,0.3378682457225338,,,,0.9372638137187514,0.00042961981406265383,15.076510711025954,0.75
19,2015-11-02,bad_006,bad,True,False,,,,,8.5,12.0,9.0,12.0,0.42857142857142855,0.5305697290506248,0.5913845126533684,0.38866856731088967,,,,2.2271054503579393,0.0009762910736974167,35.245247688638784,0.95
19,2015-11-02,bad_007,bad,True,False,,,,,8.0,8.0,8.5,8.0,0.5151515151515151,0.5228752183598141,0.5116766048558806,0.5490053165356591,,,,1.751030949376478,0.0006365503346959756,27.03547296528467,0.95
19,2015-11-02,bad_008,bad,False,False,,failure,0.36000000000000004,-0.908766844318535,4.0,8.0,4.0,8.0,0.3333333333333333,0.365757460316147,0.41344629401425936,0.2544835150205516,,,,0.31702993397698714,0.00018673205915588714,5.154640769441369,0.7
19,2015-11-02,bad_009,bad,False,False,,failure,0.39000000000000007,-1.401917850353783,5.5,10.0,5.5,10.0,0.3548387096774194,0.3440809772221625,0.3741336205455785,0.2739581428008586,,,,0.5088545978597179,0.0003372134282763616,8.047897393012995,0.8
19,2015-11-02,bad_010,bad,False,False,,failure,0.39000000000000007,-1.3908365241752847,6.5,11.0,6.5,11.0,0.37142857142857144,0.3415859307368693,0.4166030501791048,0.16654598537165335,,,,0.665640572096888,0.0003933346653148463,10.659861220503783,0.8
19,2015-11-02,bad_011,bad,False,False,,failure,0.48000000000000004,-1.2411644906148496,3.5,9.0,3.5,9.0,0.28,0.26110823271247363,0.3033107211248026,0.16263575975037275,,,,0.284291349592157,0.00016693858536999398,4.5363900849637195,0.6
19,2015-11-02,bad_012,bad,False,False,,failure,0.5100000000000001,-2.837033271372704,7.5,10.0,7.5,10.0,0.42857142857142855,0.45432910240103874,0.43842576728289573,0.49143688434337257,,,,0.577233836769381,0.00031915657339782517,9.026379554818066,0.75
19,2015-11-02,bad_013,bad,True,True,True,,,,7.5,9.0,8.5,9.0,0.4857142857142857,0.5758774087242933,0.5844591533026888,0.5558533380413703,0.061224489795918366,2.0373977126973766,0.0009425631814541499,2.037398320151734,0.0009425631814541499,32.81461500448544,0.9
19,2015-11-02,bad_014,bad,False,False,,failure,0.39000000000000007,-4.7217576057913675,4.5,9.0,4.5,9.0,0.3333333333333333,0.4359958783444692,0.46637444583385224,0.36511255420257543,,,,0.27560791037942933,0.0002237647384722724,4.263875503092909,0.55
19,2015-11-02,bad_015,bad,False,False,,success,0.8200000000000002,0.9529680266388425,4.0,10.0,4.5,10.0,0.3103448275862069,0.3918116141992983,0.44616466328726445,0.26498783299404394,,,,0.8462458576987301,0.00047344481323040137,13.195002806189176,0.85
19,2015-11-02,bad_016,bad,False,False,,failure,0.5100000000000001,-4.443515175867745,6.0,11.0,6.0,11.0,0.35294117647058826,0.3477823822051951,0.27960242622370235,0.5068689461620116,,,,0.06365646846050971,3.2937248110611686e-05,0.9165193384290589,0.4
19,2015-11-02,bad_017,bad,False,False,,success,0.9400000000000001,3.2907505705677096,6.5,10.0,7.0,10.0,0.4117647058823529,0.3870322006665047,0.414871539979112,0.322073742270421,,,,0.5008986437618212,0.0003329035992755148,7.679660682281463,0.65
19,2015-11-02,bad_018,bad,False,False,,failure,0.5100000000000001,-3.0794667416508474,6.0,9.0,6.0,9.0,0.4,0.4228340943842621,0.45850382273791235,0.3396047282257449,,,,1.2093495191007264,0.0005236328357154302,19.29733336975323,0.9
19,2015-11-02,bad_019,bad,False,False,,failure,0.39000000000000007,-1.2178426686312918,9.0,10.0,9.0,10.0,0.47368421052631576,0.36749673136049815,0.3951092640763828,0.30306748835676744,,,,0.6136801267619054,0.0002800512283622846,9.55171720571997,0.65
19,2015-11-02,bad_020,bad,True,False,,,,,5.5,10.0,6.0,10.0,0.375,0.5517454024888772,0.5530121868260124,0.548789572368895,,,,1.6232791307972056,0.0008586415324609827,26.07665732688677,0.95
19,2015-11-02,bad_021,bad,False,False,,success,0.9400000000000001,0.874599571536109,7.0,10.0,7.5,10.0,0.42857142857142855,0.47272901387557753,0.5042339451512298,0.39921750756572244,,,,1.369076774278478,0.000703555103317315,21.556205004525967,0.85
19,2015-11-02,bad_022,bad,False,False,,success,0.8200000000000002,1.5049371795978885,6.0,8.0,6.5,8.0,0.4482758620689655,0.4349201504960537,0.44039699754133,0.4221408407237425,,,,0.8480605356808864,0.0005198632725158827,13.43099121689298,0.9
19,2015-11-02,bad_023,bad,False,True,False,,,,6.0,10.0,6.0,11.0,0.35294117647058826,0.3589937771007325,0.3456350612956828,0.3901641139791819,0.9183673469387755,0.49679886714202914,0.0003361886737922975,0.4967989708084373,0.0003361886737922975,7.867749404016705,0.6
19,2015-11-02,bad_024,bad,False,False,,failure,0.48000000000000004,-1.1228697568123778,6.5,11.0,6.5,11.0,0.37142857142857144,0.37563002041792076,0.359432457448339,0.4134243340136116,,,,0.813873566244957,0.00045479319076510634,12.931022459551452,0.85
19,2015-11-02,bad_025,bad,True,True,True,,,,4.5,10.0,5.5,10.0,0.3548387096774194,0.5070431826879251,0.542247360910068,0.4249001001695919,0.4489795918367347,1.1744622643213318,0.0007704062478708698,1.1744625142243221,0.0007704062478708698,18.56050114711023,0.85
19,2015-11-02,bad_026,bad,False,False,,success,0.9400000000000001,0.07020706308374258,4.0,10.0,4.5,10.0,0.3103448275862069,0.30592007399141774,0.35284510758706744,0.1964283289349017,,,,0.7288172678306944,0.000381201926622842,11.298666182253829,0.8
19,2015-11-02,bad_027,bad,False,False,,success,0.9700000000000001,8.722486369602223,5.0,9.0,5.5,9.0,0.3793103448275862,0.42782287353015036,0.42853240624735656,0.4261672971900026,,,,0.9268725204923575,0.000432288205427198,14.945944842745728,0.85
19,2015-11-02,bad_028,bad,False,False,,failure,0.39000000000000007,-0.7694554582935638,5.0,9.0,5.0,9.0,0.35714285714285715,0.42301113492168285,0.4300077476317076,0.40668570526495845,,,,0.5881289919161229,0.0003170057676239424,9.503874786398182,0.7
19,2015-11-02,bad_029,bad,False,False,,failure,0.39000000000000007,-2.6282979488234446,8.5,10.0,8.5,10.0,0.4594594594594595,0.40679697987649827,0.3220193336778846,0.6046114876732636,,,,0.5833528439858728,0.00034860221729238194,9.241877894786828,0.65
19,2015-11-02,bad_030,bad,False,False,,success,0.9400000000000001,3.3309465072280204,6.0,10.0,6.5,10.0,0.3939393939393939,0.42923298735692145,0.4403719926591604,0.40324197498503067,,,,0.9420237955471319,0.0006063042377643304,15.019439829243277,0.8
19,2015-11-02,bad_031,bad,False,False,,failure,0.39000000000000007,-0.17662774975626405,8.0,9.0,8.0,9.0,0.47058823529411764,0.490481167229634,0.5062372665144164,0.4537169355651419,,,,1.3763600130145075,0.0007750061730513343,21.76138915342208,0.95
19,2015-11-02,bad_032,bad,False,True,False,,,,6.5,9.0,6.5,10.0,0.3939393939393939,0.38385032404687247,0.39359904131684675,0.3611033170835992,0.8979591836734694,0.5494192902404728,0.0003259748313958142,0.5494194203589824,0.0003259748313958142,8.652521570051741,0.75
19,2015-11-02,bad_033,bad,False,False,,failure,0.39000000000000007,-2.2715699723605667,4.0,9.0,4.0,9.0,0.3076923076923077,0.34407305413487443,0.39059099356759075,0.23553119545853646,,,,0.4124423272426598,0.0002504212653071672,6.394344744493175,0.65
19,2015-11-02,bad_034,bad,False,False,,success,0.8200000000000002,0.7893152709949618,6.0,10.0,6.5,10.0,0.3939393939393939,0.41262242845022423,0.48225011057485234,0.25015783682609205,,,,0.8761041993542861,0.0005006937739527045,13.943452803987189,0.8
19,2015-11-02,bad_035,bad,False,False,,failure,0.39000000000000007,-2.2869203365120967,6.5,11.0,6.5,11.0,0.37142857142857144,0.35840757798671286,0.4207202107393243,0.21301143489728605,,,,0.3989508211657439,0.00020907415059585383,6.539554789697962,0.8
19,2015-11-02,bad_036,bad,False,False,,failure,0.39000000000000007,-1.1148438858205907,5.5,10.0,5.5,10.0,0.3548387096774194,0.4469075974950954,0.4188370545942699,0.5124055309303549,,,,0.8778008106507137,0.00034848849798496147,14.069007716411493,0.85
19,2015-11-02,bad_037,bad,False,False,,failure,0.5100000000000001,-0.635128978624067,3.0,10.0,3.0,10.0,0.23076923076923078,0.28804596542172195,0.3648262714857325,0.10889191793903069,,,,0.6951026376439536,0.0005539507597557629,10.980027969671134,0.85
19,2015-11-02,bad_038,bad,False,True,True,,,,7.0,10.0,8.0,10.0,0.4444444444444444,0.4737999909125469,0.44797528968985756,0.5340576270988221,0.5918367346938775,0.9643162408983084,0.000459334864514148,0.9643165204282894,0.000459334864514148,14.978621066671481,0.8
19,2015-11-02,bad_039,bad,False,False,,failure,0.5100000000000001,-0.958010393990449,6.5,10.0,6.5,10.0,0.3939393939393939,0.41905158824182354,0.4570957825429013,0.330281801539309,,,,1.1928025129850264,0.00043117269537986644,19.114557555218887,0.85
19,2015-11-02,bad_040,bad,False,True,False,,,,7.5,10.0,7.5,11.0,0.40540540540540543,0.45995841052269004,0.48851226882499343,0.39333274115064903,0.8571428571428571,0.64120234440461,0.0004455051571919372,0.6412024741969967,0.0004455051571919372,10.32595734155331,0.75
19,2015-11-02,bad_041,bad,True,False,,,,,6.5,9.0,6.5,9.0,0.41935483870967744,0.5444694761917762,0.5922694668088577,0.43293616475191943,,,,3.605532102460733,0.0009609927063162586,54.269577583709705,1.0
19,2015-11-02,bad_042,bad,False,False,,failure,0.39000000000000007,-2.0754032610684163,5.5,10.0,5.5,10.0,0.3548387096774194,0.47422391262724295,0.5111876362986187,0.3879752240606994,,,,1.795879810521235,0.000764128903014683,28.492282726019326,1.0
19,2015-11-02,bad_043,bad,False,False,,success,0.9700000000000001,10.309969656509082,6.5,9.0,7.0,9.0,0.4375,0.47133565398922617,0.49697631892057426,0.41150743581608057,,,,0.9630674419786106,0.0005751939652351672,15.323674426663924,0.95
19,2015-11-02,bad_044,bad,False,False,,failure,0.36000000000000004,-4.447476196626113,5.0,11.0,5.0,11.0,0.3125,0.41871441629191253,0.42215024243398375,0.41069748862707983,,,,0.5501582106254376,0.0003521850898110471,9.172468184365366,0.7
19,2015-11-02,bad_045,bad,False,False,,failure,0.39000000000000007,-2.510843460878405,7.0,10.0,7.0,10.0,0.4117647058823529,0.3875232529688307,0.41479700191884983,0.3238845054187862,,,,0.6243657165467402,0.0003039091804081564,9.979262556530221,0.7
19,2015-11-02,bad_046,bad,False,False,,success,0.7000000000000001,0.04742948670944713,5.0,10.0,5.5,10.0,0.3548387096774194,0.44642063244549945,0.5330613844314371,0.244258877811645,,,,1.1415056691045995,0.0006657660128221862,18.53576925790384,0.85
19,2015-11-02,bad_047,bad,False,False,,success,0.9400000000000001,0.14130064970666467,9.0,11.0,9.5,11.0,0.4634146341463415,0.3931396118635727,0.39745699570954346,0.3830657162229743,,,,0.6005180904329012,0.0004036076424593402,9.525382871267489,0.7
19,2015-11-02,bad_048,bad,False,False,,success,0.8200000000000002,2.507652168847855,4.0,9.0,4.5,9.0,0.3333333333333333,0.4494972511335535,0.5558146843216294,0.2014232403613764,,,,1.5989598398428049,0.0007536642222343239,25.15076100589888,0.9
19,2015-11-02,bad_049,bad,False,False,,failure,0.39000000000000007,-3.7415807876789984,8.0,10.0,8.0,10.0,0.4444444444444444,0.4324888517365638,0.37220578135973187,0.573149349282505,,,,0.32725016644368443,0.0001434545360751174,4.958262667536377,0.6
20,2015-12-01,good_000,good,True,True,True,,,,23.0,5.0,24.0,5.0,0.8275862068965517,0.6011470318837442,0.5007286714491517,0.8354565395644601,0.6326530612244898,0.9663906760729823,0.000546116647004872,0.9663909203756823,0.000546116647004872,15.349770372557053,0.85
20,2015-12-01,good_001,good,True,True,True,,,,19.5,8.0,20.5,8.0,0.7192982456140351,0.6416344190884752,0.5762953842210976,0.7940921671123564,0.40816326530612246,1.2961224305789598,0.0007533781632225153,1.2961227478658794,0.0007533781632225153,20.358973796007746,0.9
20,2015-12-01,good_002,good,True,False,,,,,20.5,7.0,21.0,7.0,0.75,0.6429236566286537,0.5812288440694,0.7868782192669123,,,,2.2370999169140116,0.0009045153716473258,35.14152509686047,0.95
20,2015-12-01,good_003,good,True,True,True,,,,24.0,4.0,25.0,4.0,0.8620689655172413,0.6073852307629766,0.5014451845075268,0.8545786720256926,0.20408163265306123,1.583321429223375,0.0008849164814141144,1.5833218312353967,0.0008849164814141144,24.649010988120352,0.95
20,2015-12-01,good_004,good,True,True,True,,,,21.0,7.0,22.0,7.0,0.7586206896551724,0.6142102548813833,0.5333730204145927,0.802830468637228,0.2857142857142857,1.3895018254205411,0.0007247418121776453,1.389502204108897,0.0007247418121776453,21.97362192409382,0.8
20,2015-12-01,good_005,good,True,True,True,,,,23.0,5.0,24.0,5.0,0.8275862068965517,0.6452771526770346,0.5139199345033495,0.9517773284156332,0.3469387755102041,1.3335812597906094,0.0008020697653730363,1.3335815744386648,0.0008020697653730363,21.03135419469287,0.85
20,2015-12-01,good_006,good,True,True,False,,,,23.0,5.0,23.0,6.0,0.7931034482758621,0.6254528140378881,0.5521832017505366,0.7964152427083753,0.7142857142857143,0.8790711995974932,0.0006939392108716402,0.8790713597692388,0.0006939392108716402,13.967188680313022,0.8
20,2015-12-01,good_007,good,True,True,True,,,,20.0,7.0,21.0,7.0,0.75,0.6351219830789427,0.6216015179379963,0.6666697350744846,0.0,4.082314360163309,0.0010937525396763428,4.082316523943736,0.0010937525396763428,65.63033304921052,1.0
20,2015-12-01,good_008,good,True,True,True,,,,18.0,10.0,19.0,10.0,0.6551724137931034,0.5618482666204105,0.565228868394429,0.5539601958143677,0.5714285714285714,1.0250721824141031,0.0006282992254216189,1.025072422821567,0.0006282992254216189,16.240773970638816,0.85
20,2015-12-01,good_009,good,True,True,True,,,,22.0,5.0,23.0,5.0,0.8214285714285714,0.6679341200790274,0.5756780736846904,0.8831982283324807,0.10204081632653061,2.0945671489698023,0.0007650184621123057,2.094567964980195,0.0007650184621123057,33.252951445006055,1.0
20,2015-12-01,good_010,good,True,True,True,,,,26.0,2.0,27.0,2.0,0.9310344827586207,0.7238875359813866,0.6133903528733011,0.9817142965669192,0.04081632653061224,2.382445986168183,0.0009128624448126972,2.3824468719449774,0.0009128624448126972,37.68388066140497,1.0
20,2015-12-01,good_011,good,True,True,True,,,,21.0,7.0,22.0,7.0,0.7586206896551724,0.6183291092638006,0.5365104694605738,0.809239268804663,0.12244897959183673,1.9845876807259037,0.000745138487373404,1.984588430546207,0.000745138487373404,31.770570197074264,1.0
20,2015-12-01,good_012,good,True,True,False,,,,22.0,6.0,22.0,7.0,0.7586206896551724,0.5567690903328728,0.4688277323077211,0.7619655923915599,0.673469387755102,0.9200724835969276,0.0006217362636528375,0.9200726785436941,0.0006217362636528375,14.540842804696918,0.8
20,2015-12-01,good_013,good,True,True,True,,,,17.0,10.0,18.0,10.0,0.6428571428571429,0.5652401236136457,0.4864173544639022,0.7491599182963807,0.2653061224489796,1.4100740095946789,0.0008591015792999569,1.4100743381762098,0.0008591015792999569,22.188784710659277,0.9
20,2015-12-01,good_014,good,True,True,False,,,,20.0,7.0,20.0,8.0,0.7142857142857143,0.5600620580779498,0.47059454822743274,0.76881958106249,0.6122448979591837,0.9822718656220405,0.0005978667181755698,0.982272094747273,0.0005978667181755698,15.635554212671975,0.75
20,2015-12-01,good_015,good,True,True,True,,,,20.0,8.0,21.0,8.0,0.7241379310344828,0.6173815305123393,0.5266893033299127,0.8289967272713352,0.24489795918367346,1.4922259794520143,0.000743002946042378,1.492226404601412,0.000743002946042378,23.828420287321542,0.95
20,2015-12-01,good_016,good,True,True,True,,,,23.0,5.0,24.0,5.0,0.8275862068965517,0.6338611692000152,0.5382578196186576,0.8569356515565165,0.46938775510204084,1.1883968846032833,0.0007290282386565243,1.1883971586022368,0.0007290282386565243,18.953269334453136,0.9
20,2015-12-01,good_017,good,True,True,True,,,,22.0,6.0,23.0,6.0,0.7931034482758621,0.5929087341341115,0.5473894908045129,0.6991203019031748,0.42857142857142855,1.2946562970755213,0.000683394152135859,1.2946566502719332,0.000683394152135859,20.58050795526145,0.9
20,2015-12-01,good_018,good,True,True,False,,,,22.0,6.0,22.0,7.0,0.7586206896551724,0.557583789939819,0.49803927774823364,0.6965209850535183,0.7346938775510204,0.8140862843424509,0.0005795341874756979,0.8140864453477948,0.0005795341874756979,12.82142175242326,0.85
20,2015-12-01,good_019,good,True,True,True,,,,22.0,6.0,23.0,6.0,0.7931034482758621,0.641922648654865,0.551944270268935,0.8518721982220354,0.22448979591836735,1.5802507068109959,0.0009007283207047955,1.5802511002682602,0.0009007283207047955,24.909925697898135,0.9
20,2015-12-01,medium_000,medium,True,True,True,,,,11.0,12.0,12.0,12.0,0.5,0.5864513114844262,0.5994809144557757,0.5560489045512776,0.061224489795918366,2.3104121894130887,0.0009752673823842362,2.310412970507265,0.0009752673823842362,36.41803893829008,1.0
20,2015-12-01,medium_001,medium,True,True,False,,,,19.0,8.0,19.0,9.0,0.6785714285714286,0.5350021690109243,0.42564598672038867,0.7901665943555078,0.7959183673469388,0.6757239328257539,0.00042764081717265806,0.6757240846057596,0.00042764081717265806,10.72607602764502,0.75
20,2015-12-01,medium_002,medium,True,True,True,,,,14.0,10.0,15.0,10.0,0.6,0.546060693726876,0.5085904853819817,0.6334911798649627,0.6530612244897959,0.9440459564723173,0.0005067985300148651,0.944046204861455,0.0005067985300148651,14.99901411751529,0.75
20,2015-12-01,medium_003,medium,False,False,,failure,0.39000000000000007,-0.4239893259625802,15.5,12.0,15.5,12.0,0.5636363636363636,0.4483956490314349,0.43239815995752495,0.48572312353722497,,,,0.8242648399476155,0.0005588570148003485,13.099472695392713,0.7
20,2015-12-01,medium_004,medium,True,False,,,,,15.5,10.0,15.5,10.0,0.6078431372549019,0.5362901534078075,0.4967541057833784,0.628540931198142,,,,1.0847810535479372,0.0005865178324393901,17.322187821537824,0.85
20,2015-12-01,medium_005,medium,True,True,True,,,,13.5,10.0,14.5,10.0,0.5918367346938775,0.5851192812290662,0.5240504782268909,0.7276131549008087,0.32653061224489793,1.3603247780253651,0.0006848834296191827,1.3603251629910638,0.0006848834296191827,21.629819452802714,0.9
20,2015-12-01,medium_006,medium,False,True,False,,,,14.0,11.0,14.0,12.0,0.5384615384615384,0.47515938726532425,0.4649632420952753,0.4989503926621052,0.5510204081632653,1.040248943315855,0.0006425419898661957,1.0402491811891645,0.0006425419898661957,16.371216852892793,0.85
20,2015-12-01,medium_007,medium,False,True,False,,,,11.0,10.0,11.0,11.0,0.5,0.4611877873824476,0.38493144736587126,0.6391192474211259,0.9795918367346939,0.35419329853107495,0.0002356254386157766,0.3541933746445844,0.0002356254386157766,5.659616164760059,0.65
20,2015-12-01,medium_008,medium,False,True,False,,,,15.0,11.0,15.0,12.0,0.5555555555555556,0.43222838435538147,0.40067125444671914,0.5058616874755938,0.7755102040816326,0.6988205104895381,0.0004906077551706181,0.698820651642721,0.0004906077551706181,11.062317702603206,0.7
20,2015-12-01,medium_009,medium,True,True,False,,,,17.0,10.0,17.0,11.0,0.6071428571428571,0.5568847846050431,0.5250814713478631,0.631092515538463,0.7551020408163265,0.7693981268429417,0.0005208685661651274,0.7693982903657481,0.0005208685661651274,12.1449353220454,0.7
20,2015-12-01,medium_010,medium,True,True,False,,,,13.5,11.0,13.5,12.0,0.5294117647058824,0.5618165947645751,0.5107648051468026,0.6809374372060445,0.5102040816326531,1.1411139023838068,0.0006807033365117671,1.1411141767003126,0.0006807033365117671,18.136143881215457,0.85
20,2015-12-01,medium_011,medium,True,False,,,,,12.0,12.0,12.0,12.0,0.5,0.538665859373818,0.545948151727887,0.5216738438809901,,,,1.2876865416368197,0.0006977408336812411,20.285701414005395,0.9
20,2015-12-01,medium_012,medium,True,True,True,,,,16.5,10.0,17.5,10.0,0.6363636363636364,0.59880570417279,0.5643365688299931,0.6792336866393163,0.08163265306122448,2.1025770313960264,0.0008418253219911343,2.102577774610242,0.0008418253219911343,33.76857220574757,1.0
20,2015-12-01,medium_013,medium,False,True,False,,,,9.5,10.0,9.5,11.0,0.4634146341463415,0.45470608433749526,0.3924847814035286,0.599889124516751,0.8775510204081632,0.563089636499046,0.0003471523867042939,0.5630897668303794,0.0003471523867042939,9.026610952217236,0.75
20,2015-12-01,medium_014,medium,True,True,True,,,,14.5,9.0,15.5,9.0,0.6326530612244898,0.5731106745000388,0.5616060633118631,0.5999547672724488,0.1836734693877551,1.5945736857370163,0.0009611721494276373,1.594574064278817,0.0009611721494276373,25.149356250537302,0.95
20,2015-12-01,medium_015,medium,False,False,,failure,0.5100000000000001,-1.5000234233384049,12.5,10.0,12.5,10.0,0.5555555555555556,0.45370870162229426,0.43714026067207723,0.49236839717280073,,,,0.9127228965151033,0.0003562482822131635,14.549866071123105,0.8
20,2015-12-01,medium_016,medium,False,True,False,,,,17.5,10.0,17.5,11.0,0.6140350877192983,0.4270379175373542,0.388384977741266,0.5172281103948932,1.0,0.30344560277876115,0.00010977475993775786,0.30344572404365355,0.00010977475993775786,4.885675656730521,0.55
20,2015-12-01,medium_017,medium,True,True,False,,,,12.0,10.0,12.0,11.0,0.5217391304347826,0.4884641138028686,0.41276325241781187,0.6650994570346678,0.8571428571428571,0.5847799757090898,0.00025894355891343136,0.5847801640966965,0.00025894355891343136,9.27638128510946,0.65
20,2015-12-01,medium_018,medium,True,True,True,,,,17.5,9.0,18.5,9.0,0.6727272727272727,0.5382725743515269,0.5388519453657552,0.5369207086516609,0.14285714285714285,1.8463656280252525,0.0008366362067997252,1.8463662062539863,0.0008366362067997252,29.41115374102125,0.95
20,2015-12-01,medium_019,medium,True,True,True,,,,11.0,12.0,12.0,12.0,0.5,0.48942159505176663,0.6003623764445042,0.2305597718020457,0.02040816326530612,2.8641300713748246,0.0009521617373714113,2.8641312961612777,0.0009521617373714113,45.234023721460474,1.0
20,2015-12-01,medium_020,medium,True,False,,,,,14.5,11.0,14.5,11.0,0.5686274509803921,0.48659167131176195,0.3712448535079924,0.7557342461872242,,,,0.6187842896519049,0.00036759224811827487,9.781693722757465,0.85
20,2015-12-01,medium_021,medium,True,False,,,,,15.5,10.0,15.5,10.0,0.6078431372549019,0.5324094070637623,0.44900830718022977,0.7270119734586715,,,,0.7470541716698734,0.0004693631913961798,11.797890459317161,0.85
20,2015-12-01,medium_022,medium,True,True,True,,,,18.0,9.0,19.0,9.0,0.6785714285714286,0.6259627733035524,0.5272955937069007,0.8561861923624065,0.4897959183673469,1.1664040681051586,0.0005953410966847745,1.1664043963779671,0.0005953410966847745,18.822262156163653,0.9
20,2015-12-01,medium_023,medium,False,True,False,,,,14.0,12.0,14.0,13.0,0.5185185185185185,0.4809950874146131,0.4605065919348662,0.528801576867356,0.8163265306122449,0.670866894010497,0.00037451339295273435,0.6708670677560432,0.00037451339295273435,10.7463059724107,0.7
20,2015-12-01,medium_024,medium,True,True,True,,,,13.5,10.0,14.5,10.0,0.5918367346938775,0.5279506016026405,0.557032584358656,0.46009264183860443,0.5918367346938775,1.0172899452695432,0.0006359212015563874,1.017290176294387,0.0006359212015563874,15.93480892667895,0.85
20,2015-12-01,medium_025,medium,False,True,False,,,,15.0,11.0,15.0,12.0,0.5555555555555556,0.43909976351874325,0.42202366074916453,0.4789440033144269,0.3673469387755102,1.3241949490186915,0.0007074246671647605,1.3241952991509804,0.0007074246671647605,20.757475565767024,0.85
20,2015-12-01,medium_026,medium,False,True,True,,,,16.5,9.0,17.5,9.0,0.660377358490566,0.48352561451547116,0.4859700917776234,0.477821834237116,0.30612244897959184,1.365933603164218,0.0006769024417848687,1.3659339942470263,0.0006769024417848687,21.59097723323003,0.9
20,2015-12-01,medium_027,medium,True,False,,,,,10.5,11.0,10.5,11.0,0.4883720930232558,0.5034589933254227,0.5161324839993189,0.47388751508633165,,,,1.309589093220612,0.0006371280930141874,20.627603133806392,0.85
20,2015-12-01,medium_028,medium,False,True,False,,,,14.0,10.0,14.0,11.0,0.56,0.4125426544306535,0.3597617085406881,0.5356981948405729,0.9387755102040817,0.46354540137401806,0.0003230334566444136,0.46354549227875064,0.0003230334566444136,7.079554238682167,0.65
20,2015-12-01,medium_029,medium,False,False,,success,0.8500000000000002,2.0450764908039787,15.0,12.0,15.5,12.0,0.5636363636363636,0.46823428089410624,0.45585962762494303,0.4971084718554871,,,,1.2247268170651275,0.0007464405364281921,19.333909408599048,0.85
20,2015-12-01,bad_000,bad,False,True,True,,,,10.5,13.0,11.5,13.0,0.46938775510204084,0.47899515353724464,0.4677978886135944,0.505122105025762,0.5306122448979592,1.1002570963559095,0.0005173893781070718,1.100257426569496,0.0005173893781070718,17.516319077952804,0.95
20,2015-12-01,bad_001,bad,False,False,,success,0.9400000000000001,5.31954999835078,7.0,9.0,7.5,9.0,0.45454545454545453,0.3449864064859385,0.46375311890044446,0.06786407751875803,,,,1.24721247366295,0.0007130269121207623,19.743532709242036,0.9
20,2015-12-01,bad_002,bad,False,True,False,,,,5.5,9.0,5.5,10.0,0.3548387096774194,0.39662689541644097,0.4179169985417791,0.34694998812398536,0.9591836734693877,0.42587698710928845,0.0002475369268221925,0.4258770907986061,0.0002475369268221925,6.697972213561336,0.65
20,2015-12-01,bad_003,bad,False,True,False,,,,9.0,11.0,9.0,12.0,0.42857142857142855,0.4757900889951909,0.4683710115902407,0.49310126960674144,0.8979591836734694,0.5454795549650401,0.0003256615048900072,0.5454796837295047,0.0003256615048900072,8.546882647141025,0.75
20,2015-12-01,bad_004,bad,False,False,,success,0.8200000000000002,2.6574981750347746,7.0,9.0,7.5,9.0,0.45454545454545453,0.45894235273736994,0.43767371764272867,0.5085691679581997,,,,0.86846683385683,0.00044676240246077994,13.922964881363935,0.8
20,2015-12-01,bad_005,bad,False,False,,failure,0.39000000000000007,-5.211742131828117,4.5,10.0,4.5,10.0,0.3103448275862069,0.37814408157022805,0.46151117540578124,0.18362086262060404,,,,0.8325346822666526,0.0004189497992651092,13.385820142712928,0.85
20,2015-12-01,bad_006,bad,True,True,True,,,,9.0,12.0,10.0,12.0,0.45454545454545453,0.5367715510089169,0.5409911003267706,0.5269259359339252,0.3877551020408163,1.3240558860314997,0.0007058953290233651,1.324056241215175,0.0007058953290233651,21.194334697743507,0.85
20,2015-12-01,bad_007,bad,False,True,False,,,,8.5,8.0,8.5,9.0,0.4857142857142857,0.39930625793414265,0.3689913079309314,0.4700411412749691,0.9183673469387755,0.5280197865620054,0.00027000412470598833,0.5280199309141498,0.00027000412470598833,8.22667933807287,0.75
20,2015-12-01,bad_008,bad,False,False,,success,0.91,1.4963963353353478,4.0,8.0,4.5,8.0,0.36,0.3180727356496328,0.3440762028161473,0.25739797892776556,,,,0.7615266950303777,0.0003699411915964789,12.051616188157885,0.75
20,2015-12-01,bad_009,bad,False,False,,success,0.9400000000000001,0.7561154439903959,5.5,10.0,6.0,10.0,0.375,0.4765610391139538,0.5209328356756838,0.37302684713658385,,,,1.3768339487008778,0.0007158605855520895,21.83164618013922,0.95
20,2015-12-01,bad_010,bad,True,False,,,,,6.5,11.0,6.5,11.0,0.37142857142857144,0.4904781716124742,0.5056334726787866,0.45511580245774547,,,,0.9772806430543926,0.0006301860718467634,15.647138404069667,0.85
20,2015-12-01,bad_011,bad,False,False,,success,0.91,4.883515123078709,3.5,9.0,4.0,9.0,0.3076923076923077,0.39885858307106226,0.42107467369400164,0.34702103828420383,,,,0.6119628557858778,0.00034380155844161394,9.75011755461235,0.7
20,2015-12-01,bad_012,bad,False,False,,failure,0.48000000000000004,-1.5023215486016994,7.5,10.0,7.5,10.0,0.42857142857142855,0.47163741715654084,0.4239508987181304,0.5829059601794986,,,,0.5685657747009317,0.0003812074417983202,8.857328556624626,0.7
20,2015-12-01,bad_013,bad,True,True,False,,,,8.5,9.0,8.5,10.0,0.4594594594594595,0.5133758085792355,0.499255624629635,0.5463229044616367,0.8367346938775511,0.6373566166863285,0.0004268469045236638,0.6373567540855816,0.0004268469045236638,10.06750727114212,0.75
20,2015-12-01,bad_014,bad,False,False,,failure,0.5100000000000001,-2.34584995107042,4.5,9.0,4.5,9.0,0.3333333333333333,0.43034880016838006,0.48609671983485625,0.30027032094660233,,,,0.9077087784611595,0.0005590326320654424,14.459889819040116,0.8
20,2015-12-01,bad_015,bad,False,False,,success,0.8200000000000002,1.4708804394160353,4.5,10.0,5.0,10.0,0.3333333333333333,0.4785421447771587,0.5373393060524569,0.3413487684681295,,,,1.4284640029408204,0.0006034146605064243,22.468441731394105,0.95
20,2015-12-01,bad_016,bad,False,False,,failure,0.36000000000000004,-4.889798511834272,6.0,11.0,6.0,11.0,0.35294117647058826,0.31476173495807463,0.32445037790690623,0.29215490141080097,,,,0.2727511147820243,0.0001719120980322314,4.0712766093380335,0.5
20,2015-12-01,bad_017,bad,False,False,,failure,0.5100000000000001,-3.1135330733298616,7.0,10.0,7.0,10.0,0.4117647058823529,0.3835555122896557,0.43330438925018117,0.267474799381763,,,,0.36400127397127063,0.00023991755545369636,5.766023308197755,0.7
20,2015-12-01,bad_018,bad,False,False,,success,0.8200000000000002,0.3912865991445642,6.0,9.0,6.5,9.0,0.41935483870967744,0.4541897330718576,0.4088045785902922,0.5600884268621771,,,,0.5774699567128465,0.0002953803424602288,9.230603523669869,0.7
20,2015-12-01,bad_019,bad,True,False,,,,,9.0,10.0,9.5,10.0,0.48717948717948717,0.4916572012326208,0.4655938326301686,0.5524717279716761,,,,0.9671210790779893,0.0004823239477611982,15.477372356584672,0.8
20,2015-12-01,bad_020,bad,False,True,True,,,,6.0,10.0,7.0,10.0,0.4117647058823529,0.46959149668978695,0.5039485819594357,0.3894249643939401,0.6938775510204082,0.8844321732553873,0.000556715307366733,0.8844323745071256,0.000556715307366733,14.211173531404365,0.75
20,2015-12-01,bad_021,bad,False,False,,failure,0.39000000000000007,-6.758081496642191,7.5,10.0,7.5,10.0,0.42857142857142855,0.3588982136700345,0.46423454944940834,0.11311343018482899,,,,0.3880089642036873,0.0002150967034730799,6.118474547725032,0.6
20,2015-12-01,bad_022,bad,True,False,,,,,6.5,8.0,6.5,8.0,0.4482758620689655,0.5402834961854202,0.5414798827145366,0.5374919276174818,,,,1.4370795934168337,0.0008152695348476558,22.542075609385474,0.95
20,2015-12-01,bad_023,bad,False,False,,success,0.8200000000000002,3.642747494533708,6.0,11.0,6.5,11.0,0.37142857142857144,0.37128482023948495,0.35180008470255353,0.4167492031589918,,,,0.5492699950587169,0.0003724584331045366,8.612175736948231,0.8
20,2015-12-01,bad_024,bad,True,False,,,,,6.5,11.0,7.0,11.0,0.3888888888888889,0.5406547279285847,0.5104302505377429,0.6111785085072156,,,,1.1131884385446222,0.000578334944689065,17.351766272763662,0.8
20,2015-12-01,bad_025,bad,True,True,True,,,,5.5,10.0,6.5,10.0,0.3939393939393939,0.4948443876192856,0.5076378246791488,0.4649930344796052,0.4489795918367347,1.2449777227877434,0.0005693630789740812,1.244978108125137,0.0005693630789740812,19.77483445209556,0.95
20,2015-12-01,bad_026,bad,False,False,,success,0.8200000000000002,3.9907984954300417,4.5,10.0,5.0,10.0,0.3333333333333333,0.4250324226157871,0.5307011262512784,0.178472114132974,,,,1.6643824883732636,0.0006691254254896861,26.17560532786958,0.95
20,2015-12-01,bad_027,bad,True,False,,,,,5.5,9.0,5.5,9.0,0.3793103448275862,0.5212765782136477,0.556051778876885,0.4401344433327609,,,,1.893621756820003,0.000763146806357734,30.134648364458258,0.95
20,2015-12-01,bad_028,bad,False,False,,success,0.8200000000000002,2.1890600314098663,5.0,9.0,5.5,9.0,0.3793103448275862,0.42245134181355304,0.4461930631238503,0.36705399208952605,,,,0.7631357841392113,0.0005150577871178883,11.945800409963828,0.8
20,2015-12-01,bad_029,bad,False,False,,failure,0.5100000000000001,-4.310651101437443,8.5,10.0,8.5,10.0,0.4594594594594595,0.34777817280272016,0.3828828521454717,0.26586725433630004,,,,0.8669024086952947,0.0005759363197531287,13.645333659000753,0.7
20,2015-12-01,bad_030,bad,False,False,,success,0.8200000000000002,2.706391109525356,6.5,10.0,7.0,10.0,0.4117647058823529,0.3375544232067287,0.351702398208125,0.304542481536804,,,,0.21297660379306121,0.00013996368031481962,3.3729013294544714,0.6
20,2015-12-01,bad_031,bad,False,False,,success,0.9700000000000001,3.269332734485019,8.0,9.0,8.5,9.0,0.4857142857142857,0.4778711617657921,0.5611975095528062,0.28344301692942586,,,,1.3556694000237084,0.0007672390932181195,21.491431196918235,0.8
20,2015-12-01,bad_032,bad,False,False,,failure,0.39000000000000007,-2.5931119363253714,6.5,10.0,6.5,10.0,0.3939393939393939,0.4693031516425048,0.45439253382703115,0.5040945932119434,,,,0.4778857465833544,0.00031585122452211365,7.735880693683852,0.65
20,2015-12-01,bad_033,bad,False,False,,success,0.8200000000000002,5.759484361887942,4.0,9.0,4.5,9.0,0.3333333333333333,0.45962290238568393,0.5504933761802525,0.24759179686502406,,,,2.4404061611452588,0.000896637456588787,38.79410262952516,1.0
20,2015-12-01,bad_034,bad,False,False,,failure,0.39000000000000007,-6.383182011820736,6.5,10.0,6.5,10.0,0.3939393939393939,0.41085359902918583,0.3567051704350874,0.5371999324154155,,,,0.3886492029656991,0.00028087788693592614,6.144390631949606,0.55
20,2015-12-01,bad_035,bad,False,False,,success,0.91,0.9655719759024066,6.5,11.0,7.0,11.0,0.3888888888888889,0.4738759808419307,0.46895890927744965,0.48534914782572,,,,0.5479342283858525,0.0003384379661163322,8.733277713219419,0.65
20,2015-12-01,bad_036,bad,True,False,,,,,5.5,10.0,6.0,10.0,0.375,0.502591879685061,0.5222974882879661,0.4566121262782827,,,,1.3127841598319165,0.0005974450203134601,20.84988332644342,0.95
20,2015-12-01,bad_037,bad,False,False,,success,0.8200000000000002,1.8812106786822795,3.0,10.0,3.5,10.0,0.25925925925925924,0.44523607317161285,0.5305033768956916,0.2462790311487624,,,,1.0971000173769154,0.0006462450812794835,17.49198259372848,0.85
20,2015-12-01,bad_038,bad,True,False,,,,,8.0,10.0,8.5,10.0,0.4594594594594595,0.5096057319532988,0.4826242815556644,0.5725624495477794,,,,0.9340693271819751,0.0005878805280429792,14.959857765918741,0.85
20,2015-12-01,bad_039,bad,False,False,,success,0.8200000000000002,2.711779274419385,6.5,10.0,7.0,10.0,0.4117647058823529,0.4470734188818282,0.49340371930833254,0.33896938455331815,,,,0.9231989522238894,0.0005553065716442259,14.647177086995434,0.8
20,2015-12-01,bad_040,bad,False,False,,failure,0.39000000000000007,-1.9894945373384871,7.5,11.0,7.5,11.0,0.40540540540540543,0.4330134002970669,0.4229707966222399,0.4564461422049968,,,,0.7256140317411386,0.0004629657280152023,11.479971034702478,0.85
20,2015-12-01,bad_041,bad,True,True,True,,,,6.5,9.0,7.5,9.0,0.45454545454545453,0.4926065204653495,0.5679363105530999,0.3168370102605984,0.16326530612244897,1.7064920251598135,0.0008594467175569375,1.7064925058091622,0.0008594467175569375,27.114119326569018,0.9
20,2015-12-01,bad_042,bad,False,False,,failure,0.39000000000000007,-2.0053898931073633,5.5,10.0,5.5,10.0,0.3548387096774194,0.3615570020650182,0.3619208109245783,0.36070811472604447,,,,0.21212667706636912,0.00012664407189961043,3.417570624564797,0.55
20,2015-12-01,bad_043,bad,False,False,,success,0.9400000000000001,3.2978172073469665,7.0,9.0,7.5,9.0,0.45454545454545453,0.42036452623019593,0.46341163160645993,0.31992128035224665,,,,1.1779462891354537,0.0007010314052604587,18.80561950974011,0.85
20,2015-12-01,bad_044,bad,False,False,,failure,0.36000000000000004,-2.1074953700517085,5.0,11.0,5.0,11.0,0.3125,0.29667297931002673,0.3602635150795397,0.14829506251449656,,,,0.16605611474109105,0.00012468121288943643,2.69385284443029,0.6
20,2015-12-01,bad_045,bad,False,False,,success,0.8200000000000002,1.0351451671617298,7.0,10.0,7.5,10.0,0.42857142857142855,0.2934682269028572,0.34280381690357853,0.17835185023450742,,,,0.5098910519316864,0.00032988041539491346,7.92665284410318,0.7
20,2015-12-01,bad_046,bad,False,False,,success,0.8500000000000002,0.0621823393944112,5.5,10.0,6.0,10.0,0.375,0.43880759018070986,0.560767696147438,0.15423400959167763,,,,1.918320113254516,0.000881237347174374,30.712596444691286,0.95
20,2015-12-01,bad_047,bad,True,False,,,,,9.5,11.0,10.0,11.0,0.47619047619047616,0.5022932459869862,0.43363633713824923,0.6624926999673725,,,,0.8590301052431338,0.0004749110949415182,13.531082567685948,0.75
20,2015-12-01,bad_048,bad,False,False,,success,0.8500000000000002,1.3639602047527575,4.5,9.0,5.0,9.0,0.35714285714285715,0.47762647262800545,0.535106729828198,0.34350587249422304,,,,1.2406234680018662,0.0007996160749873754,19.550465070382316,0.9
20,2015-12-01,bad_049,bad,False,False,,failure,0.48000000000000004,-2.260124284549491,8.0,10.0,8.0,10.0,0.4444444444444444,0.32180078226523434,0.23421599366596563,0.5261652889968613,,,,0.006669801038680476,2.855819269315758e-06,0.09448109012801542,0.5
21,2015-12-30,good_000,good,True,True,False,,,,24.0,5.0,24.0,6.0,0.8,0.5585701847828508,0.4394246816788553,0.8365763586921737,0.8571428571428571,0.6224822815007912,0.00032630865721310206,0.6224824490445282,0.00032630865721310206,9.906045446860212,0.6
21,2015-12-30,good_001,good,True,True,True,,,,20.5,8.0,21.5,8.0,0.7288135593220338,0.6577551927800089,0.5764219116002698,0.8475328488660672,0.32653061224489793,1.444549729016398,0.0008293516541464753,1.4445500806981113,0.0008293516541464753,23.01038087911997,0.95
21,2015-12-30,good_002,good,True,True,False,,,,21.0,7.0,21.0,8.0,0.7241379310344828,0.5164894708556171,0.45245264609610647,0.6659087286278089,0.6938775510204082,0.841591704638357,0.0004569694429613014,0.8415919231199275,0.0004569694429613014,13.410941506293677,0.85
21,2015-12-30,good_003,good,True,True,False,,,,25.0,4.0,25.0,5.0,0.8333333333333334,0.6222162745209574,0.5089363713940698,0.8865360484836955,0.8163265306122449,0.6908554536446556,0.00043340615789335497,0.6908556077493653,0.00043340615789335497,10.929393655334017,0.7
21,2015-12-30,good_004,good,True,True,True,,,,22.0,7.0,23.0,7.0,0.7666666666666667,0.6381776961782338,0.5790640878964288,0.776109448835779,0.3877551020408163,1.1843317672617262,0.0008067414159424193,1.184332010692607,0.0008067414159424193,18.601128808882695,0.85
21,2015-12-30,good_005,good,True,True,False,,,,24.0,5.0,24.0,6.0,0.8,0.520099331928557,0.3853091226583155,0.8346098202257868,0.8367346938775511,0.6331286182319872,0.00048061530320618986,0.6331287333610394,0.00048061530320618986,9.990501792926494,0.75
21,2015-12-30,good_006,good,True,True,False,,,,23.0,6.0,23.0,7.0,0.7666666666666667,0.572560151965557,0.4962234507362936,0.7506791215005049,0.5102040816326531,1.0401878677338148,0.0006816440170998813,1.0401880889449029,0.0006816440170998813,16.703052928680247,0.9
21,2015-12-30,good_007,good,True,True,True,,,,21.0,7.0,22.0,7.0,0.7586206896551724,0.5673057647182446,0.46758958397801054,0.7999768531121242,0.40816326530612246,1.1509862497190169,0.0005251259388357128,1.1509866032441491,0.0005251259388357128,18.13872304228069,0.95
21,2015-12-30,good_008,good,True,True,True,,,,19.0,10.0,20.0,10.0,0.6666666666666666,0.541909914766146,0.5124105244302051,0.6107418255500083,0.30612244897959184,1.472490631202874,0.000586633723348778,1.4724911488286039,0.000586633723348778,23.436803998197835,0.9
21,2015-12-30,good_009,good,True,True,True,,,,23.0,5.0,24.0,5.0,0.8275862068965517,0.6885211563186736,0.6184208157718348,0.852088617594631,0.14285714285714285,1.8612632820576207,0.0009536346398758774,1.8612637890161332,0.0009536346398758774,29.533775343654394,0.85
21,2015-12-30,good_010,good,True,True,True,,,,27.0,2.0,28.0,2.0,0.9333333333333333,0.606641189073613,0.48831367597161257,0.8827387196449475,0.6122448979591837,0.9023864728241244,0.0004156618105534501,0.9023867475240164,0.0004156618105534501,14.242402453922157,0.85
21,2015-12-30,good_011,good,True,True,True,,,,22.0,7.0,23.0,7.0,0.7666666666666667,0.5736855510370942,0.5609017576085746,0.6035144023703064,0.5510204081632653,0.9879881701249713,0.0007037753558506062,0.9879883665270811,0.0007037753558506062,15.966194129569715,0.85
21,2015-12-30,good_012,good,True,True,True,,,,22.0,7.0,23.0,7.0,0.7666666666666667,0.6047619402281892,0.5424572754071002,0.7501394914773972,0.1836734693877551,1.7931563699675552,0.000946024389136208,1.7931568450165054,0.000946024389136208,28.44512562111288,1.0
21,2015-12-30,good_013,good,True,True,True,,,,18.0,10.0,19.0,10.0,0.6551724137931034,0.6101433681924728,0.5690644629494157,0.7059941470929396,0.3469387755102041,1.2891827156430398,0.0008187353676877131,1.2891830013001946,0.0008187353676877131,20.52319053252518,0.9
21,2015-12-30,good_014,good,True,True,True,,,,20.0,8.0,21.0,8.0,0.7241379310344828,0.6928815210117716,0.635242990319376,0.8273714259606948,0.0,4.94592368487343,0.0011296693343537346,4.945926718137188,0.0011296693343537346,77.47523366651718,1.0
21,2015-12-30,good_015,good,False,True,False,,,,21.0,8.0,21.0,9.0,0.7,0.4795294223337734,0.42507631055717726,0.6065866831458312,0.4489795918367347,1.124995195754563,0.0008105726909897113,1.1249954119413805,0.0008105726909897113,17.816286650761707,0.9
21,2015-12-30,good_016,good,True,True,True,,,,24.0,5.0,25.0,5.0,0.8333333333333334,0.6949657177173447,0.6142249816581575,0.883360768522115,0.02040816326530612,3.2154684765359636,0.0010423173436195738,3.2154698612739896,0.0010423173436195738,51.143187478824906,1.0
21,2015-12-30,good_017,good,True,True,True,,,,23.0,6.0,24.0,6.0,0.8,0.6382388624321746,0.5756872240351638,0.7841926853585334,0.20408163265306123,1.7779332463904507,0.0009146618726518313,1.777933728859526,0.0009146618726518313,28.161804816411262,1.0
21,2015-12-30,good_018,good,True,True,True,,,,22.0,7.0,23.0,7.0,0.7666666666666667,0.5909199640933647,0.49844515091343455,0.8066945281798686,0.5306122448979592,1.006115312139603,0.0005015288752164123,1.0061155972079212,0.0005015288752164123,15.980686936827093,0.8
21,2015-12-30,good_019,good,True,True,True,,,,23.0,6.0,24.0,6.0,0.8,0.6868840763175554,0.6046406061069499,0.8787855068089685,0.04081632653061224,3.203033464862136,0.0010912519425398757,3.203034779802345,0.0010912519425398757,50.74937686057737,1.0
21,2015-12-30,medium_000,medium,True,True,True,,,,12.0,12.0,13.0,12.0,0.52,0.6251771983985632,0.6144276364813822,0.6502595095386521,0.16326530612244897,1.8150523228084092,0.0008524268679965273,1.815052866342374,0.0008524268679965273,28.37532171518277,0.95
21,2015-12-30,medium_001,medium,False,True,False,,,,19.0,9.0,19.0,10.0,0.6551724137931034,0.46623635259933716,0.4363686876983768,0.535927570701578,0.8775510204081632,0.6094974911946205,0.0003512062320773353,0.6094976391695428,0.0003512062320773353,9.519643226006208,0.8
21,2015-12-30,medium_002,medium,True,True,True,,,,15.0,10.0,16.0,10.0,0.6153846153846154,0.497687268121606,0.5191683109556369,0.4475648348422009,0.2653061224489796,1.5857210194965474,0.0006362889034203503,1.5857215729848757,0.0006362889034203503,24.765643432883607,0.95
21,2015-12-30,medium_003,medium,True,False,,,,,15.5,12.0,15.5,12.0,0.5636363636363636,0.5854059627741606,0.5351947216306262,0.7025655254424074,,,,1.8186869423449332,0.0008018084410439795,29.142557383949605,0.95
21,2015-12-30,medium_004,medium,True,True,True,,,,15.5,10.0,16.5,10.0,0.6226415094339622,0.5103651507047109,0.45309711244224,0.643990573317143,0.6326530612244898,0.8882057622376354,0.0005023678385638856,0.8882059809681714,0.0005023678385638856,14.070198887435659,0.75
21,2015-12-30,medium_005,medium,True,True,True,,,,14.5,10.0,15.5,10.0,0.6078431372549019,0.5265586680871646,0.5130918639549448,0.557981211062344,0.46938775510204084,1.0931993023582867,0.000520012661425552,1.0931996273164715,0.000520012661425552,17.87749148564518,0.8
21,2015-12-30,medium_006,medium,True,False,,,,,14.0,12.0,14.0,12.0,0.5384615384615384,0.5984726848054069,0.6156185717982349,0.5584656151554753,,,,4.109505551106694,0.0010864840614085549,65.1571405649443,1.0
21,2015-12-30,medium_007,medium,True,False,,,,,11.0,11.0,11.5,11.0,0.5111111111111111,0.5350583080965342,0.5514509441263975,0.4968088240268533,,,,1.4935084240143324,0.0006946142004321424,23.674078034951343,0.95
21,2015-12-30,medium_008,medium,True,False,,,,,15.0,12.0,15.5,12.0,0.5636363636363636,0.6218420123406834,0.560934289267152,0.7639600328455899,,,,2.3246521164516256,0.0008816582128509953,36.9014531135282,0.95
21,2015-12-30,medium_009,medium,True,True,True,,,,17.0,11.0,18.0,11.0,0.6206896551724138,0.5756935947834988,0.5417604840937075,0.6548708530596785,0.24489795918367346,1.7268735309714434,0.0007155706575580048,1.726874117153584,0.0007155706575580048,27.491403322625146,0.95
21,2015-12-30,medium_010,medium,False,True,False,,,,13.5,12.0,13.5,13.0,0.5094339622641509,0.4794049045161357,0.5117647204863655,0.4038986672522665,0.7755102040816326,0.7349492240926597,0.00039056960397855836,0.7349494197545705,0.00039056960397855836,11.617905859979023,0.75
21,2015-12-30,medium_011,medium,False,True,False,,,,12.0,12.0,12.0,13.0,0.48,0.4761419882229566,0.4718663952372055,0.486118371856376,0.7551020408163265,0.7504737434285234,0.00044061599960286846,0.7504739223945492,0.00044061599960286846,12.037931254950447,0.8
21,2015-12-30,medium_012,medium,False,True,False,,,,17.5,10.0,17.5,11.0,0.6140350877192983,0.4195460516318186,0.33410298612152856,0.618913204489162,0.9387755102040817,0.3859372435052865,0.0002993865874587446,0.3859373125411058,0.0002993865874587446,6.053974170089706,0.6
21,2015-12-30,medium_013,medium,False,False,,success,0.9400000000000001,4.244394424855258,9.5,11.0,10.0,11.0,0.47619047619047616,0.49710246814311687,0.43769946037608665,0.6357094862661876,,,,0.8208626504475313,0.0004034261367143083,12.934236082732822,0.65
21,2015-12-30,medium_014,medium,True,True,True,,,,15.5,9.0,16.5,9.0,0.6470588235294118,0.5960157229191225,0.5702231920913232,0.6561982948506542,0.061224489795918366,2.0674306926076134,0.0008574969548094995,2.0674313860523865,0.0008574969548094995,32.466048798132846,1.0
21,2015-12-30,medium_015,medium,True,False,,,,,12.5,10.0,12.5,10.0,0.5555555555555556,0.5721972269441709,0.5423329761402419,0.6418804788200053,,,,1.7253435901578793,0.0008097985418146807,27.22615145834832,0.95
21,2015-12-30,medium_016,medium,True,False,,,,,17.5,11.0,18.0,11.0,0.6206896551724138,0.5775369065608027,0.5189425372369665,0.7142571016497539,,,,1.3430179901275523,0.000645853345917994,21.292383121102137,0.95
21,2015-12-30,medium_017,medium,False,True,False,,,,12.0,11.0,12.0,12.0,0.5,0.4445845232702249,0.3824297274637848,0.5896123801519185,0.673469387755102,0.8473665183681498,0.00036880827547675885,0.8473667888797948,0.00036880827547675885,13.43774581953321,0.8
21,2015-12-30,medium_018,medium,True,True,True,,,,18.5,9.0,19.5,9.0,0.6842105263157895,0.5015855956904053,0.4340344331833954,0.6592049748734283,0.6530612244897959,0.8480663397435089,0.0005141373757433868,0.8480665347414079,0.0005141373757433868,13.45610026729102,0.75
21,2015-12-30,medium_019,medium,True,True,True,,,,12.0,12.0,13.0,12.0,0.52,0.5931788683878849,0.59328015149395,0.5929425411403999,0.12244897959183673,1.8627271258202291,0.0009148078629258032,1.8627276545416551,0.0009148078629258032,29.25880006997806,0.95
21,2015-12-30,medium_020,medium,True,True,True,,,,14.5,11.0,15.5,11.0,0.5849056603773585,0.5304207063121533,0.49953866024297544,0.602478813806902,0.4897959183673469,1.055711965283175,0.0006734784665286223,1.0557121955164561,0.0006734784665286223,16.876037488011907,0.9
21,2015-12-30,medium_021,medium,False,True,False,,,,15.5,10.0,15.5,11.0,0.5849056603773585,0.48821838610682344,0.39501031107303736,0.7057038945189912,0.7346938775510204,0.7698091191173977,0.00039778534417663966,0.7698093260891273,0.00039778534417663966,12.227410044686021,0.8
21,2015-12-30,medium_022,medium,True,True,True,,,,19.0,9.0,20.0,9.0,0.6896551724137931,0.5818281958662397,0.5303429497465026,0.7019604368122927,0.08163265306122448,2.051801838770156,0.0008192772526966898,2.051802555947628,0.0008192772526966898,32.38431395618933,0.9
21,2015-12-30,medium_023,medium,True,False,,,,,14.0,13.0,14.5,13.0,0.5272727272727272,0.5439937927165015,0.5444229057509681,0.542992528969413,,,,1.9020222378849603,0.0007570307984742934,30.597800652546557,0.95
21,2015-12-30,medium_024,medium,True,True,True,,,,14.5,10.0,15.5,10.0,0.6078431372549019,0.5970866702090987,0.574783162412332,0.6491281884015545,0.22448979591836735,1.7381547194098719,0.0009163700351614091,1.7381551827192823,0.0009163700351614091,27.541648688691684,0.9
21,2015-12-30,medium_025,medium,True,False,,,,,15.0,12.0,15.0,12.0,0.5555555555555556,0.5563744551367813,0.5249370722005783,0.6297283486545886,,,,1.710219315680321,0.0006965458274274297,26.854370566412516,0.95
21,2015-12-30,medium_026,medium,False,False,,success,0.9400000000000001,1.2725384898634218,17.5,9.0,18.0,9.0,0.6666666666666666,0.47126558342597813,0.4081023274381832,0.6186465140641664,,,,0.5883422026804642,0.0003444171844394833,9.330970874235895,0.65
21,2015-12-30,medium_027,medium,False,True,False,,,,10.5,11.0,10.5,12.0,0.4666666666666667,0.38867123162416684,0.31478555353911186,0.5610711471559618,0.9591836734693877,0.3506971479507654,0.0002246165285558175,0.3506972229410774,0.0002246165285558175,5.482409970022273,0.6
21,2015-12-30,medium_028,medium,True,False,,,,,14.0,11.0,14.0,11.0,0.56,0.5690131419737612,0.4621476721396175,0.8183659049200966,,,,1.1398294052424482,0.0005808115868552036,18.00159080888217,0.8
21,2015-12-30,medium_029,medium,True,False,,,,,15.5,12.0,15.5,12.0,0.5636363636363636,0.5103948100356754,0.4670009148697716,0.6116472320894514,,,,0.9146495128906138,0.00048798382479104915,14.669791842350918,0.85
21,2015-12-30,bad_000,bad,False,False,,failure,0.5100000000000001,-0.5721469819128941,11.5,13.0,11.5,13.0,0.46938775510204084,0.4636856335239413,0.42956738804996664,0.5432948729632158,,,,0.6299069421908325,0.00031162952589685596,10.024664218151075,0.8
21,2015-12-30,bad_001,bad,False,False,,neutral,0.5100000000000001,-0.07737158118895593,7.5,9.0,7.5,9.0,0.45454545454545453,0.47933095228000133,0.46501685550128297,0.5127305114303443,,,,0.8501790018888057,0.00047276964293721887,13.47324215274664,0.8
21,2015-12-30,bad_002,bad,False,False,,failure,0.39000000000000007,-4.354456916424681,5.5,10.0,5.5,10.0,0.3548387096774194,0.4727034344780225,0.43413278370277186,0.5627016196202741,,,,0.8706135323380124,0.000523172161523315,13.926775747570742,0.8
21,2015-12-30,bad_003,bad,False,False,,failure,0.5100000000000001,-9.096056488415726,9.0,12.0,9.0,12.0,0.42857142857142855,0.3721916237172043,0.31428139662872895,0.5073154869236469,,,,0.2208702251161542,0.00013206150309492384,3.5564710863879716,0.65
21,2015-12-30,bad_004,bad,False,False,,failure,0.5100000000000001,-1.4045224638733345,7.5,9.0,7.5,9.0,0.45454545454545453,0.4524284988796291,0.4324321056634979,0.49908674971726863,,,,0.5503203614639492,0.0003598905744848753,8.70620931848235,0.7
21,2015-12-30,bad_005,bad,False,False,,failure,0.39000000000000007,-5.318583338428326,4.5,10.0,4.5,10.0,0.3103448275862069,0.36299756315101095,0.3336376050948937,0.4315041319486178,,,,0.4966530731845067,0.00029908810059789447,7.748256232490132,0.6
21,2015-12-30,bad_006,bad,False,True,False,,,,10.0,12.0,10.0,13.0,0.43478260869565216,0.49060400830478024,0.4607113092467052,0.5603536394402886,0.7959183673469388,0.6986132996873531,0.00040384592740042166,0.698613468455712,0.00040384592740042166,11.176733955175314,0.75
21,2015-12-30,bad_007,bad,False,False,,failure,0.39000000000000007,-0.601742507455441,8.5,9.0,8.5,9.0,0.4857142857142857,0.4684756390830689,0.4664423630905926,0.4732199497321802,,,,1.3565348824090844,0.0007060936451662024,21.633889604551108,0.85
21,2015-12-30,bad_008,bad,False,False,,success,0.8200000000000002,5.470921208417877,4.5,8.0,5.0,8.0,0.38461538461538464,0.4973054951521935,0.5254145530078469,0.4317176934890023,,,,1.384202459188477,0.0006951533421725315,22.17840920157209,0.9
21,2015-12-30,bad_009,bad,False,False,,failure,0.39000000000000007,-0.9517871214074205,6.0,10.0,6.0,10.0,0.375,0.3939870573673954,0.4922348754037253,0.16474214861595904,,,,0.9774227253904775,0.0005928595173639191,15.54003264026245,0.85
21,2015-12-30,bad_010,bad,False,True,True,,,,6.5,11.0,7.5,11.0,0.40540540540540543,0.4729083430827621,0.4849129041754918,0.4448977005330594,0.5714285714285714,0.9378489211967137,0.0005587797114834717,0.9378491429827306,0.0005587797114834717,14.965564657724427,0.8
21,2015-12-30,bad_011,bad,False,False,,failure,0.39000000000000007,-6.172344599448493,4.0,9.0,4.0,9.0,0.3076923076923077,0.377825073260583,0.39345361970513604,0.34135846488995947,,,,0.5666231944931142,0.00031796354132523387,9.067208038131588,0.65
21,2015-12-30,bad_012,bad,False,False,,failure,0.5100000000000001,-6.873940165034227,7.5,10.0,7.5,10.0,0.42857142857142855,0.45630460150341734,0.46796111822300385,0.42910606249104877,,,,0.7600125125501216,0.0004059193272437691,12.297947661445452,0.75
21,2015-12-30,bad_013,bad,True,True,False,,,,8.5,10.0,8.5,11.0,0.4358974358974359,0.5015426368259533,0.4631353398368916,0.5911596631337642,0.7142857142857143,0.8362058792308736,0.0005531463076411865,0.8362060559903407,0.0005531463076411865,13.52833638831958,0.75
21,2015-12-30,bad_014,bad,False,False,,failure,0.39000000000000007,-0.3382317988304919,4.5,9.0,4.5,9.0,0.3333333333333333,0.38597001214962756,0.44697534700045094,0.24362423083103973,,,,0.8708438388899963,0.00047065693794796654,13.783354330248232,0.75
21,2015-12-30,bad_015,bad,False,False,,success,0.8200000000000002,1.8308279833328243,5.0,10.0,5.5,10.0,0.3548387096774194,0.4738053560271467,0.4713568439296091,0.47951855092140105,,,,0.8540924573876988,0.000546455632442958,13.652594874408484,0.8
21,2015-12-30,bad_016,bad,False,False,,success,0.7900000000000001,2.294364463632405,6.0,11.0,6.5,11.0,0.37142857142857144,0.4540033242030768,0.4721571366690352,0.411644428449174,,,,0.790237151858289,0.0005021253608736953,12.460695999927621,0.75
21,2015-12-30,bad_017,bad,False,False,,success,0.8200000000000002,1.5378782751529059,7.0,10.0,7.5,10.0,0.42857142857142855,0.40195228430486984,0.5027056204504883,0.1668611666317603,,,,1.6106959405159031,0.00073613066648833,25.352377980348702,0.95
21,2015-12-30,bad_018,bad,True,False,,,,,6.5,9.0,7.0,9.0,0.4375,0.518883772000944,0.4513408724910969,0.6764838708572544,,,,0.8591174602652353,0.00038269540711131087,13.43715507378093,0.95
21,2015-12-30,bad_019,bad,False,True,False,,,,9.5,10.0,9.5,11.0,0.4634146341463415,0.357773124116729,0.32707374414092655,0.42940501072693493,0.9795918367346939,0.3463144412296376,0.000250611129939854,0.3463145083705711,0.000250611129939854,5.569543151178915,0.7
21,2015-12-30,bad_020,bad,True,False,,,,,7.0,10.0,7.5,10.0,0.42857142857142855,0.5648482212264148,0.5708603663266602,0.5508198826591756,,,,1.3903354027300696,0.0007935780071860573,22.00034979740958,0.95
21,2015-12-30,bad_021,bad,False,False,,success,0.9400000000000001,2.367668588145918,7.5,10.0,8.0,10.0,0.4444444444444444,0.46717308453107775,0.45187661100496457,0.5028648560920088,,,,0.70343151701158,0.0004322950649553385,11.273640244724824,0.75
21,2015-12-30,bad_022,bad,False,True,False,,,,6.5,8.0,6.5,9.0,0.41935483870967744,0.4822653966485244,0.526236975209491,0.37966504667293594,0.5918367346938775,0.9197333118790242,0.0005432813676842637,0.9197335276512472,0.0005432813676842637,14.514496030718417,0.7
21,2015-12-30,bad_023,bad,False,False,,success,0.9400000000000001,3.6039066531935333,6.5,11.0,7.0,11.0,0.3888888888888889,0.39075197060725697,0.46797531359377365,0.21056417030538485,,,,0.893220937809686,0.0005734343077253252,14.391418558637545,0.85
21,2015-12-30,bad_024,bad,False,True,True,,,,7.0,11.0,8.0,11.0,0.42105263157894735,0.4606222244640621,0.4743578012189686,0.42857254536928036,0.42857142857142855,1.1422850780618,0.0005031106436350571,1.1422854383944219,0.0005031106436350571,17.94143621837293,0.85
21,2015-12-30,bad_025,bad,False,True,True,,,,6.5,10.0,7.5,10.0,0.42857142857142855,0.4836963465662567,0.501274892941023,0.44267973835846863,0.3673469387755102,1.2866744976988311,0.0006490387887389673,1.286674854893393,0.0006490387887389673,20.279444814452166,0.9
21,2015-12-30,bad_026,bad,False,False,,failure,0.5100000000000001,-7.502618224990684,5.0,10.0,5.0,10.0,0.3333333333333333,0.3422324986056971,0.40999761392336453,0.1841138961978066,,,,0.4772973391873636,0.0002789640083590123,7.643676562322479,0.75
21,2015-12-30,bad_027,bad,False,True,False,,,,5.5,9.0,5.5,10.0,0.3548387096774194,0.4556260214349497,0.3575214607652674,0.6845366629975418,0.9183673469387755,0.4432315757720426,0.0002439119860128185,0.4432316831833366,0.0002439119860128185,6.811064055526432,0.65
21,2015-12-30,bad_028,bad,True,False,,,,,5.5,9.0,5.5,9.0,0.3793103448275862,0.524598522946702,0.5026161906992512,0.5758906315240873,,,,0.9704212975740837,0.0005788469145330419,15.759250427677651,0.8
21,2015-12-30,bad_029,bad,True,False,,,,,8.5,10.0,9.0,10.0,0.47368421052631576,0.5746462287441239,0.5148006144672073,0.7142859953902626,,,,1.993221955712822,0.0007079836228359218,31.45257972871131,1.0
21,2015-12-30,bad_030,bad,False,False,,success,0.91,3.3752208283985397,7.0,10.0,7.5,10.0,0.42857142857142855,0.31470161640129135,0.3065516841399268,0.33371812501114206,,,,0.282008311388563,0.0001338265635746942,4.489041681934729,0.55
21,2015-12-30,bad_031,bad,True,False,,,,,8.5,9.0,8.5,9.0,0.4857142857142857,0.5014794550166437,0.5089663570796792,0.4840100168695612,,,,1.004718606746951,0.0005937529080533487,15.772845634507963,0.85
21,2015-12-30,bad_032,bad,False,False,,failure,0.39000000000000007,-2.6611627636634694,6.5,10.0,6.5,10.0,0.3939393939393939,0.49218001990084964,0.44554583049679664,0.6009931285103067,,,,0.6900873333849945,0.00047313850435192015,11.053391111602975,0.8
21,2015-12-30,bad_033,bad,False,False,,failure,0.39000000000000007,-6.770613080143278,4.5,9.0,4.5,9.0,0.3333333333333333,0.3914086870680607,0.4912074189840354,0.15854497926411965,,,,0.81688888593414,0.000522472528311137,13.24328048811591,0.8
21,2015-12-30,bad_034,bad,True,False,,,,,6.5,10.0,6.5,10.0,0.3939393939393939,0.49913398729585085,0.5058161103593171,0.48354236681442975,,,,1.2747060233848364,0.0006548635596340419,20.297710656410658,0.9
21,2015-12-30,bad_035,bad,False,False,,failure,0.39000000000000007,-3.4044047781773656,7.0,11.0,7.0,11.0,0.3888888888888889,0.3261220241572378,0.3451428157944181,0.2817401770038173,,,,0.7765105692464439,0.00038324372891882706,12.298284872045935,0.75
21,2015-12-30,bad_036,bad,False,True,False,,,,6.0,10.0,6.0,11.0,0.35294117647058826,0.3375188353724808,0.3850695510898133,0.22656716536537164,1.0,0.31617691118482044,0.00020576851175498653,0.31617697858234267,0.00020576851175498653,4.964048941880285,0.65
21,2015-12-30,bad_037,bad,False,False,,failure,0.4200000000000001,-0.10150324201893568,3.5,10.0,3.5,10.0,0.25925925925925924,0.4622242354309278,0.5254442145683791,0.3147109507768747,,,,1.7531562963443645,0.0008077008828424501,28.256417430884618,0.95
21,2015-12-30,bad_038,bad,False,True,True,,,,8.5,10.0,9.5,10.0,0.48717948717948717,0.4605222211178061,0.5153633882418078,0.33255949782846883,0.2857142857142857,1.5376112141863185,0.0006295023687919031,1.5376117397167184,0.0006295023687919031,25.05908662649685,1.0
21,2015-12-30,bad_039,bad,False,False,,failure,0.39000000000000007,-0.19735439945672795,7.0,10.0,7.0,10.0,0.4117647058823529,0.34697944207385684,0.3417858347471709,0.35909785916945736,,,,0.6679740895530608,0.00035658695693801206,10.38865960465532,0.7
21,2015-12-30,bad_040,bad,False,False,,failure,0.39000000000000007,-0.4733365487489465,7.5,11.0,7.5,11.0,0.40540540540540543,0.48431630407467213,0.5520867238055092,0.32618532470271916,,,,1.4915709243285757,0.0007497590047151085,23.838681268061997,0.85
21,2015-12-30,bad_041,bad,True,True,True,,,,7.5,9.0,8.5,9.0,0.4857142857142857,0.5302142630674772,0.5687446889536344,0.4403099359997771,0.10204081632653061,1.9240401196729793,0.0009421320092982443,1.9240406642269778,0.0009421320092982443,30.595790210919052,0.95
21,2015-12-30,bad_042,bad,False,False,,success,0.9400000000000001,0.23161603662749997,5.5,10.0,6.0,10.0,0.375,0.4761357823009152,0.5046185060709093,0.4096760935042625,,,,1.198031003934776,0.0007095413342661186,18.989138388544163,0.9
21,2015-12-30,bad_043,bad,True,False,,,,,7.5,9.0,8.0,9.0,0.47058823529411764,0.5461760866833827,0.5689307344522954,0.49308190855591977,,,,1.5934598774566797,0.0008132895274804701,25.442206016675158,0.95
21,2015-12-30,bad_044,bad,False,False,,success,0.91,0.5558545260353895,5.0,11.0,5.5,11.0,0.3333333333333333,0.35578430292846785,0.4283398398937889,0.1864880500093855,,,,0.5101993393915327,0.00033426432669579766,8.220014547568931,0.65
21,2015-12-30,bad_045,bad,False,False,,success,0.8200000000000002,4.597171204055584,7.5,10.0,8.0,10.0,0.4444444444444444,0.4874870929333168,0.48404080591846527,0.4955284293013038,,,,0.6506315818984989,0.000451263620508295,10.588391154153898,0.75
21,2015-12-30,bad_046,bad,False,False,,success,0.8500000000000002,2.312784259553837,6.0,10.0,6.5,10.0,0.3939393939393939,0.43290716272766133,0.42707445885194906,0.4465168051043234,,,,0.6464948003286027,0.00040051445686012507,10.164538304774657,0.6
21,2015-12-30,bad_047,bad,False,True,False,,,,10.0,11.0,10.0,12.0,0.45454545454545453,0.37117849695079996,0.3572656630071278,0.40364177615270175,0.8979591836734694,0.544449208747372,0.0003859430696206363,0.5444493162211211,0.0003859430696206363,8.648404910677908,0.7
21,2015-12-30,bad_048,bad,False,False,,failure,0.4200000000000001,-2.856259005129843,5.0,9.0,5.0,9.0,0.35714285714285715,0.4761311117665272,0.5013217219358223,0.41735302137150576,,,,1.338941562115525,0.00046713971522759686,21.353133628769022,0.9
21,2015-12-30,bad_049,bad,True,False,,,,,8.0,10.0,8.5,10.0,0.4594594594594595,0.5106493300641051,0.4984597148439944,0.5390917655776967,,,,1.6012376260981818,0.0008801204098689378,25.56535710869126,0.95
22,2016-01-28,good_000,good,True,True,True,,,,24.0,6.0,25.0,6.0,0.8064516129032258,0.6246973942010356,0.546673337289167,0.8067535269953962,0.4489795918367347,1.159462692624089,0.00071083890070685,1.1594629585147411,0.00071083890070685,18.727294130671524,0.85
22,2016-01-28,good_001,good,True,True,True,,,,21.5,8.0,22.5,8.0,0.7377049180327869,0.627374776417166,0.6010996867765338,0.6886833189119744,0.0,2.8760774030774243,0.0009908417034017424,2.876078574536006,0.0009908417034017424,45.86934755734138,1.0
22,2016-01-28,good_002,good,True,True,True,,,,21.0,8.0,22.0,8.0,0.7333333333333333,0.642642099272645,0.5830695128035448,0.7816448010338792,0.16326530612244897,1.8781543376292604,0.0008858038804926856,1.8781548912303316,0.0008858038804926856,29.776000822718444,0.95
22,2016-01-28,good_003,good,True,True,False,,,,25.0,5.0,25.0,6.0,0.8064516129032258,0.5379795104729513,0.4352015776591285,0.777794687038538,0.9183673469387755,0.5624278035233112,0.00034842680396602254,0.5624279289740497,0.00034842680396602254,8.944553396098666,0.65
22,2016-01-28,good_004,good,True,True,True,,,,23.0,7.0,24.0,7.0,0.7741935483870968,0.5705699398840611,0.5153170402045191,0.6994933724696591,0.32653061224489793,1.3801713871726666,0.0006963079419310365,1.3801717714081025,0.0006963079419310365,21.537804094096334,0.8
22,2016-01-28,good_005,good,True,True,True,,,,24.0,6.0,25.0,6.0,0.8064516129032258,0.6365261456977114,0.550547006015935,0.8371441382885231,0.40816326530612246,1.2011428904689845,0.0007537801804024894,1.2011431585422387,0.0007537801804024894,19.11416328849017,0.9
22,2016-01-28,good_006,good,True,True,True,,,,23.0,7.0,24.0,7.0,0.7741935483870968,0.6849829983824616,0.6076496838650313,0.8654273989231327,0.061224489795918366,2.186862427325471,0.0009666935277667666,2.1868631162163368,0.0009666935277667666,35.28673847144187,1.0
22,2016-01-28,good_007,good,True,True,True,,,,22.0,7.0,23.0,7.0,0.7666666666666667,0.622583779978346,0.5668425894952134,0.7526465577723221,0.3469387755102041,1.3693463571776572,0.0007762296346169827,1.3693466956770475,0.0007762296346169827,21.70855446780995,0.9
22,2016-01-28,good_008,good,True,True,True,,,,20.0,10.0,21.0,10.0,0.6774193548387096,0.5486448353856748,0.4908962784721599,0.683391468183876,0.3673469387755102,1.3235060024521992,0.0008368670005453685,1.3235062960784767,0.0008368670005453685,20.94844683634463,0.9
22,2016-01-28,good_009,good,True,True,True,,,,24.0,5.0,25.0,5.0,0.8333333333333334,0.6046456203434951,0.5440083989455499,0.7461324702720342,0.14285714285714285,1.8802473170118572,0.0008936556931149954,1.8802478651949859,0.0008936556931149954,29.462969788076048,0.95
22,2016-01-28,good_010,good,True,True,True,,,,28.0,2.0,29.0,2.0,0.9354838709677419,0.6918138227079278,0.585260822706907,0.9404374893769765,0.10204081632653061,1.9664807559860067,0.0008268110408746107,1.9664814102475776,0.0008268110408746107,31.417775277104607,0.95
22,2016-01-28,good_011,good,True,True,False,,,,23.0,7.0,23.0,8.0,0.7419354838709677,0.5922516640434077,0.47956766029987996,0.8551810061116392,0.7959183673469388,0.7653319072128413,0.000496860240939393,0.7653320719818203,0.000496860240939393,12.084049045595023,0.8
22,2016-01-28,good_012,good,True,True,False,,,,23.0,7.0,23.0,8.0,0.7419354838709677,0.5161379568526847,0.4916176320463471,0.5733520480674728,0.7551020408163265,0.7754974847510858,0.0005523800172382673,0.775497637658781,0.0005523800172382673,12.383762827927939,0.8
22,2016-01-28,good_013,good,True,True,True,,,,19.0,10.0,20.0,10.0,0.6666666666666666,0.5779457601115882,0.5558439281667747,0.629516701316153,0.30612244897959184,1.4653218631812064,0.0008086821602173429,1.465322234573074,0.0008086821602173429,23.45308871996056,0.9
22,2016-01-28,good_014,good,True,True,True,,,,21.0,8.0,22.0,8.0,0.7333333333333333,0.6732844626853692,0.616047730900122,0.8068368368509463,0.04081632653061224,2.397409828200224,0.0010163837668638507,2.397410619543871,0.0010163837668638507,38.85689200366478,1.0
22,2016-01-28,good_015,good,True,False,,,,,21.0,9.0,21.5,9.0,0.7049180327868853,0.6318458945100761,0.6051164179901132,0.6942146730566564,,,,2.188342269991669,0.0008895637382385172,34.33665859521402,1.0
22,2016-01-28,good_016,good,True,True,True,,,,25.0,5.0,26.0,5.0,0.8387096774193549,0.694221490654531,0.6096824043389751,0.8914793587241614,0.02040816326530612,2.4572672484187357,0.000931673487100228,2.4572681492192747,0.000931673487100228,38.8992328584248,0.95
22,2016-01-28,good_017,good,True,True,False,,,,24.0,6.0,24.0,7.0,0.7741935483870968,0.5445635391280357,0.42906746370579907,0.8140543817799214,0.8571428571428571,0.6979847437564545,0.0003987880334799986,0.6979849143302764,0.0003987880334799986,11.08263954381171,0.7
22,2016-01-28,good_018,good,True,True,True,,,,23.0,7.0,24.0,7.0,0.7741935483870968,0.5699241353793584,0.543193708505663,0.632295131417981,0.20408163265306123,1.8069013033801948,0.0008673157794547949,1.8069018310539726,0.0008673157794547949,28.827512791820926,0.9
22,2016-01-28,good_019,good,True,True,True,,,,24.0,6.0,25.0,6.0,0.8064516129032258,0.6446695223673204,0.5855853480076755,0.7825325958731589,0.12244897959183673,1.9535037604472627,0.0007786968253280759,1.9535044421141765,0.0007786968253280759,30.878257331057874,1.0
22,2016-01-28,medium_000,medium,True,True,True,,,,13.0,12.0,14.0,12.0,0.5384615384615384,0.565588938833912,0.5584055387920632,0.582350205598226,0.4897959183673469,1.1191700158291837,0.0006069317462997853,1.1191703096963772,0.0006069317462997853,17.84875697495325,0.8
22,2016-01-28,medium_001,medium,False,False,,failure,0.39000000000000007,-1.523218308232586,19.0,10.0,19.0,10.0,0.6551724137931034,0.4592096872485657,0.4306801208344848,0.525778675548088,,,,0.5367228404480423,0.00035225668388608666,8.56830106607716,0.65
22,2016-01-28,medium_002,medium,False,True,False,,,,16.0,10.0,16.0,11.0,0.5925925925925926,0.4541642146820713,0.4243369095151451,0.523761260071566,0.8163265306122449,0.761779991128437,0.0003773218293985312,0.7617802032947274,0.0003773218293985312,11.98720427276479,0.7
22,2016-01-28,medium_003,medium,True,True,True,,,,15.5,12.0,16.5,12.0,0.5789473684210527,0.5564394476450044,0.5511737387843403,0.5687261016532209,0.2857142857142857,1.498411484830568,0.0007775977404899639,1.498411888241796,0.0007775977404899639,23.65953450484212,1.0
22,2016-01-28,medium_004,medium,True,True,True,,,,16.5,10.0,17.5,10.0,0.6363636363636364,0.5800895531355633,0.494834070794429,0.7790190119315435,0.3877551020408163,1.223027214090321,0.0005550312000364642,1.2230275902364103,0.0005550312000364642,18.958709842419083,0.9
22,2016-01-28,medium_005,medium,False,True,False,,,,15.5,10.0,15.5,11.0,0.5849056603773585,0.42603995722565374,0.33416273803834107,0.6404201353293835,0.8775510204081632,0.6628278778044394,0.0004203686770927042,0.6628280221538511,0.0004203686770927042,10.296935544872463,0.55
22,2016-01-28,medium_006,medium,True,True,True,,,,14.0,12.0,15.0,12.0,0.5555555555555556,0.5392976460865224,0.5087273403674291,0.6106283594310735,0.46938775510204084,1.1212746472287527,0.0005842706029562983,1.121274947311285,0.0005842706029562983,17.749542627042366,0.85
22,2016-01-28,medium_007,medium,True,True,True,,,,11.5,11.0,12.5,11.0,0.5319148936170213,0.5879700022842855,0.5609941164114342,0.6509137359876057,0.08163265306122448,1.9764546404260694,0.0009054600879449236,1.9764552436377827,0.0009054600879449236,31.534870119625047,0.95
22,2016-01-28,medium_008,medium,False,True,False,,,,15.5,12.0,15.5,13.0,0.543859649122807,0.43623232236329024,0.4273432723271561,0.45697343911427013,0.7346938775510204,0.7828190608925132,0.0005018878980638266,0.7828192289774715,0.0005018878980638266,12.226982298465563,0.85
22,2016-01-28,medium_009,medium,False,True,False,,,,18.0,11.0,18.0,12.0,0.6,0.4914939037919594,0.4828070891030661,0.5117631380660439,0.8979591836734694,0.6263506526773323,0.0003364058939805992,0.6263508143931646,0.0003364058939805992,9.922284270668454,0.75
22,2016-01-28,medium_010,medium,True,False,,,,,13.5,13.0,14.0,13.0,0.5185185185185185,0.564645879281305,0.5882748302774277,0.5095116602903523,,,,2.82544596151631,0.0010830681767208486,44.715549492079695,1.0
22,2016-01-28,medium_011,medium,False,False,,failure,0.39000000000000007,-1.5167853325582712,12.0,13.0,12.0,13.0,0.48,0.45756779228636807,0.4641069255234537,0.4423098147331683,,,,0.6568155948792546,0.0004796431950076223,10.42488971552527,0.7
22,2016-01-28,medium_012,medium,False,False,,failure,0.39000000000000007,-3.67578659680548,17.5,11.0,17.5,11.0,0.6140350877192983,0.40339465991157497,0.33811187877645765,0.5557211492268489,,,,0.5016791686249111,0.0003337101290278927,8.105567184718858,0.75
22,2016-01-28,medium_013,medium,False,False,,failure,0.5100000000000001,-1.9919468151379078,10.0,11.0,10.0,11.0,0.47619047619047616,0.4828632565494505,0.5083347149977876,0.4234298535033309,,,,0.8739222812659553,0.0005573487841360579,14.085683749116235,0.8
22,2016-01-28,medium_014,medium,True,True,True,,,,16.5,9.0,17.5,9.0,0.660377358490566,0.49707288524968785,0.4708217992660163,0.5583254192115881,0.5510204081632653,1.0421089749955943,0.0005032345577311579,1.0421092754378642,0.0005032345577311579,16.643880534028398,0.85
22,2016-01-28,medium_015,medium,True,True,True,,,,12.5,10.0,13.5,10.0,0.574468085106383,0.5160176102330563,0.5191599379424285,0.5086855122445213,0.22448979591836735,1.5943684421127866,0.0007025285049287403,1.5943689526085587,0.0007025285049287403,25.29244208566492,0.95
22,2016-01-28,medium_016,medium,True,True,True,,,,18.0,11.0,19.0,11.0,0.6333333333333333,0.5026155084774138,0.46426910777656005,0.5920904434460726,0.6938775510204082,0.8733773302564803,0.0005022039991971877,0.8733775425099634,0.0005022039991971877,13.854376949558873,0.8
22,2016-01-28,medium_017,medium,True,False,,,,,12.0,12.0,12.0,12.0,0.5,0.5326325856411251,0.5017667311034065,0.6046529128958021,,,,0.823516523898227,0.0005088212134362891,13.251018660810853,0.75
22,2016-01-28,medium_018,medium,True,True,False,,,,19.5,9.0,19.5,10.0,0.6610169491525424,0.5477716903975911,0.4828462447714098,0.6992643968586811,0.9591836734693877,0.4151268745941559,0.0003495738461374447,0.4151269442958894,0.0003495738461374447,6.60838056228465,0.7
22,2016-01-28,medium_019,medium,False,True,False,,,,13.0,12.0,13.0,13.0,0.5,0.4128751431981217,0.3400627134671238,0.5827708125704503,0.9795918367346939,0.36293480097233244,0.00020157736257063282,0.3629348891887379,0.00020157736257063282,5.524038055573728,0.75
22,2016-01-28,medium_020,medium,True,True,True,,,,15.5,11.0,16.5,11.0,0.6,0.5041720739567725,0.4706182086895132,0.5824644262470444,0.5306122448979592,1.1042912655110741,0.00044611095946731175,1.1042916453590184,0.00044611095946731175,17.553840457600753,0.9
22,2016-01-28,medium_021,medium,True,False,,,,,15.5,11.0,15.5,11.0,0.5849056603773585,0.5514872940929256,0.49728676742974415,0.677955189640349,,,,0.8472104808919491,0.0004372838070469306,13.345357938397404,0.75
22,2016-01-28,medium_022,medium,True,True,False,,,,20.0,9.0,20.0,10.0,0.6666666666666666,0.545976817846038,0.4876896553744513,0.6819801969464071,0.7755102040816326,0.7677957485181729,0.0004328274448341344,0.7677959413160188,0.0004328274448341344,12.42716662890851,0.8
22,2016-01-28,medium_023,medium,False,True,True,,,,14.5,13.0,15.5,13.0,0.543859649122807,0.47666799201371735,0.5384261050850448,0.3325657281806199,0.2653061224489796,1.5655562566436312,0.0006821697697140443,1.5655567539850224,0.0006821697697140443,24.925400339271317,0.95
22,2016-01-28,medium_024,medium,True,True,True,,,,15.5,10.0,16.5,10.0,0.6226415094339622,0.5734729803409173,0.5299815182892025,0.6749530584615856,0.5714285714285714,1.003645311370305,0.0005213895477648325,1.0036455840747962,0.0005213895477648325,15.95489661882138,0.85
22,2016-01-28,medium_025,medium,False,True,False,,,,15.0,12.0,15.0,13.0,0.5357142857142857,0.4328063704404478,0.40658094849818666,0.4939990216390573,0.9387755102040817,0.5475242029301537,0.00029950544767139424,0.5475243431772047,0.00029950544767139424,8.696128305907814,0.65
22,2016-01-28,medium_026,medium,True,False,,,,,18.0,9.0,18.5,9.0,0.6727272727272727,0.5571688985805932,0.5068323997649895,0.6746207291503353,,,,1.419252456080238,0.0006401811164812681,23.05464028855413,1.0
22,2016-01-28,medium_027,medium,False,False,,success,0.8200000000000002,2.2775383968500904,10.5,12.0,11.0,12.0,0.4782608695652174,0.46817956846569003,0.5226201245096109,0.34115160436320807,,,,1.0902521064838249,0.0006040103749202667,17.484129271184756,0.85
22,2016-01-28,medium_028,medium,True,True,False,,,,14.0,11.0,14.0,12.0,0.5384615384615384,0.5048012434122512,0.44352293744607674,0.6477839573333248,0.8367346938775511,0.7160776483083372,0.00046644358490487896,0.716077804837984,0.00046644358490487896,11.505313955911804,0.65
22,2016-01-28,medium_029,medium,True,True,False,,,,15.5,12.0,15.5,13.0,0.543859649122807,0.519592846297878,0.5242712591745857,0.5086765495855602,0.7142857142857143,0.851841929933066,0.0005841254581926893,0.8518421058407669,0.0005841254581926893,13.642856102955049,0.75
22,2016-01-28,bad_000,bad,True,False,,,,,11.5,13.0,11.5,13.0,0.46938775510204084,0.5027808258194453,0.47508243487863844,0.567410404681328,,,,0.8695695954890904,0.0005467705616293698,13.954640375885834,0.75
22,2016-01-28,bad_001,bad,True,False,,,,,7.5,9.0,7.5,9.0,0.45454545454545453,0.5625962711014929,0.5251423012881169,0.6499888673327039,,,,1.2025558710918238,0.0006690347054262517,18.95828066941366,0.85
22,2016-01-28,bad_002,bad,False,False,,success,0.8200000000000002,2.95710250470205,5.5,10.0,6.0,10.0,0.375,0.36947138290363557,0.47589295972015144,0.12115437033176532,,,,1.0910850156354137,0.0006087791068214211,17.374341520236186,0.85
22,2016-01-28,bad_003,bad,False,False,,failure,0.5100000000000001,-0.7212077154582488,9.0,12.0,9.0,12.0,0.42857142857142855,0.3827824574918766,0.3932397282907306,0.3583821589612174,,,,0.6220890940717526,0.0003692477983973614,9.890760705110328,0.7
22,2016-01-28,bad_004,bad,False,False,,failure,0.5100000000000001,-1.1661228563423975,7.5,9.0,7.5,9.0,0.45454545454545453,0.39441309863211316,0.44474037562033464,0.27698278565959655,,,,1.0060974588669676,0.0005222598140818566,16.058368356266858,0.9
22,2016-01-28,bad_005,bad,False,False,,failure,0.36000000000000004,-7.6239707626986615,4.5,10.0,4.5,10.0,0.3103448275862069,0.331511645474834,0.27580992951215977,0.4614823160544073,,,,0.062121515704405925,3.086949709825309e-05,0.889528870651428,0.5
22,2016-01-28,bad_006,bad,True,False,,,,,10.0,13.0,10.0,13.0,0.43478260869565216,0.502441852542299,0.461228593992557,0.5986061224916971,,,,0.6802267291677421,0.00047364849070881745,10.75042348367553,0.75
22,2016-01-28,bad_007,bad,False,False,,failure,0.39000000000000007,-1.095214122801977,8.5,9.0,8.5,9.0,0.4857142857142857,0.47458908495148133,0.43152434514580373,0.5750734778313958,,,,0.5251579770261985,0.0003282517903886271,8.39245869327048,0.75
22,2016-01-28,bad_008,bad,False,False,,failure,0.39000000000000007,-4.816307740503305,5.0,8.0,5.0,8.0,0.38461538461538464,0.36321644385019247,0.3431176771588873,0.4101135661299047,,,,0.5648427834217707,0.0002816497022734336,9.063381357772448,0.75
22,2016-01-28,bad_009,bad,True,False,,,,,6.0,10.0,6.5,10.0,0.3939393939393939,0.4989444827139098,0.47807550148813205,0.5476387722407245,,,,0.5055498538936983,0.0003898060715796267,8.182741482625318,0.7
22,2016-01-28,bad_010,bad,False,False,,success,0.9700000000000001,6.062819565724027,7.5,11.0,8.0,11.0,0.42105263157894735,0.40336825021267536,0.4870636579664473,0.20807896545387428,,,,1.3118780206504594,0.0007612534058384493,20.843304814187224,0.9
22,2016-01-28,bad_011,bad,False,False,,failure,0.5100000000000001,-0.35074352245462137,4.0,9.0,4.0,9.0,0.3076923076923077,0.41144510108358734,0.49516108501752576,0.21610780523773104,,,,1.5243594992565543,0.0008280614365353647,24.20958486595845,0.85
22,2016-01-28,bad_012,bad,False,False,,failure,0.5100000000000001,-4.123586543371545,7.5,10.0,7.5,10.0,0.42857142857142855,0.4182130201364326,0.43531062241677787,0.37831861481562695,,,,0.3078741979967974,0.0002128833852267047,5.065682496570397,0.65
22,2016-01-28,bad_013,bad,False,True,True,,,,8.5,11.0,9.5,11.0,0.4634146341463415,0.4453753371064806,0.4787521372887258,0.3674961366812419,0.24489795918367346,1.5669767144231752,0.0008011595623666327,1.5669771413532099,0.0008011595623666327,24.751702932679343,0.9
22,2016-01-28,bad_014,bad,False,False,,success,0.9400000000000001,1.615068487500281,4.5,9.0,5.0,9.0,0.35714285714285715,0.46233413758243946,0.5531137711632399,0.25051499256057197,,,,1.2335491940448493,0.0007747887387676855,19.61631505898334,0.9
22,2016-01-28,bad_015,bad,True,False,,,,,5.5,10.0,5.5,10.0,0.3548387096774194,0.5194826038185347,0.46721181115525423,0.6414477866995225,,,,0.7200833177841041,0.00043718808670320606,11.360174729822146,0.75
22,2016-01-28,bad_016,bad,False,False,,failure,0.39000000000000007,-0.5502269481485911,6.5,11.0,6.5,11.0,0.37142857142857144,0.4652562287174802,0.5297804044928851,0.3146998185748687,,,,1.4555821882435822,0.0007305387095211136,22.98472372513145,0.95
22,2016-01-28,bad_017,bad,False,False,,failure,0.5100000000000001,-0.55940948226025,7.5,10.0,7.5,10.0,0.42857142857142855,0.4558709553865269,0.42798002242073074,0.5209497989733848,,,,0.5088420409084728,0.0003896932256882401,8.07120315948285,0.65
22,2016-01-28,bad_018,bad,False,True,True,,,,7.0,9.0,8.0,9.0,0.47058823529411764,0.4722729924439547,0.49628254379788883,0.4162507059514417,0.5918367346938775,0.9267251793428586,0.00041419425657087403,0.9267254717141047,0.00041419425657087403,14.933224959542073,0.85
22,2016-01-28,bad_019,bad,True,False,,,,,9.5,11.0,10.0,11.0,0.47619047619047616,0.517414236871498,0.5014356118562758,0.5546976952403497,,,,1.730629034896171,0.0007827404653111498,27.522662507022257,0.95
22,2016-01-28,bad_020,bad,False,True,True,,,,7.5,10.0,8.5,10.0,0.4594594594594595,0.4845699280731658,0.52879154778926,0.3813861487356129,0.1836734693877551,1.8680252456975979,0.000726159803750721,1.8680259128730465,0.000726159803750721,29.815033357494418,1.0
22,2016-01-28,bad_021,bad,False,False,,success,0.9400000000000001,2.435504186345753,8.0,10.0,8.5,10.0,0.4594594594594595,0.44511559667453426,0.44084430134585045,0.4550819524414632,,,,1.0852009423447435,0.00048270194411112694,17.126130467959847,0.8
22,2016-01-28,bad_022,bad,False,False,,success,0.9700000000000001,1.1678701207701891,6.5,9.0,7.0,9.0,0.4375,0.40171082620165766,0.4403363252508611,0.3115846617535163,,,,0.8680223737873297,0.000537621017266326,13.839572133628176,0.7
22,2016-01-28,bad_023,bad,False,False,,success,0.9400000000000001,4.345450214295383,7.0,11.0,7.5,11.0,0.40540540540540543,0.48195572753510146,0.49570117226351873,0.4498830231687947,,,,0.8684977695866875,0.0006261380606346359,13.746860812897904,0.8
22,2016-01-28,bad_024,bad,False,False,,success,0.9400000000000001,2.398633512803869,8.0,11.0,8.5,11.0,0.4358974358974359,0.35204582556450104,0.36902762499840247,0.3124216268853978,,,,0.6543869766688083,0.0004372341965503465,10.356031230969137,0.7
22,2016-01-28,bad_025,bad,False,False,,failure,0.39000000000000007,-2.107520895981949,7.5,10.0,7.5,10.0,0.42857142857142855,0.4194837633489643,0.3883843336547379,0.49204909930215945,,,,0.2852335123807236,0.0001501203242049076,4.631182168503055,0.65
22,2016-01-28,bad_026,bad,False,False,,success,0.8200000000000002,4.650972541742718,5.0,10.0,5.5,10.0,0.3548387096774194,0.4656068402191399,0.475056556617499,0.4435575019563021,,,,1.095148307386848,0.0005967507162008213,17.426058782026548,0.85
22,2016-01-28,bad_027,bad,False,False,,failure,0.39000000000000007,-2.189606035084566,5.5,10.0,5.5,10.0,0.3548387096774194,0.4011034705784867,0.4265014141463209,0.3418416022535403,,,,0.5080064631780283,0.00033542331370364043,8.146983978911399,0.7
22,2016-01-28,bad_028,bad,False,True,False,,,,5.5,9.0,5.5,10.0,0.3548387096774194,0.46815234479962176,0.4558376558100804,0.4968866191085517,0.673469387755102,0.895617411653607,0.0004920360656507315,0.8956176380882339,0.0004920360656507315,14.167231449963683,0.75
22,2016-01-28,bad_029,bad,False,True,False,,,,9.0,10.0,9.0,11.0,0.45,0.4690691830372611,0.47447764098853634,0.45644944781761876,0.6122448979591837,0.9260492073956548,0.000405248655658794,0.9260495004907261,0.000405248655658794,14.758619913201262,0.7
22,2016-01-28,bad_030,bad,True,False,,,,,7.5,10.0,7.5,10.0,0.42857142857142855,0.4986387647279359,0.4675649708150615,0.5711442838579762,,,,0.967737829515105,0.0005865720250883118,15.29315194268404,0.85
22,2016-01-28,bad_031,bad,True,True,True,,,,8.5,9.0,9.5,9.0,0.5135135135135135,0.5111034426111739,0.5060782464804238,0.5228289002495909,0.5102040816326531,1.1127179022688638,0.0006234801653001078,1.1127181784458693,0.0006234801653001078,17.940424842166642,0.9
22,2016-01-28,bad_032,bad,False,False,,success,0.9400000000000001,1.0723291124460843,6.5,10.0,7.0,10.0,0.4117647058823529,0.35236314952391284,0.43234276420337314,0.16574404860517217,,,,0.9919369801930092,0.0005764346857136456,15.81284509423212,0.8
22,2016-01-28,bad_033,bad,True,False,,,,,4.5,9.0,5.0,9.0,0.35714285714285715,0.49511242638990977,0.5173770896058372,0.44316154555274584,,,,0.9971992298031692,0.00059276534791551,15.70994817897534,0.8
22,2016-01-28,bad_034,bad,False,True,True,,,,6.5,10.0,7.5,10.0,0.42857142857142855,0.4514828576224096,0.4825004319165926,0.37910851760264935,0.6326530612244898,0.9250322643519424,0.0005515693859211611,0.9250324829932687,0.0005515693859211611,14.801859536652495,0.75
22,2016-01-28,bad_035,bad,False,False,,failure,0.39000000000000007,-1.1126822245871324,7.0,11.0,7.0,11.0,0.3888888888888889,0.4563019086996072,0.5544150007903967,0.22737136048776502,,,,1.6220357378676968,0.0007028812758719626,25.715908686904573,1.0
22,2016-01-28,bad_036,bad,False,False,,success,0.9400000000000001,1.632816585655334,6.0,11.0,6.5,11.0,0.37142857142857144,0.4758461866578185,0.4568886017919216,0.5200805513449113,,,,1.0853568185232203,0.0005380419373144992,17.03614414570831,0.8
22,2016-01-28,bad_037,bad,False,False,,failure,0.39000000000000007,-0.38535058425193824,3.5,10.0,3.5,10.0,0.25925925925925924,0.3119874987495066,0.40244393519147453,0.10092248038491468,,,,0.5458187144529966,0.00031028991601817694,8.503030640636336,0.7
22,2016-01-28,bad_038,bad,True,False,,,,,9.5,10.0,9.5,10.0,0.48717948717948717,0.5656677491969195,0.502362869155049,0.7133791359612841,,,,0.9316339355796981,0.000572501556634474,14.803009465813945,0.85
22,2016-01-28,bad_039,bad,False,False,,failure,0.5100000000000001,-2.570791755613456,7.0,10.0,7.0,10.0,0.4117647058823529,0.26023111700571594,0.27694864116658907,0.22122356063034535,,,,0.09157491645807919,4.969679652045091e-05,1.3095424117307806,0.55
22,2016-01-28,bad_040,bad,False,False,,success,0.8200000000000002,1.9032410783038785,7.5,11.0,8.0,11.0,0.42105263157894735,0.4554590569308161,0.45227702529521835,0.46288379741387764,,,,0.7179674384834466,0.00043937836805201707,11.298117745481884,0.75
22,2016-01-28,bad_041,bad,True,True,True,,,,8.5,9.0,9.5,9.0,0.5135135135135135,0.5280982233733013,0.5351234453639685,0.5117060387284112,0.42857142857142855,1.1865544247304998,0.0005585091140662216,1.1865547819512665,0.0005585091140662216,18.765459478723702,0.85
22,2016-01-28,bad_042,bad,False,False,,failure,0.39000000000000007,-2.06033849556475,6.0,10.0,6.0,10.0,0.375,0.48470564595631205,0.5321165017559739,0.3740803157571011,,,,1.480941168670853,0.000713580070941,23.435024006165794,0.95
22,2016-01-28,bad_043,bad,False,True,True,,,,8.0,9.0,9.0,9.0,0.5,0.431106180325755,0.43562375772237527,0.42056516640030767,0.6530612244897959,0.917383110392383,0.0005904098436399444,0.9173833086014533,0.0005904098436399444,14.54559610917013,0.85
22,2016-01-28,bad_044,bad,False,False,,success,0.8200000000000002,2.3517714093629394,5.5,11.0,6.0,11.0,0.35294117647058826,0.4571308032222635,0.4644093860264877,0.44014744334574063,,,,0.884309154247436,0.0005175552450230719,13.953029552134481,0.8
22,2016-01-28,bad_045,bad,True,False,,,,,8.0,10.0,8.0,10.0,0.4444444444444444,0.4973853349243574,0.5138855653463998,0.4588847972729251,,,,0.9093178923073649,0.000504366700302123,14.588418306849283,0.7
22,2016-01-28,bad_046,bad,False,False,,success,0.8200000000000002,2.0814421965750114,6.5,10.0,7.0,10.0,0.4117647058823529,0.3510128261568714,0.37955173491739036,0.28442203904899394,,,,0.7343098521398154,0.0005148289716010663,11.472314809553504,0.65
22,2016-01-28,bad_047,bad,False,False,,failure,0.5100000000000001,-3.3722881491294032,10.0,12.0,10.0,12.0,0.45454545454545453,0.4610270827752218,0.45446618031823305,0.4763358551748624,,,,0.6089426129655957,0.000297405711813595,9.52557268835428,0.75
22,2016-01-28,bad_048,bad,False,False,,success,0.9700000000000001,2.3679823464862864,5.0,9.0,5.5,9.0,0.3793103448275862,0.4441923685201366,0.5611125103252799,0.17137870430813573,,,,1.4973650615121492,0.0008730773084171754,23.70416405070182,0.9
22,2016-01-28,bad_049,bad,False,True,False,,,,8.5,10.0,8.5,11.0,0.4358974358974359,0.33279301695564373,0.28491504249109273,0.4445082907062628,1.0,0.1320758336590089,8.29435458085841e-05,0.13207586301489369,8.29435458085841e-05,2.087620481813256,0.6
23,2016-02-26,good_000,good,True,True,False,,,,25.0,6.0,25.0,7.0,0.78125,0.5464176380385771,0.4246761355581641,0.8304811438262075,0.9795918367346939,0.45386561696503136,0.00025092651498566674,0.45386572845516504,0.00025092651498566674,7.034743115308909,0.6
23,2016-02-26,good_001,good,True,True,False,,,,22.5,8.0,22.5,9.0,0.7142857142857143,0.52987998674403,0.3857096014079364,0.8662775525282487,0.7755102040816326,0.7938321959549561,0.00048544925858393675,0.7938323790992781,0.00048544925858393675,12.896238491632971,0.8
23,2016-02-26,good_002,good,True,True,True,,,,22.0,8.0,23.0,8.0,0.7419354838709677,0.606683844266052,0.5043306150327401,0.8455080458104468,0.32653061224489793,1.2254650546805879,0.0007189965370753423,1.2254653420607453,0.0007189965370753423,19.081646465398848,0.8
23,2016-02-26,good_003,good,True,True,True,,,,25.0,6.0,26.0,6.0,0.8125,0.6170603148404332,0.5507834657765196,0.7717062959895651,0.14285714285714285,1.8983372430112555,0.0008752396911862216,1.8983378175728256,0.0008752396911862216,30.250444594305545,0.95
23,2016-02-26,good_004,good,True,True,False,,,,24.0,7.0,24.0,8.0,0.75,0.5447100332759683,0.4137651072624936,0.8502481939740761,0.8775510204081632,0.6218089073325362,0.00027198523478408874,0.6218091057445059,0.00027198523478408874,9.887972509841257,0.75
23,2016-02-26,good_005,good,True,True,True,,,,25.0,6.0,26.0,6.0,0.8125,0.655249532126286,0.5979047140842612,0.7890541075576774,0.02040816326530612,2.7324933186784977,0.0009287113975723647,2.732494429676155,0.0009287113975723647,42.46760732068877,1.0
23,2016-02-26,good_006,good,True,True,True,,,,24.0,7.0,25.0,7.0,0.78125,0.6277335291477005,0.5472329389837219,0.8155682395303173,0.16326530612244897,1.8949985729693462,0.0008700871854496415,1.894999145448055,0.0008700871854496415,29.6612437277863,0.9
23,2016-02-26,good_007,good,True,True,True,,,,23.0,7.0,24.0,7.0,0.7741935483870968,0.5897194347845514,0.5406787709977026,0.7041476502871986,0.10204081632653061,1.9623379203777576,0.0008763028759111391,1.9623385319096216,0.0008763028759111391,31.397702912586674,1.0
23,2016-02-26,good_008,good,False,True,False,,,,21.0,10.0,21.0,11.0,0.65625,0.4710930882741573,0.38976235711456697,0.6608647943132014,0.7346938775510204,0.8179292715853973,0.0005233839745744039,0.8179294502122316,0.0005233839745744039,12.95372795858035,0.65
23,2016-02-26,good_009,good,True,True,True,,,,25.0,5.0,26.0,5.0,0.8387096774193549,0.6128617453637343,0.5902020650693982,0.6657343327171851,0.08163265306122448,2.0491983021340623,0.0009417342088867515,2.0491989227260516,0.0009417342088867515,32.77722737036945,1.0
23,2016-02-26,good_010,good,True,True,True,,,,29.0,2.0,30.0,2.0,0.9375,0.6574971819983173,0.535333393663349,0.942546021446577,0.24489795918367346,1.3816203120983401,0.0006798507340343441,1.3816207012346644,0.0006798507340343441,21.83886184053263,0.85
23,2016-02-26,good_011,good,True,True,True,,,,23.0,8.0,24.0,8.0,0.75,0.6317233632193772,0.5744152077791248,0.765442392579966,0.12244897959183673,1.9219479864645266,0.0008486617667724999,1.9219485901375641,0.0008486617667724999,30.106652375438372,0.95
23,2016-02-26,good_012,good,True,True,True,,,,23.0,8.0,24.0,8.0,0.75,0.5938656462271852,0.5477854856388704,0.7013860209332531,0.061224489795918366,2.1410379947338196,0.0007426159583605878,2.1410388516858676,0.0007426159583605878,33.01842869782206,1.0
23,2016-02-26,good_013,good,True,True,False,,,,20.0,10.0,20.0,11.0,0.6451612903225806,0.5773169278256589,0.4983692483280261,0.761528179986802,0.8163265306122449,0.7371545455451644,0.00045647725349436867,0.7371547092861073,0.00045647725349436867,11.63087582813483,0.75
23,2016-02-26,good_014,good,True,True,False,,,,22.0,8.0,22.0,9.0,0.7096774193548387,0.5086170367007525,0.47661307954162635,0.5832929367387136,0.8571428571428571,0.6288973539628713,0.00034181441745177526,0.628897511046323,0.00034181441745177526,9.90873127282816,0.8
23,2016-02-26,good_015,good,True,True,True,,,,21.5,9.0,22.5,9.0,0.7142857142857143,0.6114524089708979,0.5535273666086451,0.7466108411494878,0.5102040816326531,0.959471822991172,0.0006562080267288612,0.9594720159654572,0.0006562080267288612,15.167436938109095,0.8
23,2016-02-26,good_016,good,True,True,True,,,,26.0,5.0,27.0,5.0,0.84375,0.7204342483308103,0.6491298408961967,0.8868111990115753,0.0,3.484752519983875,0.0010794465841366513,3.484754084418453,0.0010794465841366513,56.408447363603415,1.0
23,2016-02-26,good_017,good,True,True,True,,,,24.0,7.0,25.0,7.0,0.78125,0.5651681790631379,0.46663983089567873,0.7950676581205426,0.42857142857142855,1.132784130172982,0.0007362510489983202,1.1327843737959729,0.0007362510489983202,18.00143856009099,0.8
23,2016-02-26,good_018,good,True,True,True,,,,24.0,7.0,25.0,7.0,0.78125,0.6101447684107213,0.5603001430342237,0.7264488942892158,0.1836734693877551,1.760757625132063,0.0008353705554844229,1.7607581392783662,0.0008353705554844229,27.568224220699772,0.95
23,2016-02-26,good_019,good,True,True,False,,,,25.0,6.0,25.0,7.0,0.78125,0.525751609027877,0.46807717252426423,0.6603252942029734,0.5510204081632653,0.8938704439189209,0.0005607187682645299,0.8938706421559484,0.0005607187682645299,14.181111778214301,0.75
23,2016-02-26,medium_000,medium,True,True,True,,,,14.0,12.0,15.0,12.0,0.5555555555555556,0.505292229884644,0.4822517805478931,0.5590532783370626,0.3673469387755102,1.212801683789172,0.0004215070787865556,1.212802163578125,0.0004215070787865556,18.937336009732128,0.85
23,2016-02-26,medium_001,medium,True,False,,,,,19.0,10.0,19.0,10.0,0.6551724137931034,0.5886962943547871,0.49783436082625654,0.8007074725880251,,,,1.0364322082881072,0.0006585990360582154,16.127366029202907,0.85
23,2016-02-26,medium_002,medium,True,False,,,,,16.0,11.0,16.0,11.0,0.5925925925925926,0.5383112052898543,0.516141800011167,0.5900398176067915,,,,1.3616635477118222,0.0005007791201986239,21.48611116202503,0.85
23,2016-02-26,medium_003,medium,True,True,True,,,,16.5,12.0,17.5,12.0,0.5932203389830508,0.5897486131541276,0.5239048144517026,0.7433841434597863,0.6938775510204082,0.8553084288064243,0.0004134379797143694,0.8553086709959606,0.0004134379797143694,13.503971291560369,0.8
23,2016-02-26,medium_004,medium,True,True,True,,,,17.5,10.0,18.5,10.0,0.6491228070175439,0.5217385393444629,0.47942230959212323,0.6204764087665887,0.2653061224489796,1.3262451447156545,0.0006907733689108335,1.3262454991549293,0.0006907733689108335,20.9866557025247,0.9
23,2016-02-26,medium_005,medium,False,False,,success,0.9400000000000001,0.8909843819277228,15.5,11.0,16.0,11.0,0.5925925925925926,0.440134743977838,0.3835810953783569,0.5720932573766275,,,,1.0459559638803904,0.0005179076883657107,16.628624036961067,0.75
23,2016-02-26,medium_006,medium,False,True,False,,,,15.0,12.0,15.0,13.0,0.5357142857142857,0.42243158548924903,0.4907418375744665,0.2630409972904083,0.6530612244897959,0.8696762086790075,0.0004973662269522786,0.869676419036806,0.0004973662269522786,13.453141117800609,0.85
23,2016-02-26,medium_007,medium,False,True,False,,,,12.5,11.0,12.5,12.0,0.5102040816326531,0.4495524950529205,0.5038243073609525,0.32291826633417925,0.4489795918367347,1.0913329389893696,0.0006251455447472673,1.0913332056009581,0.0006251455447472673,17.281296426548135,0.8
23,2016-02-26,medium_008,medium,True,False,,,,,15.5,13.0,15.5,13.0,0.543859649122807,0.5002904017674026,0.5220298417044098,0.44956504191438595,,,,0.7704752234639201,0.00042851989458286295,12.203832967964379,0.8
23,2016-02-26,medium_009,medium,False,False,,failure,0.4200000000000001,-0.1832686947118276,18.0,12.0,18.0,12.0,0.6,0.47889053940257587,0.4426139768160462,0.5635358521044785,,,,1.020867273223289,0.0006193310314081645,16.065407648828305,0.85
23,2016-02-26,medium_010,medium,True,True,False,,,,14.0,13.0,14.0,14.0,0.5,0.514683718315242,0.47028450988412557,0.6182818713211802,0.7551020408163265,0.7951334829437805,0.0005291590555281979,0.7951336458733499,0.0005291590555281979,12.385828616122499,0.8
23,2016-02-26,medium_011,medium,False,False,,success,0.8200000000000002,2.3903730640205225,12.0,13.0,12.5,13.0,0.49019607843137253,0.4583136966696344,0.4379850243305474,0.5057472654608375,,,,0.681574050549635,0.00040739273561364353,10.779632020983277,0.7
23,2016-02-26,medium_012,medium,True,False,,,,,17.5,11.0,17.5,11.0,0.6140350877192983,0.5468988473671949,0.4873931748103471,0.6857454166665062,,,,1.6886317737730658,0.0008545420723627456,26.448399698187693,0.9
23,2016-02-26,medium_013,medium,True,False,,,,,10.0,11.0,10.0,11.0,0.47619047619047616,0.5307966482936849,0.5393487575687241,0.5108417266519268,,,,1.569446300509459,0.0008473785020381564,24.80236144311061,0.9
23,2016-02-26,medium_014,medium,True,True,True,,,,17.5,9.0,18.5,9.0,0.6727272727272727,0.5521552048111196,0.47602482776079075,0.7297927512618867,0.6326530612244898,0.8784308589306825,0.0004972211360535684,0.8784310734084406,0.0004972211360535684,13.927791804767377,0.75
23,2016-02-26,medium_015,medium,True,True,True,,,,13.5,10.0,14.5,10.0,0.5918367346938775,0.5530257808498423,0.4831060915403759,0.7161717225719308,0.3469387755102041,1.2143007749473798,0.0007248037485385222,1.2143010622629364,0.0007248037485385222,19.15068382458922,0.85
23,2016-02-26,medium_016,medium,True,True,True,,,,19.0,11.0,20.0,11.0,0.6451612903225806,0.5367938906896335,0.5588923469162856,0.48523082616077845,0.2857142857142857,1.3146034570642773,0.0007403202765845056,1.3146037815736449,0.0007403202765845056,21.153394639655218,0.9
23,2016-02-26,medium_017,medium,False,True,False,,,,12.0,12.0,12.0,13.0,0.48,0.32434632682756087,0.34451653500807755,0.2772825077396887,0.9591836734693877,0.5575366434901065,0.0003755861983330459,0.5575367615187397,0.0003755861983330459,9.009462894524816,0.7
23,2016-02-26,medium_018,medium,True,True,False,,,,19.5,10.0,19.5,11.0,0.639344262295082,0.5083627397841651,0.45523796584125353,0.6323205456509589,0.7959183673469388,0.7715192735646712,0.00038562443132559237,0.7715194849668802,0.00038562443132559237,12.005837660022923,0.8
23,2016-02-26,medium_019,medium,True,False,,,,,13.0,13.0,13.5,13.0,0.5094339622641509,0.5109840784081163,0.5267752209066213,0.47413807924493806,,,,1.7466656885147729,0.0007293909328259288,27.764890348113983,0.95
23,2016-02-26,medium_020,medium,False,True,False,,,,16.5,11.0,16.5,12.0,0.5789473684210527,0.4415613685808314,0.36086032002243296,0.6298638152170946,0.9387755102040817,0.558097597514491,0.0003663324892221638,0.5580977164345956,0.0003663324892221638,9.019474166084343,0.7
23,2016-02-26,medium_021,medium,True,True,True,,,,15.5,11.0,16.5,11.0,0.6,0.5603430340805496,0.5688305806015982,0.5405387588647698,0.04081632653061224,2.187366531619993,0.0008368356579687133,2.187367321411968,0.0008368356579687133,34.585228807077776,1.0
23,2016-02-26,medium_022,medium,True,True,True,,,,20.0,10.0,21.0,10.0,0.6774193548387096,0.49511546896640596,0.5024304403776619,0.47804720234014203,0.6122448979591837,0.8863515198248281,0.0005527482144753867,0.8863517157084841,0.0005527482144753867,13.848419698387772,0.8
23,2016-02-26,medium_023,medium,True,False,,,,,15.5,13.0,16.0,13.0,0.5517241379310345,0.5442464307664845,0.5243904222353823,0.590577117339056,,,,1.8655483480863244,0.00088146809209671,29.46328583355052,0.95
23,2016-02-26,medium_024,medium,True,True,False,,,,16.5,10.0,16.5,11.0,0.6,0.49805545992241435,0.4729411563767435,0.5566555015289798,0.4897959183673469,1.0678513154543237,0.0006051149378442941,1.0678515764763805,0.0006051149378442941,16.997188234438084,0.8
23,2016-02-26,medium_025,medium,True,False,,,,,15.0,13.0,15.5,13.0,0.543859649122807,0.5379290282338384,0.5129124288346811,0.5963010934985389,,,,1.064804645100906,0.0006585470894552066,16.82714426555711,0.9
23,2016-02-26,medium_026,medium,True,True,True,,,,18.5,9.0,19.5,9.0,0.6842105263157895,0.544057568951646,0.48073952314182833,0.6917996758412208,0.5918367346938775,0.8875434065950806,0.000638529243982484,0.8875435783668872,0.000638529243982484,14.13020817955163,0.8
23,2016-02-26,medium_027,medium,False,False,,failure,0.39000000000000007,-1.7910847419764764,11.0,12.0,11.0,12.0,0.4782608695652174,0.406923777163078,0.44537447692014986,0.3172054777299103,,,,0.6035925837475651,0.00042519557857448494,9.569844459948811,0.8
23,2016-02-26,medium_028,medium,True,True,True,,,,14.0,12.0,15.0,12.0,0.5555555555555556,0.4924873268267188,0.4821871365261713,0.516521104194663,0.20408163265306123,1.4145773872265828,0.000612106077712645,1.4145778398783047,0.000612106077712645,22.30186989806277,0.9
23,2016-02-26,medium_029,medium,False,True,True,,,,15.5,13.0,16.5,13.0,0.559322033898305,0.4720627382713336,0.45923912149161084,0.5019845107573535,0.22448979591836735,1.3978335793904026,0.0005143581615354847,1.3978341065030553,0.0005143581615354847,21.89825817577219,0.9
23,2016-02-26,bad_000,bad,True,True,True,,,,11.5,13.0,12.5,13.0,0.49019607843137253,0.5301076228464352,0.5101001476372381,0.5767917316678953,0.673469387755102,0.866388169571782,0.0005510070286093849,0.8663883568161717,0.0005510070286093849,13.641428274093219,0.85
23,2016-02-26,bad_001,bad,False,True,True,,,,7.5,9.0,8.5,9.0,0.4857142857142857,0.4646260884236695,0.46991014371597345,0.45229662607496024,0.40816326530612246,1.1652716099697706,0.0005524012840100693,1.165271952211891,0.0005524012840100693,18.296460908526086,0.8
23,2016-02-26,bad_002,bad,False,False,,failure,0.5400000000000001,-1.3580192802135116,6.0,10.0,6.0,10.0,0.375,0.47390324999403777,0.5482488405925738,0.30043020526412034,,,,1.7147118251854743,0.0008326934642860356,26.524249491963598,0.9
23,2016-02-26,bad_003,bad,False,False,,success,0.91,4.125842884920019,9.0,12.0,9.5,12.0,0.4418604651162791,0.38985408018685463,0.40421494914826167,0.35634538594357174,,,,0.812846202025883,0.0003610678760707513,12.932577779844323,0.8
23,2016-02-26,bad_004,bad,True,False,,,,,7.5,9.0,8.0,9.0,0.47058823529411764,0.49553491768632585,0.5157008789381192,0.44848100809880825,,,,1.2759893610362174,0.0005534680859448255,20.00803102244907,0.9
23,2016-02-26,bad_005,bad,False,False,,failure,0.36000000000000004,-0.9049943200949002,4.5,10.0,4.5,10.0,0.3103448275862069,0.37505256877569204,0.38862452584732254,0.3433846689418875,,,,0.44325228306016484,0.0003013111291698485,6.901970682589298,0.7
23,2016-02-26,bad_006,bad,False,True,False,,,,10.0,13.0,10.0,14.0,0.4166666666666667,0.44535925513195773,0.4452981062102249,0.44550193594933446,0.9183673469387755,0.6122432708259795,0.00036357525131400735,0.6122434119527125,0.00036357525131400735,9.59720514577421,0.75
23,2016-02-26,bad_007,bad,False,False,,failure,0.5400000000000001,-1.3087733466413454,8.5,9.0,8.5,9.0,0.4857142857142857,0.4537049402306611,0.4986478058899959,0.34883825369221333,,,,1.4550173634696035,0.0006782789569759473,23.020661860411852,0.9
23,2016-02-26,bad_008,bad,False,False,,success,0.9400000000000001,1.654691564008985,5.0,8.0,5.5,8.0,0.4074074074074074,0.47273675009885247,0.4274057554701979,0.5785090708990467,,,,0.4461645648284661,0.0003202004553920741,7.026936307989654,0.75
23,2016-02-26,bad_009,bad,False,True,False,,,,6.5,10.0,6.5,11.0,0.37142857142857144,0.4163196337868091,0.4189022144241735,0.4102936122996255,0.8979591836734694,0.6169169079418312,0.00034192301098579333,0.6169170613620686,0.00034192301098579333,9.812958782931208,0.7
23,2016-02-26,bad_010,bad,False,False,,success,0.8200000000000002,1.543158937657438,8.0,11.0,8.5,11.0,0.4358974358974359,0.4442705283888151,0.49719287856056127,0.3207850446547408,,,,0.6896117408934471,0.00048401289856692413,10.865508597268894,0.85
23,2016-02-26,bad_011,bad,False,False,,success,0.8200000000000002,1.0798471491221306,4.0,9.0,4.5,9.0,0.3333333333333333,0.4281981094855476,0.4305869491063643,0.4226241503703087,,,,0.4499231364574984,0.00020887407868174518,6.971329241021171,0.65
23,2016-02-26,bad_012,bad,False,False,,success,0.9400000000000001,1.33231334166085,7.5,10.0,8.0,10.0,0.4444444444444444,0.40597728659570753,0.3903796939033606,0.44237166954451707,,,,1.0223198132292917,0.0005853583347194197,16.56348125895672,0.9
23,2016-02-26,bad_013,bad,False,False,,success,0.9700000000000001,5.96456017560034,9.5,11.0,10.0,11.0,0.47619047619047616,0.4778597728687741,0.5108886926483123,0.4007922933831853,,,,1.2286596582449312,0.0006221857433255598,19.933085779105323,0.85
23,2016-02-26,bad_014,bad,False,False,,success,0.8500000000000002,1.572476574874841,5.0,9.0,5.5,9.0,0.3793103448275862,0.41144968440964086,0.4754399720191834,0.26213901332070844,,,,0.9578405505274187,0.0005650036416028171,15.16570822940856,0.7
23,2016-02-26,bad_015,bad,False,True,True,,,,5.5,10.0,6.5,10.0,0.3939393939393939,0.44219763222002595,0.5030354601812841,0.3002427003104237,0.30612244897959184,1.2935912020752247,0.0005851115621387744,1.2935916039838216,0.0005851115621387744,20.498371624988565,0.9
23,2016-02-26,bad_016,bad,False,False,,success,0.9400000000000001,0.3535190735015874,6.5,11.0,7.0,11.0,0.3888888888888889,0.4126753593579333,0.37121890728724616,0.5094070808562035,,,,0.7050660966653589,0.0005468312203501796,11.57733896273363,0.8
23,2016-02-26,bad_017,bad,True,False,,,,,7.5,10.0,8.0,10.0,0.4444444444444444,0.5336544845015571,0.5690709922284134,0.45101596647222586,,,,1.8365301895802786,0.0007536041844803673,29.64220799035488,0.95
23,2016-02-26,bad_018,bad,True,False,,,,,8.0,9.0,8.5,9.0,0.4857142857142857,0.5358958834217438,0.49866071883134744,0.6227779341326684,,,,1.3470685936941316,0.0005850388022495044,21.35956934188682,0.9
23,2016-02-26,bad_019,bad,True,True,False,,,,10.0,11.0,10.0,12.0,0.45454545454545453,0.49008111142121813,0.4829256862640249,0.5067771034546692,0.7142857142857143,0.821105773379585,0.0004938988305320909,0.8211059615805443,0.0004938988305320909,13.0494726873652,0.85
23,2016-02-26,bad_020,bad,False,False,,success,0.7300000000000001,0.020830771328064657,8.5,10.0,9.0,10.0,0.47368421052631576,0.46364011157136,0.4488453845515963,0.49816114128414213,,,,0.6616491775594732,0.0003949219718113337,10.444930941891377,0.7
23,2016-02-26,bad_021,bad,True,False,,,,,8.5,10.0,9.0,10.0,0.47368421052631576,0.5311247786352343,0.571620379905482,0.4366350423379898,,,,1.932211627927136,0.0008327285239897776,31.09658945519967,0.9
23,2016-02-26,bad_022,bad,False,False,,failure,0.39000000000000007,-0.7374661813103245,7.0,9.0,7.0,9.0,0.4375,0.42222914849068316,0.3979393956124282,0.47890523853994477,,,,0.4827560392956703,0.0003114505700069889,7.801930407492736,0.65
23,2016-02-26,bad_023,bad,False,False,,success,0.8200000000000002,0.9379251754542111,7.5,11.0,8.0,11.0,0.42105263157894735,0.4667788079547276,0.4340056369659574,0.5432495402618581,,,,0.730330990945126,0.000478736121829985,11.611688562003714,0.7
23,2016-02-26,bad_024,bad,False,False,,success,0.9400000000000001,3.950792247121896,8.5,11.0,9.0,11.0,0.45,0.4555523657950453,0.47147102338182334,0.41840883142589674,,,,1.181399992829163,0.0007321967337345778,18.911648738338595,0.9
23,2016-02-26,bad_025,bad,False,False,,failure,0.36000000000000004,-4.0256448697647755,7.5,10.0,7.5,10.0,0.42857142857142855,0.29461311821230896,0.2643961037764781,0.3651194852292477,,,,0.046937615583142994,2.988266107624882e-05,0.8514745747466259,0.6
23,2016-02-26,bad_026,bad,False,False,,failure,0.5100000000000001,-0.78225833887997,5.5,10.0,5.5,10.0,0.3548387096774194,0.41874007263283775,0.3965037649381635,0.4706247905870776,,,,0.9776603597657666,0.00056642389981071,15.543693304472852,0.85
23,2016-02-26,bad_027,bad,False,False,,failure,0.36000000000000004,-1.9709738310962308,5.5,10.0,5.5,10.0,0.3548387096774194,0.4154913460553624,0.4327709950365177,0.37517216509933343,,,,0.5367396216541656,0.00027523207808085616,8.334853511974117,0.65
23,2016-02-26,bad_028,bad,True,False,,,,,5.5,10.0,6.0,10.0,0.375,0.5197833614243506,0.5627900514915728,0.4194344179341654,,,,1.9037050054137206,0.0008636741225668354,30.027107554119866,1.0
23,2016-02-26,bad_029,bad,False,False,,success,0.8500000000000002,0.7539735632989988,9.0,11.0,9.5,11.0,0.4634146341463415,0.3600119803210764,0.3824991597542523,0.3075418949769995,,,,0.827006100933146,0.0005349465026020437,13.37074402696647,0.75
23,2016-02-26,bad_030,bad,False,True,True,,,,7.5,10.0,8.5,10.0,0.4594594594594595,0.37464086926722745,0.44610306889704254,0.20789573679765902,0.5306122448979592,0.9438700022955275,0.0005421969586675287,0.943870229144537,0.0005421969586675287,15.061961386071664,0.75
23,2016-02-26,bad_031,bad,False,True,False,,,,9.5,9.0,9.5,10.0,0.48717948717948717,0.45485839330800076,0.4457571915084786,0.47609453084021924,0.46938775510204084,1.0701267081018333,0.0006265819131214572,1.0701269639922555,0.0006265819131214572,17.009736799001143,0.75
23,2016-02-26,bad_032,bad,False,False,,failure,0.5100000000000001,-0.9707451743569493,7.0,10.0,7.0,10.0,0.4117647058823529,0.31087027347782087,0.3456122515387083,0.22980565800241695,,,,0.3237717838592582,0.00023392293455137982,5.223572148062135,0.6
23,2016-02-26,bad_033,bad,False,True,False,,,,5.0,9.0,5.0,10.0,0.3333333333333333,0.36773423443674624,0.42816359819509886,0.22673238566725695,0.8367346938775511,0.7332983849432083,0.0003750989911797728,0.7332985846398634,0.0003750989911797728,11.655788548638682,0.75
23,2016-02-26,bad_034,bad,False,False,,failure,0.39000000000000007,-1.2120649092466351,7.5,10.0,7.5,10.0,0.42857142857142855,0.4077509322824016,0.40668217330079753,0.410244703239478,,,,0.3223721470259155,0.00021460147627492873,5.072597718105727,0.7
23,2016-02-26,bad_035,bad,False,False,,failure,0.5100000000000001,-2.425469648550404,7.0,11.0,7.0,11.0,0.3888888888888889,0.4450673634443947,0.3930759552597126,0.5663806492086529,,,,0.41129306501262175,0.00028516791863112615,6.64998379981438,0.65
23,2016-02-26,bad_036,bad,False,False,,failure,0.36000000000000004,-0.5368099766770769,6.5,11.0,6.5,11.0,0.37142857142857144,0.2924157294046852,0.29963092580574757,0.2755802711355397,,,,0.21506349586672438,0.00012657289785222836,3.606690400678508,0.65
23,2016-02-26,bad_037,bad,False,False,,failure,0.39000000000000007,-0.11205244454191643,3.5,10.0,3.5,10.0,0.25925925925925924,0.38150405407146776,0.4434359290355204,0.2369963458220117,,,,1.066072918621389,0.00037342510743320283,17.237337861057377,0.85
23,2016-02-26,bad_038,bad,False,True,False,,,,9.5,10.0,9.5,11.0,0.4634146341463415,0.4431643799401788,0.3748377508235605,0.6025931812122883,1.0,0.2585227125805036,0.00012631901500674214,0.25852278375011717,0.00012631901500674214,3.918454301761085,0.55
23,2016-02-26,bad_039,bad,False,False,,success,0.91,1.0705349358294995,7.0,10.0,7.5,10.0,0.42857142857142855,0.467584183050922,0.3997964437942006,0.6257555746499386,,,,0.2121847670095295,0.00014602719957936705,3.2723426580393804,0.5
23,2016-02-26,bad_040,bad,False,False,,failure,0.39000000000000007,-0.5534120725063048,8.0,11.0,8.0,11.0,0.42105263157894735,0.3793595075255219,0.3312604675127118,0.49159060088874545,,,,0.3861778245442793,0.00023611382830075276,6.217942162458268,0.65
23,2016-02-26,bad_041,bad,False,True,True,,,,9.5,9.0,10.5,9.0,0.5384615384615384,0.4692557127331394,0.4900717686246219,0.42068491565301375,0.3877551020408163,1.2032227821408494,0.0006458344337610232,1.2032230945293305,0.0006458344337610232,18.99217187318094,0.9
23,2016-02-26,bad_042,bad,True,False,,,,,6.0,10.0,6.0,10.0,0.375,0.4938969317589405,0.5743462553897636,0.30618184328702,,,,2.5624496943462796,0.001007316889265934,41.137607050177046,0.95
23,2016-02-26,bad_043,bad,False,False,,failure,0.39000000000000007,-1.6169441897321661,9.0,9.0,9.0,9.0,0.5,0.4598518196476114,0.41208709869671933,0.5713028351996929,,,,0.4099886433976447,0.0002356870961110258,6.542429769550565,0.6
23,2016-02-26,bad_044,bad,False,False,,failure,0.36000000000000004,-0.9308936059461672,6.0,11.0,6.0,11.0,0.35294117647058826,0.3556533460927954,0.3811515871939951,0.29615745018999634,,,,0.1509234431090556,9.630965634486091e-05,2.284249741406737,0.65
23,2016-02-26,bad_045,bad,False,True,False,,,,8.0,10.0,8.0,11.0,0.42105263157894735,0.4898581161798282,0.4699323241564338,0.536351630901082,0.5714285714285714,0.8927381322973239,0.0005073713129369321,0.892738347635374,0.0005073713129369321,13.829881576953198,0.9
23,2016-02-26,bad_046,bad,True,False,,,,,7.0,10.0,7.5,10.0,0.42857142857142855,0.49580269004862076,0.5125199556384872,0.45679573700559906,,,,1.4395223673697644,0.0007772878202129693,22.91814973547098,0.85
23,2016-02-26,bad_047,bad,True,False,,,,,10.0,12.0,10.0,12.0,0.45454545454545453,0.5070063852286953,0.5023292962923116,0.5179195927469242,,,,1.1718036388992,0.0007703623360672788,18.629187394664648,0.85
23,2016-02-26,bad_048,bad,False,False,,success,0.9700000000000001,0.12539257341475718,5.5,9.0,6.0,9.0,0.4,0.3711443186407056,0.4398580806158964,0.21081220736526038,,,,0.9027367099887477,0.0004183693102760112,14.466320418793485,0.85
23,2016-02-26,bad_049,bad,False,False,,failure,0.36000000000000004,-0.26965758768278647,8.5,11.0,8.5,11.0,0.4358974358974359,0.3339171654425579,0.3223343278515074,0.3609437864883424,,,,0.2340400034080075,0.00014368790271107737,3.8256055995599887,0.65
24,2016-03-28,good_000,good,True,True,False,,,,25.0,7.0,25.0,8.0,0.7575757575757576,0.5068212321275556,0.33292066484577126,0.9125892224517193,0.9591836734693877,0.3915233028205674,0.00026985740274740165,0.39152338148096655,0.00026985740274740165,6.1131227080713435,0.7
24,2016-03-28,good_001,good,True,True,True,,,,22.5,9.0,23.5,9.0,0.7230769230769231,0.586381915715038,0.5544905261604505,0.6607951580090753,0.5510204081632653,1.0066917761336183,0.0006935080441421327,1.006691979365349,0.0006935080441421327,15.701494618497344,0.8
24,2016-03-28,good_002,good,True,True,True,,,,23.0,8.0,24.0,8.0,0.75,0.6297180319251888,0.5914181120235944,0.7190845116955759,0.24489795918367346,1.423441167822186,0.0008595722740046446,1.4234414975834668,0.0008595722740046446,22.830144696892102,0.9
24,2016-03-28,good_003,good,True,True,False,,,,26.0,6.0,26.0,7.0,0.7878787878787878,0.5538540110992136,0.4598254135727934,0.773254071994194,0.9183673469387755,0.4998569813391844,0.0003284451366338895,0.49985708997133604,0.0003284451366338895,8.067662276027106,0.65
24,2016-03-28,good_004,good,True,True,True,,,,24.0,8.0,25.0,8.0,0.7575757575757576,0.527151069839452,0.5065003478236191,0.5753360878763957,0.4489795918367347,1.1488195748561723,0.0007079828338809793,1.1488198365776219,0.0007079828338809793,18.422043652340395,0.85
24,2016-03-28,good_005,good,True,True,True,,,,26.0,6.0,27.0,6.0,0.8181818181818182,0.6744123198672033,0.5990464075730563,0.8502661152202131,0.2857142857142857,1.4054586323970233,0.0009101338980771069,1.4054589365851398,0.0009101338980771069,22.352820677731476,0.85
24,2016-03-28,good_006,good,False,True,False,,,,25.0,7.0,25.0,8.0,0.7575757575757576,0.46391925656597377,0.3514753718620972,0.7262883208750192,0.8979591836734694,0.5627950079550039,0.00038019982715910186,0.5627951232421485,0.00038019982715910186,8.742540691814582,0.8
24,2016-03-28,good_007,good,True,True,True,,,,24.0,7.0,25.0,7.0,0.78125,0.6259254197865161,0.5608722304410692,0.7777161949258921,0.16326530612244897,1.6424397488770206,0.0007678477118587474,1.6424402387719026,0.0007678477118587474,25.83866299350587,0.9
24,2016-03-28,good_008,good,True,False,,,,,21.0,11.0,21.0,11.0,0.65625,0.5836740309888838,0.5439687808165623,0.6763196147243007,,,,0.9748019319253018,0.0005757009989960854,15.51354045892815,0.9
24,2016-03-28,good_009,good,True,True,True,,,,26.0,5.0,27.0,5.0,0.84375,0.7080646918044424,0.6062160652982653,0.9457114869855228,0.08163265306122448,2.425771591047075,0.0010245647585403728,2.425772392798465,0.0010245647585403728,38.56299569588675,1.0
24,2016-03-28,good_010,good,True,True,True,,,,30.0,2.0,31.0,2.0,0.9393939393939394,0.6919574232599934,0.5701413645898932,0.9761948934902274,0.22448979591836735,1.4814563844090312,0.0006724610641455068,1.4814568425203432,0.0006724610641455068,23.61300058915401,0.9
24,2016-03-28,good_011,good,True,True,True,,,,24.0,8.0,25.0,8.0,0.7575757575757576,0.6337682044448683,0.5426504402765908,0.8463763208375156,0.6530612244897959,0.8275588727683714,0.000615333923692178,0.8275590278654417,0.000615333923692178,13.171932403051317,0.8
24,2016-03-28,good_012,good,True,True,True,,,,24.0,8.0,25.0,8.0,0.7575757575757576,0.5881643638213412,0.552862002789718,0.6705365395617955,0.1836734693877551,1.6183991898324612,0.0005904565525241419,1.618399810494884,0.0005904565525241419,25.652505413475122,0.95
24,2016-03-28,good_013,good,True,True,True,,,,20.0,11.0,21.0,11.0,0.65625,0.5516695677021586,0.5295222993142044,0.6033465272740518,0.32653061224489793,1.3351378510789977,0.0007307553005100702,1.3351381924799253,0.0007307553005100702,21.236116938199217,0.9
24,2016-03-28,good_014,good,True,True,True,,,,22.0,9.0,23.0,9.0,0.71875,0.6280688739623884,0.5905794007979845,0.7155443113459974,0.0,3.2621156053793974,0.0010025376118444564,3.2621170939926656,0.0010025376118444564,52.25034638342716,1.0
24,2016-03-28,good_015,good,True,True,False,,,,22.5,9.0,22.5,10.0,0.6923076923076923,0.5031717747848579,0.4424456139922285,0.6448661499676598,0.7755102040816326,0.7434294546310948,0.0005572761307632536,0.743429594146758,0.0005572761307632536,11.896863945245991,0.75
24,2016-03-28,good_016,good,True,True,True,,,,27.0,5.0,28.0,5.0,0.8484848484848485,0.6753363143376303,0.5709984690261636,0.9187912867310527,0.12244897959183673,1.7138154249564477,0.0007354434507603012,1.7138159840415392,0.0007354434507603012,27.18733562978087,0.9
24,2016-03-28,good_017,good,True,True,True,,,,25.0,7.0,26.0,7.0,0.7878787878787878,0.6285502586509417,0.5301711188518335,0.8581015848488609,0.20408163265306123,1.4980577432969788,0.0008103770776314203,1.4980581299972402,0.0008103770776314203,23.676633933131054,0.95
24,2016-03-28,good_018,good,True,True,False,,,,25.0,7.0,25.0,8.0,0.7575757575757576,0.5638463799081859,0.46888175304886437,0.7854305092466027,0.5714285714285714,0.9641658781686129,0.0005471242402978369,0.9641661164611837,0.0005471242402978369,15.323737925457598,0.85
24,2016-03-28,good_019,good,True,True,True,,,,25.0,7.0,26.0,7.0,0.7878787878787878,0.578277823811452,0.5100083643800377,0.7375732291514187,0.14285714285714285,1.7034372181167277,0.0008716981558189735,1.703437681989352,0.0008716981558189735,27.047391008238346,0.9
24,2016-03-28,medium_000,medium,True,True,True,,,,15.0,12.0,16.0,12.0,0.5714285714285714,0.549042153742365,0.5047143565586243,0.6524736805044266,0.5306122448979592,1.1011362143450727,0.0005688274827100267,1.101136510835171,0.0005688274827100267,17.377582825380316,0.85
24,2016-03-28,medium_001,medium,True,True,True,,,,19.0,10.0,20.0,10.0,0.6666666666666666,0.5678660764945548,0.5378205989327676,0.6379721908053917,0.4897959183673469,1.1234827619203454,0.0006550708491436871,1.1234830331183525,0.0006550708491436871,17.824842953280136,0.85
24,2016-03-28,medium_002,medium,True,True,True,,,,16.0,11.0,17.0,11.0,0.6071428571428571,0.5168334355301771,0.4820141220993708,0.5980785002020589,0.40816326530612246,1.179818294381835,0.0005004054487032769,1.179818685282615,0.0005004054487032769,18.939180269645487,0.95
24,2016-03-28,medium_003,medium,True,True,True,,,,17.5,12.0,18.5,12.0,0.6065573770491803,0.5444913171090003,0.5822385748944936,0.4564143822761827,0.061224489795918366,2.5387857641457385,0.000914917004426598,2.538786747210406,0.000914917004426598,40.2028224012938,1.0
24,2016-03-28,medium_004,medium,True,True,True,,,,18.5,10.0,19.5,10.0,0.6610169491525424,0.5754804812247301,0.5107799144163095,0.7264484704443779,0.3673469387755102,1.3081794462939165,0.0007303585639456137,1.308179776715739,0.0007303585639456137,20.56915229782311,0.95
24,2016-03-28,medium_005,medium,True,False,,,,,16.0,11.0,16.5,11.0,0.6,0.5917792977483307,0.5718570164289537,0.6382646208268772,,,,1.8966864944669448,0.0008935853721533831,30.02648176166238,0.95
24,2016-03-28,medium_006,medium,True,False,,,,,15.0,13.0,15.0,13.0,0.5357142857142857,0.52697112724665,0.5220006252387135,0.5385689652651687,,,,1.3064462697107826,0.0006532174943944027,20.924659676076534,0.9
24,2016-03-28,medium_007,medium,True,False,,,,,12.5,12.0,12.5,12.0,0.5102040816326531,0.5281875700190242,0.5695489423004054,0.4316777013624682,,,,1.515745035805361,0.0006730591807264467,24.097177145022574,0.9
24,2016-03-28,medium_008,medium,False,True,True,,,,15.5,13.0,16.5,13.0,0.559322033898305,0.43388284133103594,0.4953586470399518,0.290439294676899,0.46938775510204084,1.1323876280955014,0.0005994538000069671,1.132387929751937,0.0005994538000069671,18.04881245233408,0.85
24,2016-03-28,medium_009,medium,True,False,,,,,18.0,12.0,18.0,12.0,0.6,0.5010093131530257,0.5073883760534244,0.4861248330520955,,,,1.0659589183652458,0.0006630673509916993,16.892148628008687,0.85
24,2016-03-28,medium_010,medium,False,True,True,,,,14.0,14.0,15.0,14.0,0.5172413793103449,0.46939564409081636,0.5042333370624323,0.38810769382371263,0.5918367346938775,0.9631602457759979,0.0004335034160726693,0.9631605468368941,0.0004335034160726693,15.23874630400403,0.9
24,2016-03-28,medium_011,medium,False,False,,success,0.8200000000000002,1.753781009766513,12.5,13.0,13.0,13.0,0.5,0.44381229809091266,0.4450192443614678,0.4409960901262842,,,,0.5463670635950114,0.00040279413385100563,8.574818681258607,0.7
24,2016-03-28,medium_012,medium,True,True,False,,,,17.5,11.0,17.5,12.0,0.5932203389830508,0.5082868920402662,0.41912334086867525,0.7163351781073118,0.7142857142857143,0.7911185081107124,0.0004826373140813866,0.7911186905935054,0.0004826373140813866,12.819147168538953,0.75
24,2016-03-28,medium_013,medium,False,True,True,,,,10.0,11.0,11.0,11.0,0.5,0.46523710703624777,0.47786537991342093,0.43577113698951053,0.3469387755102041,1.3299488761116118,0.0005694038807462253,1.3299493103551356,0.0005694038807462253,20.929962189994566,0.85
24,2016-03-28,medium_014,medium,True,True,True,,,,18.5,9.0,19.5,9.0,0.6842105263157895,0.6310598397213322,0.6197738758824167,0.6573937553454683,0.02040816326530612,3.2617517147942676,0.0010510046509383136,3.2617531330910845,0.0010510046509383136,50.453716922837074,1.0
24,2016-03-28,medium_015,medium,False,True,False,,,,14.5,10.0,14.5,11.0,0.5686274509803921,0.49369923169756347,0.45456127783805955,0.585021124036406,0.8367346938775511,0.606200128953831,0.0003585949644624265,0.606200273858093,0.0003585949644624265,9.654128251426116,0.75
24,2016-03-28,medium_016,medium,True,True,False,,,,20.0,11.0,20.0,12.0,0.625,0.5216183487425486,0.4663019934675704,0.6506898443841647,0.8163265306122449,0.6829934517520514,0.0004717200759416334,0.6829935884015297,0.0004717200759416334,10.722763764414374,0.8
24,2016-03-28,medium_017,medium,True,False,,,,,12.0,13.0,12.0,13.0,0.48,0.5339081252501557,0.5148765368185948,0.578315164923798,,,,1.8954658937678701,0.0007351057062808473,30.345914466955332,0.95
24,2016-03-28,medium_018,medium,True,True,True,,,,19.5,11.0,20.5,11.0,0.6507936507936508,0.5610792084441558,0.42681734947114724,0.8743568793811759,0.6938775510204082,0.816449524667675,0.0004471177171482448,0.8164497332953283,0.0004471177171482448,12.906632359845702,0.75
24,2016-03-28,medium_019,medium,False,True,False,,,,13.5,13.0,13.5,14.0,0.4909090909090909,0.4134120561610449,0.3702699393770992,0.5140769953235851,0.7551020408163265,0.7469155110965517,0.0005220798479517733,0.7469156601983786,0.0005220798479517733,11.808987146520126,0.75
24,2016-03-28,medium_020,medium,True,False,,,,,16.5,12.0,16.5,12.0,0.5789473684210527,0.5233042431041655,0.4731860980577868,0.6402465815457159,,,,1.4666886683333011,0.0007513677202597002,23.411518431250563,0.9
24,2016-03-28,medium_021,medium,True,True,True,,,,16.5,11.0,17.5,11.0,0.6140350877192983,0.5312145691515474,0.5026866988980315,0.5977795997430847,0.42857142857142855,1.1595993144778889,0.0006033190002879838,1.1595996252351928,0.0006033190002879838,18.408591040806332,0.9
24,2016-03-28,medium_022,medium,True,True,True,,,,21.0,10.0,22.0,10.0,0.6875,0.5576401406206565,0.5067627616631943,0.676354024854735,0.30612244897959184,1.388519217264285,0.0006919588433736903,1.388519603144613,0.0006919588433736903,22.044965844800966,0.9
24,2016-03-28,medium_023,medium,False,True,False,,,,16.0,13.0,16.0,14.0,0.5333333333333333,0.39776710878015875,0.36169281089718686,0.4819404705070933,0.9387755102040817,0.4586470671923108,0.0003050941514533503,0.4586471621398128,0.0003050941514533503,7.123163662047152,0.65
24,2016-03-28,medium_024,medium,False,True,False,,,,16.5,11.0,16.5,12.0,0.5789473684210527,0.4971907093019895,0.42201439857458545,0.6726021009992657,0.7346938775510204,0.7874873555785775,0.0004140395518217632,0.7874875659370145,0.0004140395518217632,12.539087684544008,0.8
24,2016-03-28,medium_025,medium,False,True,False,,,,15.5,13.0,15.5,14.0,0.5254237288135594,0.43562908636340303,0.36663928808248925,0.596605282352202,0.7959183673469388,0.7222105430137619,0.0003583831772883761,0.7222107468900744,0.0003583831772883761,11.313267248576897,0.75
24,2016-03-28,medium_026,medium,True,True,True,,,,19.5,9.0,20.5,9.0,0.6949152542372882,0.6436616152914042,0.5829683082547563,0.7852793317102494,0.04081632653061224,2.6687964695408612,0.0010573271813197236,2.6687974127632077,0.0010573271813197236,42.30376081094963,1.0
24,2016-03-28,medium_027,medium,False,False,,failure,0.5100000000000001,-5.031074879472499,11.0,12.0,11.0,12.0,0.4782608695652174,0.4895190078633989,0.5133047501547814,0.43401894251683987,,,,1.0916788047734587,0.0005832049804947928,17.222945600147085,0.8
24,2016-03-28,medium_028,medium,True,True,True,,,,15.0,12.0,16.0,12.0,0.5714285714285714,0.6221895609814159,0.5645575399476931,0.7566642767267691,0.10204081632653061,2.0030809160372547,0.0008783227916216525,2.003081554023774,0.0008783227916216525,31.52935332124612,0.95
24,2016-03-28,medium_029,medium,False,False,,failure,0.39000000000000007,-0.48728181274475446,16.5,13.0,16.5,13.0,0.559322033898305,0.37151972494157826,0.28204434442739773,0.5802956128079995,,,,0.021722170162811083,1.6431249004940557e-05,0.40163514606739337,0.5
24,2016-03-28,bad_000,bad,False,True,False,,,,12.5,13.0,12.5,14.0,0.4716981132075472,0.4770846318450078,0.42604723934358324,0.5961718810149986,0.8775510204081632,0.5750177421119658,0.00036768773983391663,0.5750178674373012,0.00036768773983391663,9.04441538471936,0.75
24,2016-03-28,bad_001,bad,True,False,,,,,8.5,9.0,8.5,9.0,0.4857142857142857,0.5050720795389545,0.5137951399632192,0.4847182718823368,,,,1.240044564724205,0.0005528847415084321,19.649525229209473,0.9
24,2016-03-28,bad_002,bad,False,False,,failure,0.4200000000000001,-7.464544442563408,6.0,10.0,6.0,10.0,0.375,0.48123972928639547,0.4986622078539761,0.4405872792953742,,,,0.7151509830342531,0.0004641109502147302,11.322668025083601,0.65
24,2016-03-28,bad_003,bad,False,False,,success,0.8200000000000002,0.13923500038036707,9.5,12.0,10.0,12.0,0.45454545454545453,0.44576866476485355,0.4589007681697945,0.4151270901533248,,,,0.7243425848657797,0.0004306418655368037,11.5089022278017,0.8
24,2016-03-28,bad_004,bad,True,True,True,,,,8.0,9.0,9.0,9.0,0.5,0.5492524307110401,0.5367921247930127,0.578326477853104,0.5102040816326531,1.120755890497331,0.000588474657387353,1.1207561898220781,0.000588474657387353,17.675560808646,0.8
24,2016-03-28,bad_005,bad,False,False,,failure,0.36000000000000004,-1.0667077711196384,4.5,10.0,4.5,10.0,0.3103448275862069,0.35993191288071325,0.4166982979897762,0.22747701429289993,,,,0.5687320984309973,0.00025226871381898465,9.134888001621222,0.75
24,2016-03-28,bad_006,bad,False,False,,failure,0.5100000000000001,-0.9024738065083966,10.0,14.0,10.0,14.0,0.4166666666666667,0.3731233546905687,0.3476983716757618,0.4324483150584514,,,,0.7366197669949386,0.0003576504657216914,11.756906364471282,0.8
24,2016-03-28,bad_007,bad,True,False,,,,,8.5,9.0,9.0,9.0,0.5,0.5252481607954742,0.44958039481430323,0.7018062814182063,,,,0.48694939783552055,0.0002787861125910428,7.770048108487478,0.65
24,2016-03-28,bad_008,bad,False,False,,failure,0.5100000000000001,-1.870817900441324,5.5,8.0,5.5,8.0,0.4074074074074074,0.4243427657421328,0.42626904047383635,0.4198481247014913,,,,0.7002143314010288,0.00039091423025783224,11.114939998615373,0.75
24,2016-03-28,bad_009,bad,False,False,,failure,0.36000000000000004,-1.0387637134391525,6.5,11.0,6.5,11.0,0.37142857142857144,0.3018284530498885,0.2921877836448783,0.32432334832824555,,,,0.3280618989406364,0.00019098574839885546,5.176024300105893,0.7
24,2016-03-28,bad_010,bad,True,False,,,,,8.5,11.0,8.5,11.0,0.4358974358974359,0.5558978695135016,0.55326072846844,0.5620511986186454,,,,1.3386065049906948,0.0007326112935028298,21.170856416006966,0.9
24,2016-03-28,bad_011,bad,False,False,,success,0.8500000000000002,4.080412155406094,4.5,9.0,5.0,9.0,0.35714285714285715,0.4563386865573369,0.5780845172176973,0.17226508168316274,,,,2.335576605778617,0.0008844107424318008,37.06217099983496,1.0
24,2016-03-28,bad_012,bad,True,False,,,,,8.0,10.0,8.0,10.0,0.4444444444444444,0.5170458556744081,0.502051884367984,0.5520317887227311,,,,1.1629884445135383,0.0006278665842106856,18.46150479104139,0.9
24,2016-03-28,bad_013,bad,True,False,,,,,10.0,11.0,10.5,11.0,0.4883720930232558,0.534709993793664,0.576714145347348,0.4367003068350683,,,,1.8847098523794894,0.0007739489553669536,29.806014723406832,0.9
24,2016-03-28,bad_014,bad,False,False,,success,0.8500000000000002,2.4677583389721747,5.5,9.0,6.0,9.0,0.4,0.4292343710214177,0.4717315158617925,0.33007436639387655,,,,1.2611908551961075,0.000634870844356898,19.957786785020613,0.9
24,2016-03-28,bad_015,bad,False,False,,success,0.8500000000000002,0.49809093645059477,6.5,10.0,7.0,10.0,0.4117647058823529,0.4786450137699081,0.5557693123349907,0.2986883171180487,,,,1.5701674475565492,0.0007730157878389065,24.778680942433308,0.95
24,2016-03-28,bad_016,bad,False,False,,failure,0.39000000000000007,-1.2468393409832288,7.0,11.0,7.0,11.0,0.3888888888888889,0.3537104456368406,0.3794863170953086,0.2935667455670822,,,,0.4530035356798369,0.0003061299593761893,7.162569535014999,0.7
24,2016-03-28,bad_017,bad,False,True,False,,,,8.0,10.0,8.0,11.0,0.42105263157894735,0.36482267083423403,0.2894166698229102,0.5407700065273229,1.0,0.12095887487906269,6.411652353129971e-05,0.12095890730866912,6.411652353129971e-05,1.9585505156843177,0.4
24,2016-03-28,bad_018,bad,True,True,True,,,,8.5,9.0,9.5,9.0,0.5135135135135135,0.5265357168364324,0.5415689521024278,0.491458167882443,0.3877551020408163,1.246705254096322,0.0007005736920714979,1.2467055618921012,0.0007005736920714979,19.58052394323716,0.8
24,2016-03-28,bad_019,bad,False,True,False,,,,10.0,12.0,10.0,13.0,0.43478260869565216,0.4279508694376823,0.4944855882060276,0.2727031923115432,0.6326530612244898,0.8565452857931727,0.000609557259913818,0.8565454542964579,0.000609557259913818,13.507626633595953,0.8
24,2016-03-28,bad_020,bad,False,False,,failure,0.5100000000000001,-0.9724579103425839,9.0,10.0,9.0,10.0,0.47368421052631576,0.489605682854093,0.45076570344000155,0.5802323014869732,,,,0.973650841998553,0.0006396800127474657,15.36594630442914,0.85
24,2016-03-28,bad_021,bad,False,True,False,,,,9.0,10.0,9.0,11.0,0.45,0.41866865197480935,0.4254417499913917,0.4028647566027839,0.9795918367346939,0.24940646903301414,0.00014115983803345906,0.24940653105680827,0.00014115983803345906,3.950890058198844,0.65
24,2016-03-28,bad_022,bad,True,False,,,,,7.0,9.0,7.0,9.0,0.4375,0.5946663584590264,0.5240049347806123,0.7595430137086594,,,,1.6199768520418512,0.0007229579088004554,26.031180966802577,0.9
24,2016-03-28,bad_023,bad,False,False,,success,0.8200000000000002,5.603371637080201,8.0,11.0,8.5,11.0,0.4358974358974359,0.43235519912925435,0.43490946708884826,0.42639524055686867,,,,1.2699827199515634,0.0007105713185627071,20.06273884150502,0.9
24,2016-03-28,bad_024,bad,False,False,,failure,0.39000000000000007,-8.058495178264351,9.0,11.0,9.0,11.0,0.45,0.4788100522575084,0.4547101572161292,0.5350431406873932,,,,0.8191318221678952,0.0005286173351928363,13.017821681482591,0.75
24,2016-03-28,bad_025,bad,False,False,,failure,0.2700000000000001,-1.657793197414989,7.5,10.0,7.5,10.0,0.42857142857142855,0.3596707780154027,0.24339662177785504,0.6309771425696806,,,,0.10987473828558797,6.412599438708491e-05,1.8576981664659677,0.5
24,2016-03-28,bad_026,bad,False,False,,success,0.8200000000000002,2.361412116596725,5.5,10.0,6.0,10.0,0.375,0.38494978974941957,0.4403489335885762,0.2556851207913876,,,,1.04958430759205,0.0005386704757939882,16.701301596480405,0.95
24,2016-03-28,bad_027,bad,False,False,,failure,0.5100000000000001,-0.8070067397452476,5.5,10.0,5.5,10.0,0.3548387096774194,0.39219243195240544,0.47110317979702515,0.2080673536482928,,,,1.0464014584356847,0.00044049000881056337,16.562254144864813,0.9
24,2016-03-28,bad_028,bad,False,True,True,,,,6.0,10.0,7.0,10.0,0.4117647058823529,0.4556780540975568,0.5058837312827134,0.3385314739988583,0.6122448979591837,0.8885235135250911,0.00043370643454417463,0.8885237652654007,0.00043370643454417463,13.828188883102179,0.8
24,2016-03-28,bad_029,bad,True,False,,,,,9.5,11.0,10.0,11.0,0.47619047619047616,0.514965873718215,0.48952031594889667,0.5743388418466248,,,,1.0619949245154412,0.0005142473010666122,16.86223189426951,0.85
24,2016-03-28,bad_030,bad,False,False,,neutral,0.5100000000000001,-0.021167090441579717,8.5,10.0,8.5,10.0,0.4594594594594595,0.47746116371172437,0.4344440550664981,0.5778344172172525,,,,0.3513653592014841,0.00017004416554636348,5.425959743063039,0.65
24,2016-03-28,bad_031,bad,False,False,,success,0.8200000000000002,0.6005367814529734,9.5,10.0,10.0,10.0,0.5,0.3785468254902088,0.3323973073502732,0.48622903448339194,,,,0.26387179592239035,0.00018845415522788194,4.11094239453207,0.6
24,2016-03-28,bad_032,bad,False,False,,failure,0.39000000000000007,-3.478374925982692,7.0,10.0,7.0,10.0,0.4117647058823529,0.45307636321642286,0.43141336604909986,0.5036233566068431,,,,0.9311041924605944,0.0004775855072161446,14.878085310467382,0.75
24,2016-03-28,bad_033,bad,False,False,,success,0.9400000000000001,0.12662311197861698,5.0,10.0,5.5,10.0,0.3548387096774194,0.31740866830215014,0.37051763882210553,0.19348773708892097,,,,0.07833229456917291,4.228316441921814e-05,1.172974805595115,0.7
24,2016-03-28,bad_034,bad,False,False,,success,0.8200000000000002,1.7313309693375345,7.5,10.0,8.0,10.0,0.4444444444444444,0.4504426893483956,0.4983313521485164,0.3387024761481136,,,,1.3477214150427883,0.0007566442721342253,20.96476347396498,0.9
24,2016-03-28,bad_035,bad,False,False,,success,0.8200000000000002,1.1090188230783724,7.0,11.0,7.5,11.0,0.40540540540540543,0.49640704665315405,0.4556266952820679,0.591561199852355,,,,0.41433649626669855,0.0002865785314425598,6.617423747735425,0.65
24,2016-03-28,bad_036,bad,False,False,,success,0.9400000000000001,0.3871081876323501,6.5,11.0,7.0,11.0,0.3888888888888889,0.4613034152476704,0.49904511450687195,0.37323945030953337,,,,0.813604888623366,0.0005712637950823636,12.844435664751499,0.75
24,2016-03-28,bad_037,bad,False,False,,failure,0.39000000000000007,-3.1064773537998605,3.5,10.0,3.5,10.0,0.25925925925925924,0.3653381769776574,0.4097059796440681,0.26181330408936593,,,,0.7171642814741573,0.0004864285817628747,11.492495303056582,0.75
24,2016-03-28,bad_038,bad,False,False,,success,0.8200000000000002,1.7513070080933488,9.5,11.0,10.0,11.0,0.47619047619047616,0.4627096327866663,0.46154607059175734,0.4654246112414539,,,,1.1010839874861982,0.000672058481812471,17.56845663284486,0.85
24,2016-03-28,bad_039,bad,False,False,,success,0.7900000000000001,1.5850609323739064,7.5,10.0,8.0,10.0,0.4444444444444444,0.4497333567011701,0.5064263861740732,0.31744962126439635,,,,0.8119489341195409,0.0006194180321535381,12.970163091628173,0.8
24,2016-03-28,bad_040,bad,False,False,,failure,0.39000000000000007,-2.710082111407715,8.0,11.0,8.0,11.0,0.42105263157894735,0.42645352575549367,0.4223093002958472,0.43612338516133553,,,,0.9332504902454721,0.0004356666221276388,14.769623155017491,0.8
24,2016-03-28,bad_041,bad,True,False,,,,,10.5,9.0,10.5,9.0,0.5384615384615384,0.526901759671592,0.5179222866732215,0.5478538633344566,,,,1.7988180419697517,0.0008026664796790298,28.506131756226868,0.95
24,2016-03-28,bad_042,bad,False,True,True,,,,6.0,10.0,7.0,10.0,0.4117647058823529,0.5005125049626284,0.4988506127566419,0.5043902534432638,0.673469387755102,0.8252299459554744,0.0004479983627382788,0.8252301597575696,0.0004479983627382788,13.138128872028021,0.7
24,2016-03-28,bad_043,bad,False,False,,failure,0.5100000000000001,-6.283815028492015,9.0,9.0,9.0,9.0,0.5,0.38924891674479106,0.367062878033051,0.44101634040551807,,,,0.7528952932116517,0.0005234256029335758,12.091283486885475,0.8
24,2016-03-28,bad_044,bad,False,False,,neutral,0.39000000000000007,-0.008100176612302334,6.0,11.0,6.0,11.0,0.35294117647058826,0.41928001177485874,0.49016380587281927,0.2538844922129509,,,,1.1638865476751616,0.0006442403885974649,18.527971723544496,0.8
24,2016-03-28,bad_045,bad,False,False,,failure,0.39000000000000007,-5.788939912789004,8.0,11.0,8.0,11.0,0.42105263157894735,0.44714745093394803,0.35755138079953336,0.656204947914249,,,,0.1535326067344322,7.706519266602808e-05,2.4566153238492765,0.45
24,2016-03-28,bad_046,bad,True,True,False,,,,7.5,10.0,7.5,11.0,0.40540540540540543,0.5138251472756777,0.45843704354311215,0.6430640559849975,0.8571428571428571,0.6058994686375428,0.00035074929855998996,0.6058996139784507,0.00035074929855998996,9.547595893917338,0.75
24,2016-03-28,bad_047,bad,True,True,True,,,,10.0,12.0,11.0,12.0,0.4782608695652174,0.5050024538193695,0.502208969403942,0.5115205841220337,0.2653061224489796,1.417000854713307,0.0006482464553302134,1.417001286090853,0.0006482464553302134,22.33198586433409,0.9
24,2016-03-28,bad_048,bad,False,False,,success,0.8200000000000002,4.473530745947727,6.0,9.0,6.5,9.0,0.41935483870967744,0.41777948871582815,0.4920112717109943,0.24457199506044056,,,,0.7434040897490816,0.000523877577730172,11.508459386264251,0.8
24,2016-03-28,bad_049,bad,False,False,,success,0.91,3.0841310712213215,8.5,11.0,9.0,11.0,0.45,0.4336238420687709,0.41465861256628533,0.47787604424123753,,,,0.7679339724696481,0.00047181529673647263,12.226813108948221,0.7
25,2016-04-26,good_000,good,True,True,True,,,,25.0,8.0,26.0,8.0,0.7647058823529411,0.6548853305443091,0.5353483584208059,0.9338049321658167,0.4489795918367347,1.2455594800251855,0.0007292646367628536,1.2455597836283463,0.0007292646367628536,19.908154448411736,0.9
25,2016-04-26,good_001,good,True,True,True,,,,23.5,9.0,24.5,9.0,0.7313432835820896,0.5478838510928106,0.5048607425302267,0.6482711044055065,0.673469387755102,0.8515319335835538,0.00043826346100787704,0.8515321705897063,0.00043826346100787704,13.545655640857335,0.75
25,2016-04-26,good_002,good,True,True,True,,,,24.0,8.0,25.0,8.0,0.7575757575757576,0.6648437050605185,0.6048434984027034,0.8048441872620874,0.12244897959183673,2.0880302044067176,0.0009848111319332893,2.088030833616461,0.0009848111319332893,33.053989913287204,0.95
25,2016-04-26,good_003,good,True,True,True,,,,26.0,7.0,27.0,7.0,0.7941176470588235,0.6127492105370997,0.5161857303904516,0.8380639975459453,0.5102040816326531,1.130876750775322,0.0007310757642933531,1.1308770007096272,0.0007310757642933531,17.77774706426998,0.9
25,2016-04-26,good_004,good,True,True,True,,,,25.0,8.0,26.0,8.0,0.7647058823529411,0.6098699820350775,0.5647955404145983,0.7150436791495287,0.02040816326530612,2.9278368683423395,0.0008817656473659362,2.927838247740296,0.0008817656473659362,45.48603489641791,1.0
25,2016-04-26,good_005,good,True,True,False,,,,27.0,6.0,27.0,7.0,0.7941176470588235,0.5376572938949211,0.4539743705828843,0.7329174482896735,0.9183673469387755,0.642924041671641,0.00048179456005864596,0.6429241641188544,0.00048179456005864596,10.272930071382351,0.7
25,2016-04-26,good_006,good,True,False,,,,,25.0,8.0,25.0,8.0,0.7575757575757576,0.5180266273215661,0.3735023334580933,0.8552499796696694,,,,0.4862382964592973,0.00028402426221707056,7.870431833728405,0.6
25,2016-04-26,good_007,good,True,True,False,,,,25.0,7.0,25.0,8.0,0.7575757575757576,0.5297495746573839,0.4119298600383213,0.8046622421018633,0.5510204081632653,1.0924327109843144,0.0006593364083735571,1.092432972124048,0.0006593364083735571,17.402143983573502,0.9
25,2016-04-26,good_008,good,True,True,True,,,,21.0,11.0,22.0,11.0,0.6666666666666666,0.5740916213629201,0.5428939243350812,0.6468862477612112,0.42857142857142855,1.2498604342884048,0.000615398646886103,1.2498607974188432,0.000615398646886103,19.978037082622933,0.9
25,2016-04-26,good_009,good,True,True,True,,,,27.0,5.0,28.0,5.0,0.8484848484848485,0.6595809587887158,0.5727841588721503,0.8621068252607021,0.2653061224489796,1.5899087207451272,0.0006648708029609041,1.5899092651974382,0.0006648708029609041,25.361111263622746,0.95
25,2016-04-26,good_010,good,True,True,True,,,,31.0,2.0,32.0,2.0,0.9411764705882353,0.6851660113605245,0.5590213950953427,0.9795034493126153,0.40816326530612246,1.3898684982333944,0.0007578329799356682,1.3898688623189501,0.0007578329799356682,22.157240311817187,0.95
25,2016-04-26,good_011,good,True,True,True,,,,25.0,8.0,26.0,8.0,0.7647058823529411,0.5841429609786627,0.5004126216754271,0.7795137526862126,0.30612244897959184,1.5408083160145973,0.0008230513193119394,1.5408087296470998,0.0008230513193119394,24.493070810576928,0.95
25,2016-04-26,good_012,good,True,True,True,,,,25.0,8.0,26.0,8.0,0.7647058823529411,0.5865447266153074,0.5149715222959591,0.7535488700271205,0.3469387755102041,1.4929706715304962,0.0007853036087998741,1.4929710779855043,0.0007853036087998741,23.660888440261857,0.85
25,2016-04-26,good_013,good,True,True,True,,,,21.0,11.0,22.0,11.0,0.6666666666666666,0.6471523356450389,0.5793596777845278,0.8053352039862316,0.061224489795918366,2.605688403476389,0.0008659446327075587,2.605689515024893,0.0008659446327075587,41.796658216825286,1.0
25,2016-04-26,good_014,good,True,True,True,,,,23.0,9.0,24.0,9.0,0.7272727272727273,0.6468623139721194,0.5848231792350805,0.7916202950252099,0.20408163265306123,1.8252431748663918,0.0009320049609067788,1.8252436800448317,0.0009320049609067788,28.866493542204523,0.95
25,2016-04-26,good_015,good,True,True,True,,,,22.5,10.0,23.5,10.0,0.7014925373134329,0.6478739356016421,0.5550536982012196,0.8644544895359615,0.1836734693877551,1.8403140534856164,0.000906274337872661,1.840314585087334,0.000906274337872661,29.36364310244426,0.9
25,2016-04-26,good_016,good,True,True,True,,,,28.0,5.0,29.0,5.0,0.8529411764705882,0.5880315778809834,0.4957256098668127,0.8034121699140485,0.6326530612244898,0.9188215238051995,0.00040491159108097116,0.9188218207312976,0.00040491159108097116,14.509418933497294,0.8
25,2016-04-26,good_017,good,True,True,True,,,,26.0,7.0,27.0,7.0,0.7941176470588235,0.5957505152419722,0.557748316122236,0.6844223131880235,0.4897959183673469,1.1395142978334856,0.000728845149523131,1.1395145522176129,0.000728845149523131,18.00228867990977,0.9
25,2016-04-26,good_018,good,True,True,False,,,,25.0,8.0,25.0,9.0,0.7352941176470589,0.5598503968452668,0.4885863484339269,0.7261331764717266,0.8163265306122449,0.7472740713339293,0.0006103770691736867,0.7472742025403868,0.0006103770691736867,11.969622415580174,0.8
25,2016-04-26,good_019,good,True,True,False,,,,26.0,7.0,26.0,8.0,0.7647058823529411,0.555572276291315,0.44668486390933376,0.8096429051826046,0.6938775510204082,0.8307287449301353,0.0004683794017824493,0.8307289563051187,0.0004683794017824493,13.201425399307572,0.8
25,2016-04-26,medium_000,medium,True,True,True,,,,16.0,12.0,17.0,12.0,0.5862068965517241,0.6040253331197237,0.5883170218288376,0.6406780594651247,0.04081632653061224,2.8522843769348385,0.0010593503382262557,2.852285474019652,0.0010593503382262557,44.93208877694222,1.0
25,2016-04-26,medium_001,medium,True,True,False,,,,20.0,10.0,20.0,11.0,0.6451612903225806,0.511992296878954,0.4487693699295825,0.6595124597608207,0.8979591836734694,0.6693756252253501,0.0003551489952148554,0.6693758043315874,0.0003551489952148554,10.714752424792335,0.8
25,2016-04-26,medium_002,medium,True,True,True,,,,17.0,11.0,18.0,11.0,0.6206896551724138,0.5494649730038147,0.5102266781231362,0.6410209943920647,0.2857142857142857,1.544918965245461,0.0008254041133752355,1.5449193791998763,0.0008254041133752355,24.392183871242892,0.9
25,2016-04-26,medium_003,medium,True,True,True,,,,18.5,12.0,19.5,12.0,0.6190476190476191,0.5516794327126252,0.5222940400782909,0.6202453488594052,0.3673469387755102,1.453035549582525,0.0005539306259079047,1.4530360938291889,0.0005539306259079047,23.365838073477434,0.85
25,2016-04-26,medium_004,medium,False,True,False,,,,19.5,10.0,19.5,11.0,0.639344262295082,0.4941512529863076,0.45129922577627124,0.5941393164763925,0.9387755102040817,0.6284266929670076,0.00042384599968970103,0.6284268259220395,0.00042384599968970103,9.957729545993399,0.75
25,2016-04-26,medium_005,medium,True,True,True,,,,16.5,11.0,17.5,11.0,0.6140350877192983,0.5773290631405764,0.5964259284525543,0.5327697107459616,0.08163265306122448,2.4106181387358023,0.0008407294853104146,2.4106191334110942,0.0008407294853104146,37.625247196400785,1.0
25,2016-04-26,medium_006,medium,True,True,True,,,,15.0,13.0,16.0,13.0,0.5517241379310345,0.5199694510414918,0.5632203772004409,0.4190506233372776,0.16326530612244897,1.9407247641892083,0.0007715666024295509,1.9407254597716344,0.0007715666024295509,30.953268527775847,1.0
25,2016-04-26,medium_007,medium,False,True,False,,,,12.5,12.0,12.5,13.0,0.49019607843137253,0.3973939084808004,0.42424212233956204,0.33474807614368995,0.8367346938775511,0.7460718810854511,0.000289716939900021,0.7460721557888481,0.000289716939900021,11.84737374807076,0.8
25,2016-04-26,medium_008,medium,True,False,,,,,16.5,13.0,17.0,13.0,0.5666666666666667,0.5380525526849059,0.5206239420625351,0.5787193108037713,,,,1.4575907952612648,0.0007347546430938483,23.17868686872558,0.9
25,2016-04-26,medium_009,medium,True,True,True,,,,18.0,12.0,19.0,12.0,0.6129032258064516,0.5461164688146222,0.4942592583651638,0.6671166265300252,0.6530612244897959,0.9149812668541758,0.000514198944606012,0.9149815008644145,0.000514198944606012,14.59770352188395,0.75
25,2016-04-26,medium_010,medium,True,False,,,,,15.0,14.0,15.5,14.0,0.5254237288135594,0.5175999405900431,0.49167839945304304,0.5780835365763765,,,,0.6748548120365349,0.0004218660492579467,10.764805664992759,0.65
25,2016-04-26,medium_011,medium,False,False,,failure,0.5100000000000001,-2.7670328153465817,13.0,13.0,13.0,13.0,0.5,0.4897177345268229,0.43125762059111317,0.6261246670434789,,,,0.5628280590966196,0.0003364334434614081,8.86082242321612,0.7
25,2016-04-26,medium_012,medium,True,True,True,,,,17.5,12.0,18.5,12.0,0.6065573770491803,0.6114805665519836,0.5766593383164174,0.6927300991016383,0.24489795918367346,1.677465988474373,0.0008860830101004103,1.6774664427904815,0.0008860830101004103,26.656548950588984,0.95
25,2016-04-26,medium_013,medium,True,False,,,,,11.0,11.0,11.5,11.0,0.5111111111111111,0.6026816206593494,0.5924414649837607,0.6265753172357231,,,,2.227426821387502,0.0009024042395761767,35.249264676417425,1.0
25,2016-04-26,medium_014,medium,True,True,True,,,,19.5,9.0,20.5,9.0,0.6949152542372882,0.5992918518054826,0.5876449019575426,0.6264680681173427,0.10204081632653061,2.1727279870975584,0.0009598859692956313,2.1727286859340746,0.0009598859692956313,34.51844960692602,0.95
25,2016-04-26,medium_015,medium,True,False,,,,,14.5,11.0,14.5,11.0,0.5686274509803921,0.571782470131978,0.5821779593063211,0.5475263287251775,,,,1.9057947965953246,0.0008501012071761238,30.264835526350613,1.0
25,2016-04-26,medium_016,medium,True,True,True,,,,20.0,12.0,21.0,12.0,0.6363636363636364,0.5706541844193429,0.519319156230467,0.6904359168600532,0.32653061224489793,1.517490568114319,0.0007545916604335581,1.5174910042319092,0.0007545916604335581,24.14416149507067,1.0
25,2016-04-26,medium_017,medium,True,True,True,,,,12.0,13.0,13.0,13.0,0.5,0.5252423735155577,0.5915406576740839,0.370546377145663,0.14285714285714285,1.9758221518925996,0.0009173530287513734,1.9758227601639942,0.0009173530287513734,31.5769139997559,1.0
25,2016-04-26,medium_018,medium,True,True,True,,,,20.5,11.0,21.5,11.0,0.6615384615384615,0.589855565325305,0.5669765762793475,0.6432398730992058,0.22448979591836735,1.7195236231064663,0.0008170261595449575,1.7195241373995696,0.0008170261595449575,27.819332786955396,0.9
25,2016-04-26,medium_019,medium,False,False,,success,0.9400000000000001,5.50976186863025,13.5,14.0,14.0,14.0,0.5,0.44639000538857754,0.4053049912149207,0.5422550384604435,,,,0.5621506467278269,0.0003454304640457094,8.978617711958645,0.75
25,2016-04-26,medium_020,medium,False,True,False,,,,16.5,12.0,16.5,13.0,0.559322033898305,0.4618457633321605,0.44619540584144657,0.4983632641438264,0.8775510204081632,0.6737829902523975,0.0003926610894454881,0.6737831546996074,0.0003926610894454881,10.758838421384567,0.75
25,2016-04-26,medium_021,medium,True,True,True,,,,17.5,11.0,18.5,11.0,0.6271186440677966,0.5527588185552303,0.5185739239436249,0.6325235726489763,0.46938775510204084,1.1814125947142757,0.000559906931774353,1.1814129486078366,0.000559906931774353,18.677107038437054,0.85
25,2016-04-26,medium_022,medium,False,True,False,,,,22.0,10.0,22.0,11.0,0.6666666666666666,0.4805139914501257,0.42757381540693595,0.6040410688842351,0.7142857142857143,0.8239231565395051,0.0005587013240682375,0.8239233310609022,0.0005587013240682375,13.13163104462973,0.7
25,2016-04-26,medium_023,medium,True,False,,,,,16.0,14.0,16.5,14.0,0.5409836065573771,0.5045364984046552,0.5322664682745932,0.4398332353747998,,,,1.7865435306681339,0.0007276316848775355,28.352364147808036,1.0
25,2016-04-26,medium_024,medium,True,False,,,,,16.5,12.0,17.0,12.0,0.5862068965517241,0.5192742846558918,0.5007675071153234,0.5624567655838849,,,,0.9321754110571606,0.0004945319042936213,14.788779242472996,0.75
25,2016-04-26,medium_025,medium,False,False,,success,0.9400000000000001,0.4108372814848593,15.5,14.0,16.0,14.0,0.5333333333333333,0.44657385179840026,0.4644633159841641,0.4048317686982847,,,,0.7795181098741619,0.0006159579147224873,12.343699158396593,0.75
25,2016-04-26,medium_026,medium,True,True,True,,,,20.5,9.0,21.5,9.0,0.7049180327868853,0.609930450984321,0.5153491903563372,0.8306200591162833,0.5306122448979592,1.0994621973755008,0.0004993516436760134,1.0994625436484533,0.0004993516436760134,17.6136310295687,0.8
25,2016-04-26,medium_027,medium,False,False,,success,0.9400000000000001,5.9511497938817115,11.0,12.0,11.5,12.0,0.48936170212765956,0.4442947696654582,0.48878227908801763,0.3404905810128196,,,,1.192680374912354,0.0006368349146050762,18.991900514390366,0.85
25,2016-04-26,medium_028,medium,True,True,True,,,,16.0,12.0,17.0,12.0,0.5862068965517241,0.6346570628188085,0.6462019105899788,0.607719084686078,0.0,4.436810849690594,0.0011120515994599578,4.436813374793791,0.0011120515994599578,69.23032275200771,1.0
25,2016-04-26,medium_029,medium,True,False,,,,,16.5,13.0,16.5,13.0,0.559322033898305,0.529245994174691,0.5102532945295548,0.5735622933466754,,,,0.8133618604747619,0.0005715940492704167,12.893344142507058,0.85
25,2016-04-26,bad_000,bad,True,False,,,,,12.5,14.0,13.0,14.0,0.48148148148148145,0.526952439824933,0.5064168929730852,0.5748687158125779,,,,0.9321473013880268,0.0006071767133040486,14.78156433059244,0.8
25,2016-04-26,bad_001,bad,True,True,True,,,,8.5,9.0,9.5,9.0,0.5135135135135135,0.505172532522162,0.49523787726985613,0.5283533947775424,0.6122448979591837,0.96654510797415,0.000601767116299789,0.9665453303535055,0.000601767116299789,15.410945687382887,0.8
25,2016-04-26,bad_002,bad,False,False,,success,0.8200000000000002,0.1954884096700482,6.0,10.0,6.5,10.0,0.3939393939393939,0.43084267806514476,0.4205142760824297,0.45494228269147996,,,,0.5209151076205588,0.0002909674842927798,8.431283014992353,0.75
25,2016-04-26,bad_003,bad,False,False,,failure,0.39000000000000007,-5.712722740750266,10.0,12.0,10.0,12.0,0.45454545454545453,0.44116877075112615,0.46157834245161067,0.3935464367833289,,,,1.201158250178035,0.0006696881568397965,18.97432234055034,0.85
25,2016-04-26,bad_004,bad,False,True,False,,,,9.0,9.0,9.0,10.0,0.47368421052631576,0.4546643758860892,0.497042961158329,0.3557810102508631,0.7755102040816326,0.7602335110929246,0.00044207192052158495,0.7602336983226196,0.00044207192052158495,12.124585227319436,0.85
25,2016-04-26,bad_005,bad,False,False,,failure,0.5100000000000001,-1.8693694604810958,4.5,10.0,4.5,10.0,0.3103448275862069,0.44311775556782773,0.481780411221965,0.35290489237484085,,,,1.2906772338443786,0.0007580243874956477,20.370612251243397,0.85
25,2016-04-26,bad_006,bad,False,False,,failure,0.5100000000000001,-0.4171287287504697,10.0,14.0,10.0,14.0,0.4166666666666667,0.4935359587748787,0.5230055334784041,0.42477361779998635,,,,1.163052409053209,0.0006990656507338993,18.55000877145363,0.85
25,2016-04-26,bad_007,bad,False,True,False,,,,9.0,9.0,9.0,10.0,0.47368421052631576,0.4973475933188635,0.4628826359580144,0.5777658271608449,0.5918367346938775,1.0092673610196334,0.000549160638540683,1.0092676251230825,0.000549160638540683,16.19082248421159,0.8
25,2016-04-26,bad_008,bad,False,False,,failure,0.5100000000000001,-1.63221929206955,5.5,8.0,5.5,8.0,0.4074074074074074,0.3939830796070724,0.48373125998898125,0.18457065871595177,,,,1.0574994252280718,0.0006076586368307738,16.645353063139062,0.85
25,2016-04-26,bad_009,bad,False,False,,success,0.9400000000000001,3.258328678905144,6.5,11.0,7.0,11.0,0.3888888888888889,0.4683509042055251,0.4641098187931458,0.47824677016774364,,,,0.9538069527118729,0.0005753786456767729,14.96845037380334,0.85
25,2016-04-26,bad_010,bad,False,True,False,,,,8.5,11.0,8.5,12.0,0.4146341463414634,0.4359646100577366,0.40941325288114616,0.4979177768031144,0.7959183673469388,0.7559276961640694,0.0003610707047501524,0.7559279222983619,0.0003610707047501524,12.042018508792468,0.75
25,2016-04-26,bad_011,bad,False,False,,success,0.8500000000000002,1.082443881584254,5.0,9.0,5.5,9.0,0.3793103448275862,0.44891728575338885,0.4597875763824464,0.42355327428558803,,,,1.1278422178548506,0.0006867795031742653,17.973263489333657,0.8
25,2016-04-26,bad_012,bad,False,True,False,,,,8.0,10.0,8.0,11.0,0.42105263157894735,0.4575408477828723,0.4154050643094209,0.5558576758875922,0.8571428571428571,0.7448335780770564,0.00037765937358142434,0.7448337870939741,0.00037765937358142434,11.92790991159648,0.75
25,2016-04-26,bad_013,bad,False,True,False,,,,10.5,11.0,10.5,12.0,0.4666666666666667,0.488488593837706,0.48850416540327524,0.48845226018471116,0.7551020408163265,0.7700321823525152,0.0005274352403897368,0.7700323409446408,0.0005274352403897368,12.106518817513857,0.75
25,2016-04-26,bad_014,bad,False,False,,failure,0.5100000000000001,-5.590034625949457,6.0,9.0,6.0,9.0,0.4,0.40540521346824365,0.43657640982766754,0.3326724219629212,,,,0.7759095217844135,0.00043883952304491256,12.195836777657304,0.8
25,2016-04-26,bad_015,bad,False,False,,failure,0.5400000000000001,-3.145311633640077,7.0,10.0,7.0,10.0,0.4117647058823529,0.4020828250852633,0.3794486505131558,0.4548958990868476,,,,0.513532982055032,0.00031831525570157613,8.246759497465625,0.7
25,2016-04-26,bad_016,bad,False,False,,failure,0.39000000000000007,-1.6431424168179518,7.0,11.0,7.0,11.0,0.3888888888888889,0.44632647723890534,0.515480002904686,0.28496825068541726,,,,1.4095249378785164,0.0006033094505073042,22.00015406915662,0.85
25,2016-04-26,bad_017,bad,False,False,,success,0.8200000000000002,0.6886127597315976,8.0,11.0,8.5,11.0,0.4358974358974359,0.46437189704080134,0.42284508029671963,0.5612678027769921,,,,0.7221521734073819,0.0004092210504975591,11.353105299265646,0.85
25,2016-04-26,bad_018,bad,False,True,False,,,,9.5,9.0,9.5,10.0,0.48717948717948717,0.39759740407405864,0.3407125323848435,0.5303287713488941,1.0,0.33521089018356887,0.0001742442668599739,0.3352109800799372,0.0001742442668599739,5.221552064566538,0.6
25,2016-04-26,bad_019,bad,True,False,,,,,10.0,13.0,10.5,13.0,0.44680851063829785,0.5048224733977612,0.5354068206156584,0.43345899655600145,,,,0.971548281480407,0.0005539643973561186,15.347288314891255,0.85
25,2016-04-26,bad_020,bad,True,False,,,,,9.0,10.0,9.0,10.0,0.47368421052631576,0.5333786949817136,0.5576150725020724,0.4768271474342097,,,,1.1203374739404732,0.0007448005381186217,17.549386856582462,0.85
25,2016-04-26,bad_021,bad,False,False,,success,0.8200000000000002,0.18915320124600044,9.0,11.0,9.5,11.0,0.4634146341463415,0.4605122320381007,0.42790155294988375,0.5366038165772737,,,,0.7889865356699017,0.0005149898248167711,12.470495792577633,0.8
25,2016-04-26,bad_022,bad,False,True,True,,,,7.0,9.0,8.0,9.0,0.47058823529411764,0.4728666178934703,0.4529383636765727,0.5193658777328981,0.5714285714285714,1.0544981882902995,0.0005633359842705332,1.0544984708286609,0.0005633359842705332,16.864059408074215,0.85
25,2016-04-26,bad_023,bad,False,False,,success,0.9700000000000001,0.9619546173408082,8.5,11.0,9.0,11.0,0.45,0.4371806948789586,0.5300241512559107,0.22054596333273696,,,,1.3249223481291847,0.000767251206405645,21.107725085339883,0.8
25,2016-04-26,bad_024,bad,False,False,,failure,0.39000000000000007,-3.0531469829147397,9.0,11.0,9.0,11.0,0.45,0.4597463740370179,0.46838654293484594,0.4395859799420858,,,,1.0182755053671384,0.00056865396875709,16.06188408473974,0.8
25,2016-04-26,bad_025,bad,False,False,,failure,0.36000000000000004,-2.97693769126316,7.5,10.0,7.5,10.0,0.42857142857142855,0.4306299572506381,0.42545675850902565,0.44270075431440054,,,,1.30188266243768,0.0007277861299148916,20.625102133285626,0.85
25,2016-04-26,bad_026,bad,True,False,,,,,6.0,10.0,6.0,10.0,0.375,0.4991584728733752,0.45866759297682136,0.5936371926320009,,,,0.8246543005032962,0.0005607474969203494,13.123388919829608,0.8
25,2016-04-26,bad_027,bad,False,False,,success,0.9400000000000001,1.4006920931580993,5.5,10.0,6.0,10.0,0.375,0.3623484470767495,0.38366684301385867,0.31260552322349505,,,,0.6128397195309334,0.00044228858438897405,9.715673001153508,0.75
25,2016-04-26,bad_028,bad,False,False,,failure,0.39000000000000007,-1.1555093938205658,7.0,10.0,7.0,10.0,0.4117647058823529,0.3160899088778715,0.25684590999053347,0.45432590628166003,,,,0.003329058963328852,8.017502506868176e-06,0.3097355295558119,0.5
25,2016-04-26,bad_029,bad,True,True,True,,,,10.0,11.0,11.0,11.0,0.5,0.5351472486653981,0.5171212794301532,0.5772078435476363,0.3877551020408163,1.448418239176076,0.0007242917090441697,1.448418655138038,0.0007242917090441697,22.835060765879785,0.95
25,2016-04-26,bad_030,bad,False,False,,failure,0.5100000000000001,-1.999690959261443,8.5,10.0,8.5,10.0,0.4594594594594595,0.4579321246891398,0.4657855347157693,0.43960750129367104,,,,0.786196061106691,0.00043105367541464184,12.391171038773432,0.85
25,2016-04-26,bad_031,bad,False,False,,failure,0.5100000000000001,-1.5103899305140942,10.0,10.0,10.0,10.0,0.5,0.49206887568414287,0.49102026546087185,0.4945156328717754,,,,1.2783089603017639,0.0006902532253782404,20.231593204757687,0.9
25,2016-04-26,bad_032,bad,False,False,,failure,0.39000000000000007,-1.1523453190812916,7.0,10.0,7.0,10.0,0.4117647058823529,0.43509012346465126,0.4591863593631422,0.3788655730348391,,,,1.0807300572371137,0.0005986527639892105,17.123056623889724,0.8
25,2016-04-26,bad_033,bad,False,False,,failure,0.5100000000000001,-0.400890984522448,5.5,10.0,5.5,10.0,0.3548387096774194,0.4098568892112637,0.4065729954591307,0.4175193079662406,,,,0.8158363743185849,0.00039632305746707084,12.84668686586219,0.8
25,2016-04-26,bad_034,bad,True,False,,,,,8.0,10.0,8.0,10.0,0.4444444444444444,0.5037696068463166,0.5180363822859255,0.4704804641538956,,,,1.0422084317971356,0.0006977230317367222,16.370129170491023,0.85
25,2016-04-26,bad_035,bad,False,False,,success,0.91,0.25643055341028287,7.5,11.0,8.0,11.0,0.42105263157894735,0.4406840391692164,0.3902274214444135,0.5584161471937564,,,,0.4200772311742472,0.0003115919908485779,6.547304768349668,0.65
25,2016-04-26,bad_036,bad,False,False,,failure,0.39000000000000007,-6.946719499523198,7.0,11.0,7.0,11.0,0.3888888888888889,0.4570850594915552,0.46444426086291607,0.4399135896250465,,,,0.9699006473258878,0.0005429208818746687,15.2719894080051,0.85
25,2016-04-26,bad_037,bad,False,False,,failure,0.5100000000000001,-0.9850353646470182,3.5,10.0,3.5,10.0,0.25925925925925924,0.45997336454596416,0.4324176012059965,0.5242701456725555,,,,0.5512053278139885,0.00020961483926120974,8.768612891649795,0.7
25,2016-04-26,bad_038,bad,False,False,,failure,0.39000000000000007,-0.8701330003544712,10.0,11.0,10.0,11.0,0.47619047619047616,0.4334642613892516,0.46619200620632545,0.357099523482746,,,,0.9002399639118615,0.0004949624623217729,14.099679086472426,0.8
25,2016-04-26,bad_039,bad,False,False,,failure,0.39000000000000007,-8.065520834939704,8.0,10.0,8.0,10.0,0.4444444444444444,0.44252320570895076,0.45104235435095963,0.42264519221093005,,,,0.9787240341059772,0.0006446993819653722,15.504704069941635,0.8
25,2016-04-26,bad_040,bad,False,False,,failure,0.39000000000000007,-1.4504703563055443,8.0,11.0,8.0,11.0,0.42105263157894735,0.49723107803566174,0.5548628746020791,0.3627568860473548,,,,2.0399721021025754,0.0009028283762065051,32.178611875476946,0.95
25,2016-04-26,bad_041,bad,False,True,False,,,,10.5,9.0,10.5,10.0,0.5121951219512195,0.46983826868690326,0.438923387889378,0.5419729905477956,0.7346938775510204,0.8147106482871845,0.0005116546521410497,0.8147108338946817,0.0005116546521410497,13.022759728762452,0.7
25,2016-04-26,bad_042,bad,False,False,,failure,0.39000000000000007,-1.8515145816145662,7.0,10.0,7.0,10.0,0.4117647058823529,0.48206149443892643,0.4726086228167359,0.5041181948907045,,,,0.6364681758702928,0.0004141503699883393,10.16603915705353,0.75
25,2016-04-26,bad_043,bad,False,False,,failure,0.5100000000000001,-2.9740264652204047,9.0,9.0,9.0,9.0,0.5,0.38286437953830493,0.3979207115474579,0.3477329381836147,,,,0.7572544064231833,0.0004519786047690446,12.149535198098848,0.8
25,2016-04-26,bad_044,bad,False,False,,failure,0.39000000000000007,-1.737448849696861,6.0,11.0,6.0,11.0,0.35294117647058826,0.35830834816018586,0.4252343469125548,0.2021476844046584,,,,0.8424456155932568,0.000451518066474734,13.560644078845419,0.8
25,2016-04-26,bad_045,bad,False,False,,success,0.9400000000000001,1.2432500522651821,8.0,11.0,8.5,11.0,0.4358974358974359,0.4360737613912128,0.43493550379274165,0.4387296957876456,,,,0.9835866819538277,0.0005138121879259638,15.732771637353775,0.85
25,2016-04-26,bad_046,bad,False,True,False,,,,7.5,11.0,7.5,12.0,0.38461538461538464,0.33580897843929947,0.33216077129779564,0.34432146176947503,0.9795918367346939,0.39412786965116076,0.0002461486858549326,0.3941279623854523,0.0002461486858549326,6.366339303821742,0.7
25,2016-04-26,bad_047,bad,False,True,False,,,,11.0,12.0,11.0,13.0,0.4583333333333333,0.4182593148460627,0.36202355820686527,0.5494760803375236,0.9591836734693877,0.513414991588755,0.0003678163103881561,0.5134150930801189,0.0003678163103881561,8.072253518498696,0.75
25,2016-04-26,bad_048,bad,True,False,,,,,6.5,9.0,6.5,9.0,0.41935483870967744,0.5088296016766629,0.48391206620987987,0.5669705177658234,,,,1.0391522227606038,0.0005813108554896826,16.842518337311052,0.85
25,2016-04-26,bad_049,bad,False,False,,failure,0.39000000000000007,-2.399481184027451,9.0,11.0,9.0,11.0,0.45,0.462308037574388,0.4463436849581818,0.49955819367886933,,,,0.9193499533424976,0.0004875586673017232,14.684548856515008,0.9
26,2016-05-25,good_000,good,True,True,False,,,,26.0,8.0,26.0,9.0,0.7428571428571429,0.5214853660614716,0.4237311088113377,0.7495786329784506,0.7755102040816326,0.8604277716737326,0.0005473747317852473,0.860427966559481,0.0005473747317852473,13.784730400074304,0.75
26,2016-05-25,good_001,good,True,True,True,,,,24.5,9.0,25.5,9.0,0.7391304347826086,0.577075361290877,0.5056457977364435,0.7437443429178887,0.3877551020408163,1.432050932042756,0.0007583530950784581,1.432051321023488,0.0007583530950784581,22.164892123870953,0.9
26,2016-05-25,good_002,good,True,True,True,,,,25.0,8.0,26.0,8.0,0.7647058823529411,0.5972127225719877,0.5148687760514389,0.7893485977866016,0.5714285714285714,1.1124004432761363,0.0005464052936846322,1.1124007714621014,0.0005464052936846322,17.801188080954404,0.85
26,2016-05-25,good_003,good,True,True,True,,,,27.0,7.0,28.0,7.0,0.8,0.6500013655374387,0.5376183745373513,0.9122283445376429,0.5102040816326531,1.201018969382986,0.0006574287375082979,1.2010192859246085,0.0006574287375082979,19.050931816357057,0.85
26,2016-05-25,good_004,good,True,True,True,,,,26.0,8.0,27.0,8.0,0.7714285714285715,0.6110576289673886,0.5503991561568229,0.7525940655253751,0.24489795918367346,1.7539377744619074,0.0007760006451501738,1.7539383451609605,0.0007760006451501738,27.921674408350803,0.95
26,2016-05-25,good_005,good,True,True,True,,,,27.0,7.0,28.0,7.0,0.8,0.678020677840312,0.6194426478928489,0.8147027477177258,0.02040816326530612,2.9002279123839254,0.0010845568077154136,2.9002290249194864,0.0010845568077154136,45.36952276963206,1.0
26,2016-05-25,good_006,good,True,True,True,,,,25.0,8.0,26.0,8.0,0.7647058823529411,0.6305905433514154,0.5195476323816605,0.8896906689475106,0.32653061224489793,1.6065593679592522,0.0007883817350989603,1.6065598384024908,0.0007883817350989603,25.473058930084523,0.9
26,2016-05-25,good_007,good,True,True,False,,,,25.0,8.0,25.0,9.0,0.7352941176470589,0.6148546937817616,0.5246468964151652,0.8253395543038199,0.7346938775510204,1.0000282899226831,0.0006400108284636454,1.0000285116904668,0.0006400108284636454,15.90343241350295,0.75
26,2016-05-25,good_008,good,True,True,True,,,,22.0,11.0,23.0,11.0,0.6764705882352942,0.5775701205654546,0.5755094712117452,0.5823783023907767,0.08163265306122448,2.24511497944717,0.001027220525406949,2.2451156817161295,0.001027220525406949,35.64619799722413,1.0
26,2016-05-25,good_009,good,True,True,True,,,,28.0,5.0,29.0,5.0,0.8529411764705882,0.6198957557945508,0.5279414460985261,0.8344558117519421,0.5306122448979592,1.186971897013672,0.0006225626983862498,1.1869722228236244,0.0006225626983862498,18.998572325134063,0.85
26,2016-05-25,good_010,good,True,True,False,,,,32.0,2.0,32.0,3.0,0.9142857142857143,0.6518972190098044,0.5119318412472821,0.9784831004556898,0.42857142857142855,1.3517802763383049,0.0007149560693924482,1.3517806399208119,0.0007149560693924482,21.379050492791045,0.8
26,2016-05-25,good_011,good,True,True,True,,,,26.0,8.0,27.0,8.0,0.7714285714285715,0.6150745665049405,0.5596503728633163,0.7443976850020637,0.22448979591836735,1.8961851101056302,0.0007701272653106853,1.8961857823312214,0.0007701272653106853,30.014106169282027,0.95
26,2016-05-25,good_012,good,True,True,True,,,,26.0,8.0,27.0,8.0,0.7714285714285715,0.5574057514417153,0.4807127728103284,0.7363560349149516,0.6938775510204082,1.0634755180342153,0.000569189666258775,1.0634758000508584,0.000569189666258775,16.82677273204053,0.85
26,2016-05-25,good_013,good,True,True,False,,,,22.0,11.0,22.0,12.0,0.6470588235294118,0.5272745253213835,0.47092743664838044,0.6587510655583908,0.8367346938775511,0.8465029971414219,0.0004509918565211624,0.8465032300340759,0.0004509918565211624,13.946724091719569,0.75
26,2016-05-25,good_014,good,True,True,True,,,,24.0,9.0,25.0,9.0,0.7352941176470589,0.6301633563396816,0.5722245908612884,0.7653538091225992,0.2653061224489796,1.7303053388389493,0.0008793213775792981,1.7303058298392764,0.0008793213775792981,27.723092644589148,0.9
26,2016-05-25,good_015,good,True,True,True,,,,23.5,10.0,24.5,10.0,0.7101449275362319,0.5945208948701325,0.5738459530692464,0.6427624257388668,0.14285714285714285,2.076810933785413,0.0008428864464928635,2.076811668515056,0.0008428864464928635,32.435807310900195,0.95
26,2016-05-25,good_016,good,True,True,True,,,,29.0,5.0,30.0,5.0,0.8571428571428571,0.6099315495800515,0.520377316110879,0.8188914276747873,0.2857142857142857,1.7260542577471183,0.0006552748396739913,1.7260549073207536,0.0006552748396739913,26.590697581742806,1.0
26,2016-05-25,good_017,good,True,True,True,,,,27.0,7.0,28.0,7.0,0.8,0.6454142610149249,0.583497301587241,0.7898871663461876,0.061224489795918366,2.4475199113285644,0.0010425327293081856,2.447520737976118,0.0010425327293081856,38.14684267604964,1.0
26,2016-05-25,good_018,good,True,True,True,,,,25.0,9.0,26.0,9.0,0.7428571428571429,0.5745159325149269,0.5007192295152542,0.7467082395141633,0.4489795918367347,1.3430087514738227,0.0006953962570250395,1.3430091249433573,0.0006953962570250395,21.184606717744863,0.9
26,2016-05-25,good_019,good,True,True,True,,,,26.0,8.0,27.0,8.0,0.7714285714285715,0.6016450046739954,0.5463079283602938,0.7307648494059659,0.16326530612244897,2.0698121576346242,0.0009366504541915516,2.0698128130509255,0.0009366504541915516,31.923755603970537,0.95
26,2016-05-25,medium_000,medium,True,True,False,,,,17.0,12.0,17.0,13.0,0.5666666666666667,0.5339954085780694,0.5143496718610396,0.5798354609178056,0.8775510204081632,0.7913350619570174,0.0004153303028402753,0.7913352795948485,0.0004153303028402753,12.532109011009505,0.75
26,2016-05-25,medium_001,medium,False,True,False,,,,20.0,11.0,20.0,12.0,0.625,0.47882279003487244,0.4537699699624207,0.5372793702039266,0.7551020408163265,0.9968295981120817,0.00045882987740922455,0.9968299086590691,0.00045882987740922455,15.775754585309128,0.9
26,2016-05-25,medium_002,medium,True,True,True,,,,18.0,11.0,19.0,11.0,0.6333333333333333,0.5529474310182891,0.5122683353084537,0.6478653210079052,0.6326530612244898,1.0843774926209824,0.0006665157386151601,1.0843777439497926,0.0006665157386151601,17.12633583544311,0.95
26,2016-05-25,medium_003,medium,True,True,True,,,,19.5,12.0,20.5,12.0,0.6307692307692307,0.6028212028234022,0.606578875886947,0.5940532990084645,0.30612244897959184,1.6881398429337395,0.0009326136724057169,1.6881402834347676,0.0009326136724057169,26.88464344411014,0.95
26,2016-05-25,medium_004,medium,True,False,,,,,19.5,11.0,19.5,11.0,0.639344262295082,0.5514994363839699,0.5211224350593514,0.6223791061414132,,,,1.7435522130237369,0.0007886761356170462,27.65920438676155,0.9
26,2016-05-25,medium_005,medium,True,True,True,,,,17.5,11.0,18.5,11.0,0.6271186440677966,0.5697089526976598,0.5350684384051416,0.6505368193802021,0.5510204081632653,1.1631514316342506,0.0006002520169322992,1.163151756980462,0.0006002520169322992,18.43252573105556,0.9
26,2016-05-25,medium_006,medium,True,True,True,,,,16.0,13.0,17.0,13.0,0.5666666666666667,0.5850403608802272,0.5694176147538372,0.621493435175137,0.20408163265306123,1.9326718007784485,0.000957110752718489,1.9326723582026928,0.000957110752718489,30.596371206789403,1.0
26,2016-05-25,medium_007,medium,False,False,,failure,0.5100000000000001,-1.7882132358006118,12.5,13.0,12.5,13.0,0.49019607843137253,0.45011426376789365,0.4228589909929061,0.5137099002428646,,,,0.8856040715029269,0.0003989773750564733,13.804726076253088,0.85
26,2016-05-25,medium_008,medium,False,True,False,,,,17.0,13.0,17.0,14.0,0.5483870967741935,0.4665119962602724,0.45489456593283384,0.49361933369096234,0.7959183673469388,0.8553975100189556,0.000508728827909695,0.8553977187604594,0.000508728827909695,13.432597798210024,0.85
26,2016-05-25,medium_009,medium,False,True,True,,,,19.0,12.0,20.0,12.0,0.625,0.49252293857673424,0.5048732896613287,0.4637054527126806,0.3673469387755102,1.5159881858455957,0.0007321225533852694,1.5159886324469147,0.0007321225533852694,24.290859121661285,1.0
26,2016-05-25,medium_010,medium,False,True,False,,,,15.5,14.0,15.5,15.0,0.5081967213114754,0.49141944938544757,0.4744448062716624,0.5310269499842799,0.7142857142857143,1.0515771742704345,0.0005180942445697105,1.051577479519139,0.0005180942445697105,16.496424906133704,0.85
26,2016-05-25,medium_011,medium,False,False,,success,0.8200000000000002,1.0954175195875848,13.0,13.0,13.5,13.0,0.5094339622641509,0.4934785968417403,0.49040793309954167,0.5006434789068706,,,,0.9809786654265188,0.00046383070728444524,15.652842296588478,0.8
26,2016-05-25,medium_012,medium,False,True,False,,,,18.5,12.0,18.5,13.0,0.5873015873015873,0.4902361306434023,0.45688337356312936,0.5680592304973726,0.9591836734693877,0.5627153022985875,0.0003078429789029362,0.5627154470084201,0.0003078429789029362,8.849486437411544,0.7
26,2016-05-25,medium_013,medium,True,True,True,,,,11.5,11.0,12.5,11.0,0.5319148936170213,0.5253674419716403,0.5629278927712852,0.4377263901058025,0.12244897959183673,2.1589838867216313,0.0009765946591363023,2.158984573113938,0.0009765946591363023,34.30335494296154,1.0
26,2016-05-25,medium_014,medium,True,True,True,,,,20.5,9.0,21.5,9.0,0.7049180327868853,0.6634258343662189,0.6569325304600648,0.6785768768139121,0.04081632653061224,2.888346103473256,0.0011739591870668453,2.888347123707956,0.0011739591870668453,44.817384395489185,1.0
26,2016-05-25,medium_015,medium,True,True,True,,,,14.5,11.0,15.5,11.0,0.5849056603773585,0.5181877415567057,0.4863960268442305,0.5923684092191479,0.40816326530612246,1.4081885196338615,0.0007516420673181364,1.4081888945310226,0.0007516420673181364,21.99865706709201,0.9
26,2016-05-25,medium_016,medium,True,True,False,,,,21.0,12.0,21.0,13.0,0.6176470588235294,0.5402075179830887,0.48085571912814984,0.678695048644613,0.9183673469387755,0.6745529575326084,0.00044129094166830225,0.6745531060485879,0.00044129094166830225,10.845764322921159,0.75
26,2016-05-25,medium_017,medium,True,True,True,,,,13.0,13.0,14.0,13.0,0.5185185185185185,0.5186111724459669,0.5221095235333066,0.5104483532421743,0.46938775510204084,1.257551785590496,0.0006633195230099862,1.2575521267625274,0.0006633195230099862,20.117214186029802,0.95
26,2016-05-25,medium_018,medium,True,True,True,,,,21.5,11.0,22.5,11.0,0.6716417910447762,0.5479774194948293,0.5112127441196072,0.633761662037014,0.4897959183673469,1.2252318922184293,0.0004685611522374635,1.2252323507717227,0.0004685611522374635,19.32188301596699,0.9
26,2016-05-25,medium_019,medium,False,False,,success,0.8200000000000002,4.245580964910658,14.0,14.0,14.5,14.0,0.5087719298245614,0.4915172108598216,0.5375162780677105,0.38418605404141426,,,,1.0488988680836346,0.0006691450320202555,16.789953154069465,0.8
26,2016-05-25,medium_020,medium,False,False,,success,0.8200000000000002,3.2848777788394727,16.5,13.0,17.0,13.0,0.5666666666666667,0.48792143847592384,0.36713390167886206,0.7697590243357347,,,,0.5894278277881682,0.0002846667252533453,8.998409408343996,0.75
26,2016-05-25,medium_021,medium,False,True,False,,,,18.5,11.0,18.5,12.0,0.6065573770491803,0.4432591198154359,0.38760760221785207,0.573112660876465,1.0,0.24351354048410304,0.00016302064551154685,0.24351359334573516,0.00016302064551154685,3.8900347321882416,0.65
26,2016-05-25,medium_022,medium,True,False,,,,,22.0,11.0,22.5,11.0,0.6716417910447762,0.5501469148549805,0.49169204725378923,0.6865416059244266,,,,1.4192340228132962,0.0006820078638609117,22.35705501504535,0.85
26,2016-05-25,medium_023,medium,False,True,False,,,,16.5,14.0,16.5,15.0,0.5238095238095238,0.44583417048017504,0.4075682244531832,0.5351213778764895,0.6122448979591837,1.0920067468127146,0.0008159080382710082,1.0920069559432086,0.0008159080382710082,17.309598683945975,0.8
26,2016-05-25,medium_024,medium,True,True,True,,,,17.0,12.0,18.0,12.0,0.6,0.5526366178254015,0.5655966363336213,0.5223965746395552,0.3469387755102041,1.5432158957323119,0.000801713819030573,1.5432163224436337,0.000801713819030573,24.426361983048807,0.95
26,2016-05-25,medium_025,medium,True,False,,,,,16.0,14.0,16.5,14.0,0.5409836065573771,0.5609051411540935,0.5249788415540072,0.6447331735542952,,,,1.379411653538053,0.0007687610817230228,22.025978225352638,0.9
26,2016-05-25,medium_026,medium,True,True,False,,,,21.5,9.0,21.5,10.0,0.6825396825396826,0.6021010115081765,0.5371795141993374,0.753584505228801,0.5918367346938775,1.1070498468591103,0.0007267873544550774,1.1070500874826545,0.0007267873544550774,17.336136391563066,0.85
26,2016-05-25,medium_027,medium,False,False,,success,0.8500000000000002,0.27281592939186794,11.5,12.0,12.0,12.0,0.5,0.4700717807132524,0.45842366262551215,0.49725072291797984,,,,1.1391756138422662,0.0006847595619393611,18.00981152769686,0.85
26,2016-05-25,medium_028,medium,True,True,True,,,,17.0,12.0,18.0,12.0,0.6,0.5705796132730278,0.6067349794185892,0.4862170922667178,0.1836734693877551,2.008993888452919,0.0007760809180085206,2.0089946368330707,0.0007760809180085206,32.06161322352191,1.0
26,2016-05-25,medium_029,medium,True,True,True,,,,16.5,13.0,17.5,13.0,0.5737704918032787,0.5770313994284416,0.5652876610188173,0.604433455717565,0.10204081632653061,2.2044832028392483,0.0008936267407609371,2.2044839892204373,0.0008936267407609371,35.10413637183383,0.95
26,2016-05-25,bad_000,bad,False,True,False,,,,13.0,14.0,13.0,15.0,0.4642857142857143,0.39547654726397974,0.3792234518324308,0.4334004366042608,0.9795918367346939,0.4117282974661662,0.0002550187329367081,0.4117283942916874,0.0002550187329367081,6.631453227260317,0.65
26,2016-05-25,bad_001,bad,False,True,False,,,,9.5,9.0,9.5,10.0,0.48717948717948717,0.34489179014338717,0.3853657146737022,0.2504526329059855,0.9387755102040817,0.6064387153716109,0.0003353083140998867,0.6064388715031227,0.0003353083140998867,9.456953012123751,0.75
26,2016-05-25,bad_002,bad,False,False,,success,0.8200000000000001,0.024040020553769637,6.5,10.0,7.0,10.0,0.4117647058823529,0.49298884905038554,0.46216819047977786,0.5649037190484703,,,,1.2992914006617469,0.0005643802969123132,20.313065953293343,0.85
26,2016-05-25,bad_003,bad,False,False,,failure,0.5100000000000001,-4.072276604883655,10.0,12.0,10.0,12.0,0.45454545454545453,0.3762342401661445,0.3419808406987461,0.4561588389234073,,,,0.4642972617851587,0.00028931798318304993,7.216475223777454,0.6
26,2016-05-25,bad_004,bad,False,False,,failure,0.5100000000000001,-5.011442659453849,9.0,10.0,9.0,10.0,0.47368421052631576,0.450101376214747,0.49029574121693825,0.35631452454296747,,,,0.9008077653416114,0.0005107786141879175,14.254986858778748,0.8
26,2016-05-25,bad_005,bad,False,False,,failure,0.39000000000000007,-0.6585284819363437,4.5,10.0,4.5,10.0,0.3103448275862069,0.431601801056803,0.4319521600628521,0.43078429670935525,,,,0.30734958769531173,0.0002212730720177395,4.97345613873942,0.55
26,2016-05-25,bad_006,bad,False,False,,failure,0.39000000000000007,-1.1363486167020938,10.0,14.0,10.0,14.0,0.4166666666666667,0.4750719549433157,0.4950711271006837,0.42840721990945724,,,,0.5345939358828118,0.0003982891548949956,8.398505680603071,0.7
26,2016-05-25,bad_007,bad,False,False,,failure,0.39000000000000007,-0.5243548267625613,9.0,10.0,9.0,10.0,0.47368421052631576,0.4663492848671777,0.49524458177948405,0.39892692540512964,,,,0.430323000959913,0.00034511279904742644,6.925377325483161,0.65
26,2016-05-25,bad_008,bad,False,False,,failure,0.5100000000000001,-2.754635227095406,5.5,8.0,5.5,8.0,0.4074074074074074,0.4407220587458325,0.46210255596238103,0.3908342319072193,,,,0.9473285922624566,0.0007083468932336065,15.04529131744443,0.8
26,2016-05-25,bad_009,bad,False,False,,failure,0.5100000000000001,-5.6258304324251185,7.0,11.0,7.0,11.0,0.3888888888888889,0.3350307207069258,0.3635450860563191,0.2684972015583414,,,,0.7238912358680806,0.0005042255724335216,11.382038054134359,0.85
26,2016-05-25,bad_010,bad,False,False,,success,0.9400000000000001,4.221415786541627,8.5,12.0,9.0,12.0,0.42857142857142855,0.41697043109670484,0.4369521551632628,0.3703464082747364,,,,0.6527704410353866,0.00036754601273865714,10.364433268614773,0.75
26,2016-05-25,bad_011,bad,False,False,,success,0.9700000000000001,2.7196327332087264,5.5,9.0,6.0,9.0,0.4,0.3876052681773573,0.42999089324606055,0.288705476350383,,,,0.6302753000521307,0.0004256859859494205,9.998269013225896,0.65
26,2016-05-25,bad_012,bad,False,False,,failure,0.5100000000000001,-0.436074781441107,8.0,11.0,8.0,11.0,0.42105263157894735,0.3842345766730199,0.4623496050723387,0.20196617707460957,,,,0.6101001800699196,0.0003347901362661252,9.742387130901271,0.65
26,2016-05-25,bad_013,bad,True,False,,,,,10.5,12.0,11.0,12.0,0.4782608695652174,0.5387363908252697,0.5873997728301003,0.42518849948066517,,,,1.5320483270382117,0.0008672056097245943,24.64953294170265,0.95
26,2016-05-25,bad_014,bad,False,False,,failure,0.39000000000000007,-0.8062570694894191,6.0,9.0,6.0,9.0,0.4,0.35660585655410904,0.4433923063780521,0.15410414029824201,,,,0.3332470297580193,0.00021002763795322242,5.288545404596738,0.65
26,2016-05-25,bad_015,bad,False,False,,success,0.8200000000000002,2.5884185688062757,7.0,10.0,7.5,10.0,0.42857142857142855,0.4692690201157349,0.44492221240977475,0.5260782380963087,,,,0.6705173647695626,0.00035345850196634297,10.595595293671117,0.7
26,2016-05-25,bad_016,bad,False,False,,success,0.8500000000000002,0.564326677902443,7.0,11.0,7.5,11.0,0.40540540540540543,0.4425990226085009,0.5144391544668738,0.2749720482722977,,,,1.5800780818783433,0.000694793243839315,24.901784523545185,0.95
26,2016-05-25,bad_017,bad,False,False,,failure,0.39000000000000007,-4.885832290957367,8.5,11.0,8.5,11.0,0.4358974358974359,0.443040756129655,0.4267432263584688,0.48106832559575613,,,,0.8722338041364116,0.0004215557277082588,13.531362725714995,0.9
26,2016-05-25,bad_018,bad,True,False,,,,,9.5,10.0,10.0,10.0,0.5,0.5214248185425313,0.4816275923694334,0.6142850129464266,,,,1.507984268661619,0.0006952772280849246,23.997080461014143,0.95
26,2016-05-25,bad_019,bad,False,True,False,,,,10.5,13.0,10.5,14.0,0.42857142857142855,0.4640704320275116,0.5021283977136896,0.37526851209309636,0.673469387755102,1.0706875824868465,0.0006519436679151063,1.07068783249143,0.0006519436679151063,16.79996521246705,0.85
26,2016-05-25,bad_020,bad,False,True,True,,,,9.0,10.0,10.0,10.0,0.5,0.4803211962573589,0.5039627002567852,0.42515768692536426,0.6530612244897959,1.0796985510047636,0.000515565232774252,1.0796988733297685,0.000515565232774252,17.34295310920463,0.9
26,2016-05-25,bad_021,bad,True,False,,,,,9.5,11.0,9.5,11.0,0.4634146341463415,0.5533070093591779,0.5077159728543543,0.6596860945370996,,,,0.6902426395771526,0.0004638710190278731,10.862406152717362,0.7
26,2016-05-25,bad_022,bad,True,False,,,,,8.0,9.0,8.5,9.0,0.4857142857142857,0.5615486430753946,0.5546274848174002,0.5776980123440484,,,,1.295291870435716,0.0007339567292689097,20.702607040621512,0.9
26,2016-05-25,bad_023,bad,False,False,,failure,0.4200000000000001,-1.3414933401454903,9.0,11.0,9.0,11.0,0.45,0.48508702719578517,0.5436069679973641,0.3485404986587678,,,,0.9452053994897875,0.0006035735449992181,15.137566479844185,0.75
26,2016-05-25,bad_024,bad,False,False,,failure,0.39000000000000007,-3.2110990155518238,9.0,11.0,9.0,11.0,0.45,0.49656757587688144,0.47101937026360374,0.5561800556411961,,,,0.7250056669402593,0.0004768782154141374,11.47856241146875,0.75
26,2016-05-25,bad_025,bad,False,False,,failure,0.5100000000000001,-0.8903748072905557,7.5,10.0,7.5,10.0,0.42857142857142855,0.37597013304249477,0.434520052938313,0.2393536532855857,,,,0.6191588267713881,0.0003411083436684525,10.003634363213191,0.7
26,2016-05-25,bad_026,bad,False,True,False,,,,6.0,10.0,6.0,11.0,0.35294117647058826,0.4078699082753563,0.4419943465516428,0.3282462189640211,0.8571428571428571,0.8124017548419682,0.00040253151052076246,0.8124019909468905,0.00040253151052076246,13.088293178666774,0.85
26,2016-05-25,bad_027,bad,True,False,,,,,6.0,10.0,6.0,10.0,0.375,0.504925139350343,0.5806659935203122,0.328196479620415,,,,1.9299670816904486,0.0008710362254716279,30.52655783484297,1.0
26,2016-05-25,bad_028,bad,False,False,,failure,0.5100000000000001,-1.1924884000988811,7.0,10.0,7.0,10.0,0.4117647058823529,0.43602915735687076,0.46059800796708883,0.3787018392663619,,,,0.7459711513841075,0.0004065649156541529,11.806117118982439,0.7
26,2016-05-25,bad_029,bad,True,True,False,,,,11.0,11.0,11.0,12.0,0.4782608695652174,0.5022839136763291,0.4848984051945017,0.5428501001339264,0.8163265306122449,0.8513612123127966,0.00038585885477334856,0.8513614788624689,0.00038585885477334856,13.569966338332113,0.85
26,2016-05-25,bad_030,bad,True,False,,,,,8.5,10.0,8.5,10.0,0.4594594594594595,0.5080266870227047,0.5052660829442888,0.5144680965390087,,,,1.0553374599888363,0.0005125857690825174,16.967653265873786,0.85
26,2016-05-25,bad_031,bad,False,False,,failure,0.39000000000000007,-1.333745573626004,10.0,10.0,10.0,10.0,0.5,0.46366347068313074,0.4457027273682923,0.505571871751087,,,,1.2980364592924016,0.0005455225512292224,20.907824374725898,0.9
26,2016-05-25,bad_032,bad,False,False,,failure,0.39000000000000007,-0.8499564999085294,7.0,10.0,7.0,10.0,0.4117647058823529,0.453603742110156,0.4758865892329718,0.40161043215691933,,,,0.358951806321738,0.0002659118592254795,5.598817810066672,0.65
26,2016-05-25,bad_033,bad,False,False,,failure,0.5100000000000001,-5.07368493560223,5.5,10.0,5.5,10.0,0.3548387096774194,0.43312819491483057,0.4943153125145976,0.2903582538487077,,,,0.8981364306657452,0.000506285164210222,14.219234620269884,0.8
26,2016-05-25,bad_034,bad,True,True,False,,,,8.0,10.0,8.0,11.0,0.42105263157894735,0.5112117098952913,0.46922126490940397,0.6091894148623617,0.8979591836734694,0.7612820134320442,0.0004797102232919646,0.7612821848176746,0.0004797102232919646,11.958881792773363,0.75
26,2016-05-25,bad_035,bad,False,False,,failure,0.48000000000000004,-2.6519326661232014,8.0,11.0,8.0,11.0,0.42105263157894735,0.43697226474606876,0.4433911466253518,0.4219948736944086,,,,0.7665463433052423,0.0003954163285356246,12.229005030003387,0.85
26,2016-05-25,bad_036,bad,False,False,,success,0.9400000000000001,2.037704790227764,7.0,11.0,7.5,11.0,0.40540540540540543,0.4704942411776172,0.4577200571076523,0.5003006706742019,,,,0.788883894746035,0.0005061385397861636,12.47793839356065,0.8
26,2016-05-25,bad_037,bad,False,False,,failure,0.39000000000000007,-4.591716022314188,3.5,10.0,3.5,10.0,0.25925925925925924,0.39840168651341895,0.5069360111772131,0.14515492896456592,,,,1.2771546849381357,0.000672572794633988,20.280075010923706,0.85
26,2016-05-25,bad_038,bad,True,False,,,,,10.0,11.0,10.0,11.0,0.47619047619047616,0.5316054585553031,0.5183150252746758,0.5626164695434336,,,,0.8432599739571104,0.0005342460113785079,13.03809666461744,0.8
26,2016-05-25,bad_039,bad,False,False,,failure,0.39000000000000007,-2.957377544857877,8.0,10.0,8.0,10.0,0.4444444444444444,0.40255445310425714,0.43267545866624013,0.33227210679296354,,,,0.6968709898127047,0.0003913551657110774,10.981603951644972,0.7
26,2016-05-25,bad_040,bad,False,False,,failure,0.4200000000000001,-0.6127719518379422,8.0,11.0,8.0,11.0,0.42105263157894735,0.4635882138673532,0.5761709647239892,0.20089512853520264,,,,1.8088233794943984,0.0008067456227559931,27.855802842905298,0.95
26,2016-05-25,bad_041,bad,False,False,,success,0.8500000000000002,4.228779816690519,10.5,10.0,11.0,10.0,0.5238095238095238,0.4915323663996747,0.511395304978557,0.44518550971561593,,,,0.8779964245075669,0.0005325941828108205,14.215342559354443,0.75
26,2016-05-25,bad_042,bad,False,False,,failure,0.5100000000000001,-3.7302505748606762,7.0,10.0,7.0,10.0,0.4117647058823529,0.37393878066442354,0.39763351567728905,0.3186510656344041,,,,0.7134445481395415,0.00042647683140804784,11.292078732782747,0.7
26,2016-05-25,bad_043,bad,False,False,,failure,0.5100000000000001,-1.0628006927746014,9.0,9.0,9.0,9.0,0.5,0.44926037361953775,0.4350898558447135,0.48232491509412767,,,,0.45411353772407526,0.0002429716139029113,7.240056687454421,0.65
26,2016-05-25,bad_044,bad,True,False,,,,,6.0,11.0,6.5,11.0,0.37142857142857144,0.5070512683210817,0.5502573241717893,0.406237138002764,,,,1.6917428556580627,0.0008462969085156303,26.617079340592827,0.85
26,2016-05-25,bad_045,bad,False,False,,failure,0.39000000000000007,-3.9809381688485104,8.5,11.0,8.5,11.0,0.4358974358974359,0.4612503886595371,0.4912333412271843,0.39129016600169375,,,,0.9122267292868825,0.0005959167672129468,14.68479371927744,0.85
26,2016-05-25,bad_046,bad,False,False,,failure,0.48000000000000004,-2.9231033616113677,7.5,12.0,7.5,12.0,0.38461538461538464,0.36021487594762147,0.321226634395674,0.45118743956883217,,,,0.25637315746248074,0.00015598612466287978,4.052097703622084,0.55
26,2016-05-25,bad_047,bad,True,False,,,,,11.0,13.0,11.5,13.0,0.46938775510204084,0.5127589906489108,0.47185032239545044,0.6082125499069851,,,,0.7700803646504687,0.0005025074014296107,11.978374860669168,0.75
26,2016-05-25,bad_048,bad,True,True,True,,,,6.5,9.0,7.5,9.0,0.45454545454545453,0.5904551474485132,0.6307104851338634,0.4965260261826962,0.0,3.87652774765618,0.0010811452394888918,3.876529736195307,0.0010811452394888918,59.27183452705069,1.0
26,2016-05-25,bad_049,bad,False,False,,success,0.9400000000000001,2.4333577670677187,9.0,11.0,9.5,11.0,0.4634146341463415,0.45477955095245925,0.45142383520852775,0.46260955435496603,,,,0.8630336253543495,0.0004330003891081072,13.892243480233413,0.85
27,2016-06-23,good_000,good,True,True,True,,,,26.0,9.0,27.0,9.0,0.75,0.5927487410871246,0.4953166882209281,0.8200901977749163,0.3877551020408163,1.4316596599743356,0.0006723788054543428,1.431660083123377,0.0006723788054543428,22.521769175436592,0.9
27,2016-06-23,good_001,good,True,True,True,,,,25.5,9.0,26.5,9.0,0.7464788732394366,0.6055786582335387,0.5270868652298557,0.7887261752421328,0.14285714285714285,1.9586999767761508,0.0009665952617108923,1.9587005296437987,0.0009665952617108923,31.53737875598988,0.95
27,2016-06-23,good_002,good,True,True,False,,,,26.0,8.0,26.0,9.0,0.7428571428571429,0.5186795437987607,0.433309755873012,0.7178757156255076,0.8775510204081632,0.6240731417948101,0.0003922464335330515,0.6240732805916582,0.0003922464335330515,9.97927650788812,0.8
27,2016-06-23,good_003,good,True,True,True,,,,28.0,7.0,29.0,7.0,0.8055555555555556,0.673131661424669,0.6027229304587229,0.8374187003452097,0.12244897959183673,2.1279453796282435,0.0009798173555870674,2.127946027490804,0.0009798173555870674,33.19687490646928,0.95
27,2016-06-23,good_004,good,True,True,True,,,,27.0,8.0,28.0,8.0,0.7777777777777778,0.6039753407153825,0.5331615290247987,0.7692075679934112,0.24489795918367346,1.6306284375540014,0.0006341096680531535,1.630629024091745,0.0006341096680531535,26.230734013917473,0.95
27,2016-06-23,good_005,good,True,True,False,,,,28.0,7.0,28.0,8.0,0.7777777777777778,0.5624606982525437,0.4916038136839598,0.727793428912573,0.7142857142857143,0.9280440943168347,0.000584723008630958,0.9280443001990499,0.000584723008630958,14.787590156121828,0.8
27,2016-06-23,good_006,good,True,True,False,,,,26.0,8.0,26.0,9.0,0.7428571428571429,0.5046973319483237,0.3729478925642185,0.812112690511236,0.9795918367346939,0.29709467662118766,0.00019485557799254512,0.29709474192592444,0.00019485557799254512,4.864195153253507,0.55
27,2016-06-23,good_007,good,False,True,False,,,,25.0,9.0,25.0,10.0,0.7142857142857143,0.4761870778908228,0.43840571738998213,0.5643435857261179,0.6530612244897959,0.961986374707464,0.0005148374213747761,0.9619866256350477,0.0005148374213747761,15.264408027471022,0.8
27,2016-06-23,good_008,good,True,True,True,,,,23.0,11.0,24.0,11.0,0.6857142857142857,0.6171292497276442,0.5878432992063908,0.6854631342772357,0.04081632653061224,2.3040850843041736,0.0009619562759467633,2.3040858558226605,0.0009619562759467633,37.14087342248512,1.0
27,2016-06-23,good_009,good,True,True,True,,,,29.0,5.0,30.0,5.0,0.8571428571428571,0.669925518440874,0.5439931471782071,0.9637677180537635,0.1836734693877551,1.9200465665635935,0.0009554414819942772,1.9200471045462226,0.0009554414819942772,30.57907978586106,0.95
27,2016-06-23,good_010,good,True,True,True,,,,32.0,3.0,33.0,3.0,0.9166666666666666,0.6518297177495671,0.5540123422719387,0.8800702605306999,0.4897959183673469,1.166619708004051,0.0006335188141658014,1.1666200095716448,0.0006335188141658014,18.780670985405834,0.75
27,2016-06-23,good_011,good,False,True,False,,,,27.0,8.0,27.0,9.0,0.75,0.4829705738865908,0.3750494748694442,0.7347864715932664,0.6326530612244898,0.9675243615967563,0.0004311548876932336,0.967524664372647,0.0004311548876932336,15.339258700688623,0.75
27,2016-06-23,good_012,good,True,True,True,,,,27.0,8.0,28.0,8.0,0.7777777777777778,0.5956243388771293,0.5100764774813094,0.7952360154673758,0.6938775510204082,0.9302547374723232,0.0005366255481341767,0.930254964071248,0.0005366255481341767,14.763951649284243,0.85
27,2016-06-23,good_013,good,True,True,True,,,,22.0,12.0,23.0,12.0,0.6571428571428571,0.6011455825071651,0.5581699910580209,0.7014219625551683,0.08163265306122448,2.1781855214959616,0.0008302776122518453,2.1781863165427398,0.0008302776122518453,34.44079659605911,0.95
27,2016-06-23,good_014,good,True,True,True,,,,25.0,9.0,26.0,9.0,0.7428571428571429,0.625198625540291,0.5973090915117909,0.6902742049401248,0.061224489795918366,2.243857898220675,0.000912092870641497,2.2438586722789453,0.000912092870641497,35.44495226085784,0.95
27,2016-06-23,good_015,good,True,True,False,,,,24.5,10.0,24.5,11.0,0.6901408450704225,0.5228804873140217,0.4610160123179091,0.6672309289716177,0.9387755102040817,0.4843023381235815,0.0003054420001919871,0.48430244600845623,0.0003054420001919871,7.7068965877138655,0.7
27,2016-06-23,good_016,good,True,True,True,,,,30.0,5.0,31.0,5.0,0.8611111111111112,0.6290600236465242,0.5114314713910778,0.9035266455758992,0.30612244897959184,1.5173345784146364,0.000780709925267756,1.5173349881313112,0.000780709925267756,23.981234852909786,0.85
27,2016-06-23,good_017,good,True,True,True,,,,28.0,7.0,29.0,7.0,0.8055555555555556,0.6553386864449383,0.5735656861248569,0.8461423538584617,0.20408163265306123,1.812247238277682,0.0008536475162644177,1.8122477747047172,0.0008536475162644177,28.688552687453175,0.95
27,2016-06-23,good_018,good,True,True,True,,,,26.0,9.0,27.0,9.0,0.75,0.6223854432668114,0.5581318676676897,0.7723104529980954,0.40816326530612246,1.399437163122488,0.0007792176097434366,1.399437514647874,0.0007792176097434366,22.518306325455193,0.85
27,2016-06-23,good_019,good,True,True,True,,,,27.0,8.0,28.0,8.0,0.7777777777777778,0.6642692664972745,0.610026640225404,0.7908353944649725,0.0,3.014635076465049,0.000966443757016568,3.014636387224576,0.000966443757016568,48.222255674343515,1.0
27,2016-06-23,medium_000,medium,True,True,True,,,,17.0,13.0,18.0,13.0,0.5806451612903226,0.5362040880585892,0.5160092434406038,0.5833253921672219,0.4489795918367347,1.2365871166951858,0.0007252801464382625,1.2365874104575336,0.0007252801464382625,19.671361236574366,0.9
27,2016-06-23,medium_001,medium,True,False,,,,,20.0,12.0,20.0,12.0,0.625,0.5067147474771134,0.47408802897050395,0.582843757325869,,,,1.107158579434066,0.0005821770783345786,17.623664114023445,0.9
27,2016-06-23,medium_002,medium,True,True,False,,,,19.0,11.0,19.0,12.0,0.6129032258064516,0.5136632174415449,0.4959031351805162,0.5551034093839451,0.8367346938775511,0.6749494180066506,0.0004341654873201908,0.6749495641899291,0.0004341654873201908,10.469430169518764,0.8
27,2016-06-23,medium_003,medium,False,True,False,,,,20.5,12.0,20.5,13.0,0.6119402985074627,0.4881209133087372,0.4625313136042144,0.5478299792859572,0.5714285714285714,1.032476298168617,0.0005463597098178334,1.0324765711341664,0.0005463597098178334,16.429750556837863,0.85
27,2016-06-23,medium_004,medium,True,True,True,,,,19.5,11.0,20.5,11.0,0.6507936507936508,0.6222209398739426,0.600056786033094,0.6739372988359226,0.16326530612244897,1.923965807449215,0.0009367479850059564,1.923966360322859,0.0009367479850059564,30.347868490003943,1.0
27,2016-06-23,medium_005,medium,False,True,False,,,,18.5,11.0,18.5,12.0,0.6065573770491803,0.4112647945366089,0.2933456593168027,0.6864094433828236,1.0,0.14802262790137502,6.217889153112551e-05,0.148022676495837,6.217889153112551e-05,2.330579880346134,0.4
27,2016-06-23,medium_006,medium,True,True,True,,,,17.0,13.0,18.0,13.0,0.5806451612903226,0.5409091768797551,0.5794756981324554,0.4509206272901212,0.46938775510204084,1.211400566902663,0.0007936909494453293,1.2114008232568534,0.0007936909494453293,19.09161896090481,0.9
27,2016-06-23,medium_007,medium,True,False,,,,,12.5,13.0,13.0,13.0,0.5,0.5434392281270924,0.5351702862538786,0.5627334258312582,,,,1.7146834938967022,0.0007749514214311418,27.302875099981154,0.95
27,2016-06-23,medium_008,medium,True,False,,,,,17.0,14.0,17.5,14.0,0.5555555555555556,0.5307587791098152,0.5083269431766174,0.58309972962061,,,,1.2587779202044396,0.0005400379910830797,19.996251106315658,0.9
27,2016-06-23,medium_009,medium,True,False,,,,,20.0,12.0,20.0,12.0,0.625,0.5309193139604298,0.5315865023015203,0.5293625411645523,,,,1.2220041048024874,0.000596649318529314,19.349596285186532,0.85
27,2016-06-23,medium_010,medium,True,False,,,,,15.5,15.0,15.5,15.0,0.5081967213114754,0.5490732184158458,0.5627390841959914,0.5171861982621727,,,,3.0360519448087224,0.0009199105513822859,48.689397450259975,1.0
27,2016-06-23,medium_011,medium,True,False,,,,,13.5,13.0,13.5,13.0,0.5094339622641509,0.5903923031467305,0.5922944457913848,0.5859539703092039,,,,1.9892279802898016,0.0010749084737354106,31.30205522359872,0.95
27,2016-06-23,medium_012,medium,True,False,,,,,18.5,13.0,19.0,13.0,0.59375,0.5267093897060194,0.47757078316818286,0.6413661382943047,,,,1.0561358921140347,0.0005898240008835388,16.705641681812285,0.75
27,2016-06-23,medium_013,medium,True,True,True,,,,12.5,11.0,13.5,11.0,0.5510204081632653,0.5087009288274931,0.5345333021257447,0.4484253911315726,0.2857142857142857,1.5534799103444945,0.0008420199951314008,1.5534803104679984,0.0008420199951314008,24.516069785863536,0.9
27,2016-06-23,medium_014,medium,True,True,False,,,,21.5,9.0,21.5,10.0,0.6825396825396826,0.5452451951788971,0.4654408961404536,0.7314552262685988,0.7346938775510204,0.8978011952948122,0.0004942041845085388,0.8978014210703686,0.0004942041845085388,14.275474587671171,0.75
27,2016-06-23,medium_015,medium,True,True,True,,,,15.5,11.0,16.5,11.0,0.6,0.6134003083651276,0.5831153794199797,0.6840651425704727,0.22448979591836735,1.675186595324169,0.0008038163442599,1.6751870850511248,0.0008038163442599,26.43968546071084,0.95
27,2016-06-23,medium_016,medium,True,True,False,,,,21.0,13.0,21.0,14.0,0.6,0.5421958854154594,0.4943608301034851,0.6538110144767331,0.7755102040816326,0.7778751921272868,0.00041641351006248837,0.7778753953010848,0.00041641351006248837,12.37415017496856,0.8
27,2016-06-23,medium_017,medium,False,True,False,,,,14.0,13.0,14.0,14.0,0.5,0.4072110469473189,0.4152509227233039,0.38845133680335425,0.7551020408163265,0.8537256683078013,0.0005152116473459316,0.8537258677519054,0.0005152116473459316,13.714029037212311,0.85
27,2016-06-23,medium_018,medium,True,True,False,,,,22.5,11.0,22.5,12.0,0.6521739130434783,0.5532976065204275,0.49112532039239853,0.6983662741524952,0.5510204081632653,1.075880174951594,0.0006298518900975115,1.0758804345565505,0.0006298518900975115,17.06929188875936,0.8
27,2016-06-23,medium_019,medium,True,False,,,,,14.5,14.0,15.0,14.0,0.5172413793103449,0.6035684159077256,0.6387843854441266,0.52139782032279,,,,5.281916091502218,0.0012831812669957363,82.16694374591057,1.0
27,2016-06-23,medium_020,medium,True,False,,,,,17.0,13.0,17.5,13.0,0.5737704918032787,0.539860288936011,0.5093497305309411,0.6110515918811741,,,,1.684374322567229,0.0007604340173663683,26.66641328742273,0.9
27,2016-06-23,medium_021,medium,True,False,,,,,18.5,12.0,19.0,12.0,0.6129032258064516,0.5496972369891004,0.4600759833432009,0.7588134954961997,,,,1.092092396687031,0.0005965332806481565,17.21578037326787,0.85
27,2016-06-23,medium_022,medium,True,True,True,,,,22.5,11.0,23.5,11.0,0.6811594202898551,0.5563554500764032,0.5263258005138888,0.6264246323889368,0.5102040816326531,1.1215559788332172,0.000703397626309519,1.1215562300359643,0.000703397626309519,17.941708598256245,0.9
27,2016-06-23,medium_023,medium,False,False,,success,0.9400000000000001,0.7033881166713769,16.5,15.0,17.0,15.0,0.53125,0.473229612804555,0.43852308691806585,0.5542115065396964,,,,0.496024250040446,0.00025878644465187554,7.791399795706157,0.8
27,2016-06-23,medium_024,medium,True,True,True,,,,18.0,12.0,19.0,12.0,0.6129032258064516,0.5704696416738205,0.5545387887751317,0.607641631770761,0.10204081632653061,2.176475619835342,0.0008029335192957513,2.1764764447035927,0.0008029335192957513,34.83650194351482,1.0
27,2016-06-23,medium_025,medium,False,True,True,,,,16.5,14.0,17.5,14.0,0.5555555555555556,0.4912382277680608,0.5114036681401952,0.44418553356641394,0.42857142857142855,1.2500377527914683,0.000559620772662206,1.2500381424391214,0.000559620772662206,19.962673876613707,0.95
27,2016-06-23,medium_026,medium,True,True,False,,,,21.5,10.0,21.5,11.0,0.6615384615384615,0.5246658052874957,0.4497729103471043,0.6994158934817426,0.9591836734693877,0.44096467997593286,0.00025507642381972765,0.44096478638109793,0.00025507642381972765,6.924548867546807,0.7
27,2016-06-23,medium_027,medium,False,False,,failure,0.39000000000000007,-2.9475911311684513,12.0,12.0,12.0,12.0,0.5,0.5006772090546266,0.49989844869980793,0.5024943165492037,,,,0.5311248236018995,0.00040717522273068043,8.389288291765642,0.8
27,2016-06-23,medium_028,medium,False,True,False,,,,18.0,12.0,18.0,13.0,0.5806451612903226,0.4910140163191339,0.5021611144663807,0.4650041206422247,0.8163265306122449,0.7147035095646785,0.0005486347855393944,0.7147036400534678,0.0005486347855393944,11.38100820245158,0.65
27,2016-06-23,medium_029,medium,False,True,False,,,,17.5,13.0,17.5,14.0,0.5555555555555556,0.5015281212369883,0.509377479575667,0.4832129517800714,0.5306122448979592,1.1088264198618696,0.000668621740244379,1.1088266759403578,0.000668621740244379,17.54563128724103,0.85
27,2016-06-23,bad_000,bad,False,False,,failure,0.39000000000000007,-3.3891258763222822,13.0,15.0,13.0,15.0,0.4642857142857143,0.3595473998906771,0.36729154156022875,0.34147773599505654,,,,0.8090395461415313,0.00035472410083338456,12.836183830622744,0.7
27,2016-06-23,bad_001,bad,True,False,,,,,9.5,10.0,10.0,10.0,0.5,0.5188731056639844,0.4218091897925908,0.7453555760305693,,,,0.9517836687362434,0.0004642094988726012,15.20433206445064,0.85
27,2016-06-23,bad_002,bad,False,False,,success,0.9400000000000001,0.24583006972756039,7.0,10.0,7.5,10.0,0.42857142857142855,0.4108245461328992,0.3871795926253294,0.4659961043172289,,,,0.5946947994128207,0.00026850064249849307,9.336771980245665,0.7
27,2016-06-23,bad_003,bad,False,False,,success,0.9400000000000001,3.946381707360416,10.0,12.0,10.5,12.0,0.4666666666666667,0.3877453378900759,0.38322060666510094,0.3983030440816843,,,,0.4084460420787623,0.00019770579081024843,6.349050756077512,0.65
27,2016-06-23,bad_004,bad,False,False,,failure,0.39000000000000007,-1.379432964549494,9.0,10.0,9.0,10.0,0.47368421052631576,0.3668742626370358,0.36320067309922777,0.3754459715585881,,,,0.6265158045379259,0.0004483552150150532,9.891150829600337,0.75
27,2016-06-23,bad_005,bad,False,False,,success,0.8200000000000002,0.3498329863221272,4.5,10.0,5.0,10.0,0.3333333333333333,0.36199671621287793,0.42525071595167263,0.21440405015569045,,,,0.5835557126424247,0.00039139495487334596,9.319820908559759,0.7
27,2016-06-23,bad_006,bad,False,False,,failure,0.5100000000000001,-4.9066795510512975,10.0,14.0,10.0,14.0,0.4166666666666667,0.4698826186773276,0.43544317596309956,0.5502413183438597,,,,0.6741332007421427,0.00041345598657976387,10.699191396743794,0.7
27,2016-06-23,bad_007,bad,False,False,,failure,0.39000000000000007,-4.506753585398542,9.0,10.0,9.0,10.0,0.47368421052631576,0.4228647084275002,0.4686076465373932,0.31613118617108327,,,,1.454591643221943,0.0006089088850160851,22.99030598053304,0.95
27,2016-06-23,bad_008,bad,False,False,,failure,0.39000000000000007,-2.0920181992657803,5.5,8.0,5.5,8.0,0.4074074074074074,0.42120569836282973,0.44893034535579585,0.35651485537924216,,,,0.8286355070522728,0.0005159050439369467,13.350422355192732,0.8
27,2016-06-23,bad_009,bad,True,False,,,,,7.0,11.0,7.5,11.0,0.40540540540540543,0.5269571183879607,0.5967040366878511,0.3642143090215496,,,,2.6339079502632967,0.0009685843822539458,42.01542056142323,1.0
27,2016-06-23,bad_010,bad,True,False,,,,,9.0,12.0,9.0,12.0,0.42857142857142855,0.5663345381885622,0.5521527444379435,0.5994253902733391,,,,1.7047650574101483,0.0008250522740868916,27.0482021312727,0.9
27,2016-06-23,bad_011,bad,False,False,,success,0.8200000000000002,1.0230588723694467,6.0,9.0,6.5,9.0,0.41935483870967744,0.40337085688561697,0.42633478893307053,0.34978834877489207,,,,0.5928730800361188,0.00026693868877842984,9.515609066472722,0.7
27,2016-06-23,bad_012,bad,False,False,,success,0.8200000000000002,2.1302307637630378,8.0,11.0,8.5,11.0,0.4358974358974359,0.4600856127171485,0.4850060712581099,0.401937876121572,,,,1.0859305247191091,0.0005707615940911307,17.253722904083002,0.85
27,2016-06-23,bad_013,bad,True,True,True,,,,11.0,12.0,12.0,12.0,0.5,0.5526441931941826,0.5414593816869643,0.5787420867110251,0.32653061224489793,1.4521669556587606,0.0008281054213305402,1.4521673098924521,0.0008281054213305402,23.272907187367238,0.95
27,2016-06-23,bad_014,bad,False,False,,failure,0.48000000000000004,-5.332810516525186,6.0,9.0,6.0,9.0,0.4,0.4326347132857763,0.38596399090502387,0.5415330655075319,,,,0.5143741933955608,0.00031205987172857046,8.166716403369275,0.65
27,2016-06-23,bad_015,bad,False,False,,failure,0.5100000000000001,-7.528396843630205,7.5,10.0,7.5,10.0,0.42857142857142855,0.5024539406571007,0.49644814008293014,0.5164674753301651,,,,1.014682994618217,0.0005910226842258448,16.2757962767766,0.85
27,2016-06-23,bad_016,bad,False,False,,failure,0.5400000000000001,-0.716146329529721,7.5,11.0,7.5,11.0,0.40540540540540543,0.43779663839651145,0.5032091878003697,0.28516735645417546,,,,1.2267283817494563,0.0006688323510212618,19.208597535736867,0.95
27,2016-06-23,bad_017,bad,False,False,,success,0.8200000000000002,5.147692166314329,8.5,11.0,9.0,11.0,0.45,0.49008555411200805,0.4499183615820277,0.5838090033486288,,,,0.7545621053365046,0.0004265344335891504,12.017890472366634,0.75
27,2016-06-23,bad_018,bad,True,True,True,,,,10.0,10.0,11.0,10.0,0.5238095238095238,0.540041282907491,0.5440042484257233,0.5307943633649492,0.3469387755102041,1.451374687657928,0.0007359473446244775,1.4513750868904673,0.0007359473446244775,23.06214590591958,0.9
27,2016-06-23,bad_019,bad,False,False,,success,0.8500000000000002,2.773481733371227,10.5,14.0,11.0,14.0,0.44,0.47915945411737737,0.4557221277440029,0.5338465489885845,,,,1.0741258203987012,0.0006374104062282794,16.96296911023911,0.9
27,2016-06-23,bad_020,bad,False,False,,success,0.9700000000000001,2.4321344251205375,10.0,10.0,10.5,10.0,0.5121951219512195,0.4514143773757284,0.4970587293086578,0.3449108895322268,,,,1.018872956308085,0.0005677059222672457,16.216138861738564,0.8
27,2016-06-23,bad_021,bad,False,True,False,,,,9.5,11.0,9.5,12.0,0.4418604651162791,0.47343737458460344,0.44983203606482636,0.5285164977974167,0.7959183673469388,0.7401019878514352,0.0004837184590918272,0.740102144543532,0.0004837184590918272,11.681839646852065,0.7
27,2016-06-23,bad_022,bad,False,True,True,,,,8.5,9.0,9.5,9.0,0.5135135135135135,0.3908332716119653,0.4971480818212316,0.14276538112367734,0.5918367346938775,1.0055385250847264,0.0006864336275202403,1.0055387300532759,0.0006864336275202403,16.013620548668573,0.85
27,2016-06-23,bad_023,bad,False,False,,failure,0.4200000000000001,-1.9233854336500826,9.0,11.0,9.0,11.0,0.45,0.46811991514761286,0.4663785460745272,0.4721831096514794,,,,0.8054327211054416,0.0004643409072005833,12.829699473045459,0.75
27,2016-06-23,bad_024,bad,False,False,,failure,0.5100000000000001,-3.789782406605994,9.0,11.0,9.0,11.0,0.45,0.47335200205615746,0.4294582477264062,0.5757707621589107,,,,0.7570303446254143,0.0005784593541870685,11.959363861494445,0.8
27,2016-06-23,bad_025,bad,False,False,,success,0.9700000000000001,0.4967241623292864,7.5,10.0,8.0,10.0,0.4444444444444444,0.46368987605692225,0.5053169849085433,0.36655995540313996,,,,1.7774102999672525,0.0007001366180056217,28.424852998405548,0.95
27,2016-06-23,bad_026,bad,False,False,,success,0.9700000000000001,7.273537291830195,6.0,11.0,6.5,11.0,0.37142857142857144,0.49107998412732456,0.5145804992724786,0.4362454487886319,,,,1.525959719114666,0.0008320564004534826,24.34156786746787,0.9
27,2016-06-23,bad_027,bad,False,True,True,,,,6.0,10.0,7.0,10.0,0.4117647058823529,0.4945878404703853,0.4924064196568745,0.4996778223685771,0.6122448979591837,0.9971656111872138,0.0005543051460023524,0.997165861074822,0.0005543051460023524,15.817367495139926,0.8
27,2016-06-23,bad_028,bad,False,False,,failure,0.39000000000000007,-1.332489456200861,7.0,10.0,7.0,10.0,0.4117647058823529,0.3989977784408122,0.49639493282883407,0.171737751535428,,,,1.5055735557667227,0.000739003958965715,23.98390273294836,0.85
27,2016-06-23,bad_029,bad,False,True,False,,,,11.0,12.0,11.0,13.0,0.4583333333333333,0.40922521324000993,0.4362065934654533,0.34626865938064216,0.9183673469387755,0.5583047306806649,0.00043950113114549547,0.5583048314574882,0.00043950113114549547,9.056604192642903,0.7
27,2016-06-23,bad_030,bad,False,True,False,,,,8.5,10.0,8.5,11.0,0.4358974358974359,0.37657984948485007,0.38300311346628935,0.3615922335281585,0.673469387755102,0.954777522143464,0.0005168706263438255,0.9547777665559627,0.0005168706263438255,14.977056761905827,0.9
27,2016-06-23,bad_031,bad,True,False,,,,,10.0,10.0,10.5,10.0,0.5121951219512195,0.5336593202624593,0.5034553588380943,0.6041352302526444,,,,1.0608761933509225,0.0006311075587842406,16.62934727514428,0.75
27,2016-06-23,bad_032,bad,False,False,,success,0.8200000000000002,0.5186828297998716,7.0,10.0,7.5,10.0,0.42857142857142855,0.4256296144326198,0.4335724335140029,0.4070963699093927,,,,0.6394438854210942,0.0004011898798321141,10.131505471060263,0.75
27,2016-06-23,bad_033,bad,True,False,,,,,5.5,10.0,5.5,10.0,0.3548387096774194,0.5099200345246314,0.5087744124608194,0.5125931526735261,,,,0.7504597631399402,0.0005527528787585529,11.916035511325235,0.75
27,2016-06-23,bad_034,bad,False,True,True,,,,8.0,11.0,9.0,11.0,0.45,0.49319645162051035,0.5256943342251194,0.41736805887642286,0.3673469387755102,1.4482056614670673,0.0006527136456875018,1.448206108827544,0.0006527136456875018,23.03726897917463,0.9
27,2016-06-23,bad_035,bad,False,False,,success,0.8200000000000002,6.466657799687056,8.0,11.0,8.5,11.0,0.4358974358974359,0.442040505982425,0.481550407679002,0.3498507353570789,,,,0.8816383868608368,0.0004524471692559439,13.988265850963638,0.85
27,2016-06-23,bad_036,bad,False,False,,failure,0.5100000000000001,-3.1914460135024,7.5,11.0,7.5,11.0,0.40540540540540543,0.46883601188125523,0.48749396012770396,0.4253007993062083,,,,0.8310321935894869,0.0004977936778292468,13.21399418648788,0.75
27,2016-06-23,bad_037,bad,False,False,,failure,0.5100000000000001,-0.7700210162805803,3.5,10.0,3.5,10.0,0.25925925925925924,0.4231067403772631,0.46275689734091024,0.33058970746208655,,,,0.6968648737335844,0.0004400756620891311,10.909592995381438,0.7
27,2016-06-23,bad_038,bad,False,True,False,,,,10.0,11.0,10.0,12.0,0.45454545454545453,0.38397061623950607,0.4144299728321985,0.3128987841898905,0.8571428571428571,0.6663442918923269,0.00039347872707723355,0.6663444504383599,0.00039347872707723355,10.609666567389585,0.8
27,2016-06-23,bad_039,bad,True,False,,,,,8.0,10.0,8.5,10.0,0.4594594594594595,0.5230375638424782,0.5514787563815322,0.45667478125135236,,,,1.585438767344888,0.0008417924303561353,25.205073323423054,0.9
27,2016-06-23,bad_040,bad,True,False,,,,,8.0,11.0,8.0,11.0,0.42105263157894735,0.5333051269914055,0.532400873566429,0.5354150516496844,,,,0.9484886397782782,0.0005437949856755364,15.057474881114702,0.75
27,2016-06-23,bad_041,bad,False,False,,failure,0.39000000000000007,-1.7047811680174334,11.0,10.0,11.0,10.0,0.5238095238095238,0.4743955358377537,0.5088285375307174,0.39405186522083835,,,,1.0830230107805592,0.0007154348255693509,17.266560739365403,0.8
27,2016-06-23,bad_042,bad,False,False,,failure,0.5100000000000001,-0.5894558893527062,7.0,10.0,7.0,10.0,0.4117647058823529,0.40920682280052945,0.3694291905974395,0.5020212979410726,,,,0.7386523032194765,0.0003429011748932264,11.908660451166073,0.65
27,2016-06-23,bad_043,bad,False,False,,failure,0.39000000000000007,-1.054658999991517,9.0,9.0,9.0,9.0,0.5,0.45181968050302146,0.4223120060531316,0.5206709208860979,,,,0.7611901967839659,0.0004828292893146187,12.150751893756533,0.8
27,2016-06-23,bad_044,bad,False,True,True,,,,6.5,11.0,7.5,11.0,0.40540540540540543,0.48640763269263815,0.5218400828526186,0.4037319156526838,0.2653061224489796,1.6289480230982905,0.0008064358309070827,1.6289484831965189,0.0008064358309070827,25.66018603240461,0.95
27,2016-06-23,bad_045,bad,False,False,,failure,0.39000000000000007,-4.531897269267716,8.5,11.0,8.5,11.0,0.4358974358974359,0.47208231138959716,0.4781149682754601,0.4580061119892505,,,,0.6346079733514843,0.0004477871090414154,10.088186088491696,0.65
27,2016-06-23,bad_046,bad,False,False,,success,0.9400000000000001,6.270191173991634,7.5,12.0,8.0,12.0,0.4,0.4716960706748008,0.4989601704964484,0.4080798377576229,,,,1.6332253938825763,0.0007766802180974843,25.95153234202262,0.9
27,2016-06-23,bad_047,bad,False,True,False,,,,11.5,13.0,11.5,14.0,0.45098039215686275,0.4517150676654347,0.4489769736975952,0.45810395359039346,0.8979591836734694,0.6136596136320516,0.00039699908415761207,0.6136597446679108,0.00039699908415761207,9.684220229252347,0.75
27,2016-06-23,bad_048,bad,True,True,True,,,,7.5,9.0,8.5,9.0,0.4857142857142857,0.6048291006623537,0.6125724595421008,0.5867612632762773,0.02040816326530612,2.345088305793035,0.0009914489538978772,2.345089078335265,0.0009914489538978772,37.37916703586218,0.95
27,2016-06-23,bad_049,bad,False,False,,success,0.9400000000000001,0.5919125797303906,9.5,11.0,10.0,11.0,0.47619047619047616,0.4941206777026692,0.4417327031147258,0.6163592850745373,,,,0.7075493635275292,0.00043983792891970163,11.140513964084418,0.75
28,2016-07-22,good_000,good,False,True,False,,,,27.0,9.0,27.0,10.0,0.7297297297297297,0.5027643179217398,0.41833311966756204,0.6997704471814882,0.9387755102040817,0.49920770531708114,0.0003512718412763424,0.4992078032882697,0.0003512718412763424,7.831303424780658,0.65
28,2016-07-22,good_001,good,True,True,False,,,,26.5,9.0,26.5,10.0,0.726027397260274,0.5230250578392506,0.44341360518695344,0.7087851140279441,0.8367346938775511,0.6630522804157879,0.00041036809473862454,0.66305242798962,0.00041036809473862454,10.46353323076636,0.75
28,2016-07-22,good_002,good,True,True,True,,,,26.0,9.0,27.0,9.0,0.75,0.5425077450106541,0.509690321500033,0.6190817332021035,0.5714285714285714,1.167503704166724,0.0006595097324991399,1.1675039887079324,0.0006595097324991399,18.349889522386018,0.95
28,2016-07-22,good_003,good,True,True,True,,,,29.0,7.0,30.0,7.0,0.8108108108108109,0.6572962707181603,0.621958164619834,0.7397518516142552,0.04081632653061224,3.008741332012231,0.0010173771107463364,3.0087425657272697,0.0010173771107463364,47.40438972084325,1.0
28,2016-07-22,good_004,good,True,True,True,,,,28.0,8.0,29.0,8.0,0.7837837837837838,0.5959320413920889,0.49168994157135626,0.8391636076404652,0.42857142857142855,1.3911990036725272,0.0007784899902449977,1.3911993482673515,0.0007784899902449977,22.089965092743647,0.9
28,2016-07-22,good_005,good,True,True,True,,,,28.0,8.0,29.0,8.0,0.7837837837837838,0.621043741459274,0.5388230215825607,0.8128920878382716,0.22448979591836735,1.6765586226929816,0.0007995147100756583,1.6765591135528224,0.0007995147100756583,26.372570485931945,0.95
28,2016-07-22,good_006,good,True,True,True,,,,26.0,9.0,27.0,9.0,0.75,0.6024876592883192,0.5623320256185034,0.6961841378512228,0.2857142857142857,1.5819690952696956,0.0007910757481769786,1.5819695325225118,0.0007910757481769786,25.04363256946319,0.9
28,2016-07-22,good_007,good,True,False,,,,,25.0,10.0,25.5,10.0,0.7183098591549296,0.6300483627500645,0.6049719387394507,0.6885600187748302,,,,2.6110036056756774,0.0010814412947614852,42.32826633397369,0.95
28,2016-07-22,good_008,good,True,True,True,,,,24.0,11.0,25.0,11.0,0.6944444444444444,0.6278987019210704,0.5861256618509191,0.7253691287514237,0.16326530612244897,1.8280158579765151,0.0008944942511433252,1.8280163754925685,0.0008944942511433252,29.392433674893365,0.95
28,2016-07-22,good_009,good,True,True,True,,,,30.0,5.0,31.0,5.0,0.8611111111111112,0.6576063475823022,0.5990712355283054,0.7941882757082945,0.1836734693877551,1.7999307997323155,0.0009021401861213342,1.799931298661034,0.0009021401861213342,28.909013671216634,0.95
28,2016-07-22,good_010,good,True,True,True,,,,33.0,3.0,34.0,3.0,0.918918918918919,0.6901062540310257,0.6123485335753228,0.8715409350943326,0.02040816326530612,3.5527633648842825,0.0010764286053917475,3.55276499007726,0.0010764286053917475,53.77794832962836,1.0
28,2016-07-22,good_011,good,True,False,,,,,27.0,9.0,27.5,9.0,0.7534246575342466,0.6461466813948682,0.5998387569071484,0.7541985051995478,,,,2.2012574964699443,0.0008808846424823742,35.25745312478468,1.0
28,2016-07-22,good_012,good,True,True,True,,,,28.0,8.0,29.0,8.0,0.7837837837837838,0.6259378450134616,0.5404738028731021,0.8253539433409673,0.4489795918367347,1.3666630762490237,0.0008575980852618346,1.3666633779669326,0.0008575980852618346,21.39397882054577,0.9
28,2016-07-22,good_013,good,True,True,True,,,,23.0,12.0,24.0,12.0,0.6666666666666666,0.6017465896825485,0.523545601027738,0.7842155632104397,0.20408163265306123,1.6979143450164667,0.000927860021893114,1.6979147768439071,0.000927860021893114,27.4270143430467,0.95
28,2016-07-22,good_014,good,True,True,True,,,,26.0,9.0,27.0,9.0,0.75,0.5863990114670931,0.5444914984852078,0.6841832084248254,0.2653061224489796,1.6622919804969467,0.0006919952009482729,1.6622925400732902,0.0006919952009482729,26.447249591765758,0.95
28,2016-07-22,good_015,good,True,True,True,,,,24.5,11.0,25.5,11.0,0.6986301369863014,0.6343853191358877,0.5572553151970764,0.8143553283264475,0.14285714285714285,1.9076990729340364,0.0008392513762733296,1.9076996710982945,0.0008392513762733296,29.89840366452047,0.95
28,2016-07-22,good_016,good,True,True,True,,,,31.0,5.0,32.0,5.0,0.8648648648648649,0.7191672220497038,0.6375693260629345,0.9095623126854994,0.10204081632653061,2.4489799867587956,0.001083633591624164,2.448980755593452,0.001083633591624164,39.852014419490104,1.0
28,2016-07-22,good_017,good,True,True,False,,,,29.0,7.0,29.0,8.0,0.7837837837837838,0.5439864819850959,0.5094288283103443,0.6246210072261829,0.8163265306122449,0.7643216456065007,0.0004114439010837829,0.764321842234749,0.0004114439010837829,12.136556085562031,0.85
28,2016-07-22,good_018,good,True,True,True,,,,27.0,9.0,28.0,9.0,0.7567567567567568,0.5930662855040949,0.5217302611575563,0.7595170089793518,0.6122448979591837,1.1348138018860574,0.0007782319629332313,1.134814030351087,0.0007782319629332313,17.794184747843293,0.85
28,2016-07-22,good_019,good,True,True,True,,,,28.0,8.0,29.0,8.0,0.7837837837837838,0.641181547736664,0.5599193109578366,0.8307934335539281,0.3469387755102041,1.5197124379562297,0.0007057088977556828,1.5197128895019214,0.0007057088977556828,23.95427089445379,1.0
28,2016-07-22,medium_000,medium,False,True,False,,,,18.0,13.0,18.0,14.0,0.5625,0.480443857000471,0.43584515938729984,0.5845074847645372,0.8979591836734694,0.5409581207861536,0.00031672702271585875,0.5409582493645196,0.00031672702271585875,8.5785856651881,0.75
28,2016-07-22,medium_001,medium,True,True,True,,,,20.0,12.0,21.0,12.0,0.6363636363636364,0.5748021158245262,0.5004657555311013,0.7482536231758511,0.5306122448979592,1.2989673275592701,0.0005626471911355729,1.2989677412736107,0.0005626471911355729,20.606285285800165,0.95
28,2016-07-22,medium_002,medium,True,True,True,,,,19.0,12.0,20.0,12.0,0.625,0.5989905674642324,0.5763832846197134,0.6517408941014433,0.24489795918367346,1.6668011756858998,0.0008343535620350514,1.6668016372046779,0.0008343535620350514,26.27672903469179,0.9
28,2016-07-22,medium_003,medium,True,False,,,,,20.5,13.0,21.0,13.0,0.6176470588235294,0.5610185269733609,0.4971442904264106,0.7100584122495781,,,,1.037916813485403,0.00042073890377919524,16.380538315425703,0.85
28,2016-07-22,medium_004,medium,True,True,True,,,,20.5,11.0,21.5,11.0,0.6615384615384615,0.5680138661390228,0.5563092914820232,0.5953245403386885,0.3877551020408163,1.5022787847639933,0.0007433707115352019,1.502279209267504,0.0007433707115352019,23.704489193009596,0.95
28,2016-07-22,medium_005,medium,True,False,,,,,18.5,12.0,19.0,12.0,0.6129032258064516,0.5809986960234871,0.5302814960405073,0.6993388293171067,,,,2.0061372141748217,0.0009516403252089446,31.573705762264712,0.95
28,2016-07-22,medium_006,medium,True,True,True,,,,18.0,13.0,19.0,13.0,0.59375,0.6168795501422337,0.6096443921707259,0.6337615854090854,0.08163265306122448,2.459164835435851,0.0009482434008348939,2.459165720614974,0.0009482434008348939,38.567412357209435,1.0
28,2016-07-22,medium_007,medium,False,True,False,,,,13.0,13.0,13.0,14.0,0.48148148148148145,0.4220614583115332,0.4204655567751169,0.4257852285631713,0.6938775510204082,1.0213717624438892,0.0007375843996628803,1.0213719615884025,0.0007375843996628803,16.694801129172156,0.8
28,2016-07-22,medium_008,medium,False,True,False,,,,17.5,14.0,17.5,15.0,0.5384615384615384,0.4196664044982676,0.42547290761193624,0.40611789723304076,1.0,0.40915705863214663,0.000238488865233085,0.40915715668537406,0.000238488865233085,6.444732681707215,0.7
28,2016-07-22,medium_009,medium,True,True,True,,,,20.0,12.0,21.0,12.0,0.6363636363636364,0.6506653089260711,0.6261271687121581,0.7079209694252016,0.0,3.636311855766606,0.0011009597469388386,3.636313525712301,0.0011009597469388386,56.943121179509575,1.0
28,2016-07-22,medium_010,medium,True,True,True,,,,15.5,15.0,16.5,15.0,0.5238095238095238,0.5577905536676473,0.48871618554414314,0.7189640792891568,0.5102040816326531,1.32348254087641,0.0006917172238126085,1.3234828958573435,0.0006917172238126085,21.41092516698401,0.85
28,2016-07-22,medium_011,medium,True,True,True,,,,13.5,13.0,14.5,13.0,0.5272727272727272,0.6046291704610495,0.5801409024284321,0.6617684625371567,0.12244897959183673,2.1255440923523317,0.0009315884188631577,2.1255447628941417,0.0009315884188631577,33.38233819508356,1.0
28,2016-07-22,medium_012,medium,True,True,True,,,,19.0,13.0,20.0,13.0,0.6060606060606061,0.5928528005933196,0.6091589360171777,0.5548051512709842,0.061224489795918366,2.4901297887825167,0.001021744147496184,2.4901306264695755,0.001021744147496184,39.45745206990457,1.0
28,2016-07-22,medium_013,medium,False,True,False,,,,13.5,11.0,13.5,12.0,0.5294117647058824,0.490893458223603,0.40424268098219907,0.6930786051202124,0.8571428571428571,0.6434903273045468,0.0003486806576381959,0.6434904945917178,0.0003486806576381959,10.290648240467904,0.75
28,2016-07-22,medium_014,medium,False,True,False,,,,21.5,10.0,21.5,11.0,0.6615384615384615,0.44289656034829883,0.4497647478161697,0.4268707895899335,0.7755102040816326,0.8667698492970235,0.0004158612239856466,0.8667700998177428,0.0004158612239856466,13.922371263503294,0.85
28,2016-07-22,medium_015,medium,True,True,True,,,,16.5,11.0,17.5,11.0,0.6140350877192983,0.5677079301266985,0.5176164573210923,0.6845880333397799,0.3673469387755102,1.513482663711591,0.0006884211456676997,1.5134831191498355,0.0006884211456676997,24.648434519113394,1.0
28,2016-07-22,medium_016,medium,False,True,False,,,,21.0,14.0,21.0,15.0,0.5833333333333334,0.47318226038312805,0.48467681425639014,0.44636163467885004,0.8775510204081632,0.6425109248902597,0.00042838255921692016,0.6425110585148582,0.00042838255921692016,10.168674405642658,0.75
28,2016-07-22,medium_017,medium,False,False,,failure,0.39000000000000007,-0.7361473175011497,14.0,14.0,14.0,14.0,0.5,0.4649930687956778,0.4365781640292774,0.5312945132506123,,,,0.9701514012064645,0.0004743478735047319,15.618637989012832,0.85
28,2016-07-22,medium_018,medium,True,True,True,,,,22.5,12.0,23.5,12.0,0.6619718309859155,0.5530727487351891,0.4807745035589049,0.7217686541465189,0.5510204081632653,1.172216954152441,0.0007179300921656197,1.1722172180753632,0.0007179300921656197,18.595700207674884,0.85
28,2016-07-22,medium_019,medium,False,True,False,,,,15.0,14.0,15.0,15.0,0.5,0.42130470267952513,0.42137685805701675,0.42113634013204493,0.9795918367346939,0.4323021647134609,0.00027628242940023123,0.4323022623188781,0.00027628242940023123,7.128061570486816,0.6
28,2016-07-22,medium_020,medium,True,True,True,,,,17.5,13.0,18.5,13.0,0.5873015873015873,0.5123775360355468,0.4901130369884492,0.564328033812108,0.673469387755102,1.0380990199235829,0.0006258890050309179,1.0380992605355854,0.0006258890050309179,16.55299008219431,0.85
28,2016-07-22,medium_021,medium,False,True,False,,,,19.0,12.0,19.0,13.0,0.59375,0.4683069571949682,0.46222487177510285,0.48249848984132077,0.7959183673469388,0.8648170914192553,0.0004927936047426142,0.864817301644624,0.0004927936047426142,13.628349652807964,0.8
28,2016-07-22,medium_022,medium,True,True,False,,,,23.5,11.0,23.5,12.0,0.6619718309859155,0.543682160423124,0.4811470459397361,0.6895974275510292,0.7142857142857143,1.0021555872460646,0.0004349952969893345,1.002155902157445,0.0004349952969893345,16.266750919781717,0.9
28,2016-07-22,medium_023,medium,True,False,,,,,17.0,15.0,17.5,15.0,0.5384615384615384,0.5403307871766978,0.4886899121849173,0.660826162157519,,,,0.8169795456885444,0.0004530951474784645,12.92297008796131,0.8
28,2016-07-22,medium_024,medium,True,True,True,,,,19.0,12.0,20.0,12.0,0.625,0.5535082675608353,0.506085128248005,0.6641622592907725,0.6326530612244898,1.126038230638374,0.0006265662063079443,1.126038513770713,0.0006265662063079443,17.828422263383224,0.8
28,2016-07-22,medium_025,medium,True,False,,,,,17.5,14.0,18.0,14.0,0.5625,0.5510406540100012,0.5650351252209151,0.5183868878512021,,,,1.730339753423718,0.0008254166547252445,27.71854251707691,0.95
28,2016-07-22,medium_026,medium,True,True,True,,,,21.5,11.0,22.5,11.0,0.6716417910447762,0.5267980677914019,0.49877254362576773,0.592190957511215,0.30612244897959184,1.579301878921741,0.0007129190935085351,1.5793023625744347,0.0007129190935085351,25.37158686002406,0.95
28,2016-07-22,medium_027,medium,True,False,,,,,12.0,12.0,12.0,12.0,0.5,0.5100325025756763,0.5236570249164644,0.478241950447171,,,,1.50434027051865,0.0006109718591082174,23.84102014753456,0.95
28,2016-07-22,medium_028,medium,False,False,,success,0.8200000000000002,1.6044457070851479,18.0,13.0,18.5,13.0,0.5873015873015873,0.3795959177370237,0.38785516574449524,0.36032433905292344,,,,0.7990452484740668,0.000591433930815405,12.972854231393194,0.85
28,2016-07-22,medium_029,medium,False,False,,success,0.8500000000000002,4.132771398566575,17.5,14.0,18.0,14.0,0.5625,0.48622870617630876,0.4246150520751071,0.6299938990791129,,,,0.5467280432095165,0.0003852694920848166,8.599083098150704,0.65
28,2016-07-22,bad_000,bad,False,False,,success,0.8200000000000002,0.5769373047465649,13.0,15.0,13.5,15.0,0.47368421052631576,0.4787101827998361,0.4931148342353876,0.44509932945021624,,,,0.9680207349533697,0.0005463241213529531,15.329903930451653,0.85
28,2016-07-22,bad_001,bad,False,True,False,,,,10.0,10.0,10.0,11.0,0.47619047619047616,0.3730869161020982,0.41789384334207685,0.26853741920881474,0.9183673469387755,0.5033811494168875,0.00035393433863234816,0.5033812499030855,0.00035393433863234816,8.003148059692586,0.7
28,2016-07-22,bad_002,bad,False,False,,failure,0.39000000000000007,-3.0299422824719215,7.5,10.0,7.5,10.0,0.42857142857142855,0.49631309584376404,0.4536757555936522,0.5958002230940251,,,,0.6620250566125923,0.0003225634548807939,10.483658977882902,0.85
28,2016-07-22,bad_003,bad,False,False,,success,0.91,0.973427207332918,10.5,12.0,11.0,12.0,0.4782608695652174,0.4488018407091764,0.40824857942023773,0.5434261170500334,,,,0.5240535058078821,0.0002567420862005764,8.4438602273599,0.65
28,2016-07-22,bad_004,bad,False,False,,failure,0.5100000000000001,-6.459731957193924,9.0,10.0,9.0,10.0,0.47368421052631576,0.5028263734260908,0.4663026564429774,0.5880483797200222,,,,0.3758334488185062,0.00027753039844807337,5.956101075437478,0.75
28,2016-07-22,bad_005,bad,False,False,,failure,0.48000000000000004,-2.9843610831103717,5.0,10.0,5.0,10.0,0.3333333333333333,0.26120080021956427,0.30443899113227413,0.1603116880899079,,,,0.22555019662876655,0.0001147722068294246,3.5733237962544484,0.55
28,2016-07-22,bad_006,bad,True,False,,,,,10.0,14.0,10.5,14.0,0.42857142857142855,0.5230351464060727,0.4985553680925613,0.5801546291375995,,,,0.8923158086939617,0.0006017210072933794,14.22550486486737,0.8
28,2016-07-22,bad_007,bad,False,False,,success,0.8200000000000002,3.361911082325321,9.0,10.0,9.5,10.0,0.48717948717948717,0.3818657227995937,0.3624562136380862,0.42715457750977776,,,,0.6074969941678997,0.0004677435469368249,9.857706561332693,0.7
28,2016-07-22,bad_008,bad,False,False,,success,0.8200000000000002,3.7678042256729043,5.5,8.0,6.0,8.0,0.42857142857142855,0.4664566882030077,0.44977406113149243,0.5053828180365434,,,,0.7844794534208072,0.0005205455460253485,12.247126763609113,0.85
28,2016-07-22,bad_009,bad,True,True,True,,,,7.5,11.0,8.5,11.0,0.4358974358974359,0.5232069181557641,0.552800506588849,0.4541552118118993,0.40816326530612246,1.4526197405144383,0.0007957361069514446,1.4526201111658066,0.0007957361069514446,22.900965515799214,0.85
28,2016-07-22,bad_010,bad,False,True,False,,,,9.0,12.0,9.0,13.0,0.4090909090909091,0.393825806677723,0.4088814920530354,0.35869587413532744,0.9591836734693877,0.45313655819264953,0.00020049468167484714,0.4531366976210462,0.00020049468167484714,6.987443980114133,0.65
28,2016-07-22,bad_011,bad,True,False,,,,,6.5,9.0,7.0,9.0,0.4375,0.5226424892027016,0.5588565902450678,0.4381429201038473,,,,2.112932276294472,0.0008086394443599466,32.77330982961991,0.95
28,2016-07-22,bad_012,bad,True,False,,,,,8.5,11.0,9.0,11.0,0.45,0.5396872199782362,0.533633471419274,0.5538126332824815,,,,1.6498883860430433,0.0008089130509589901,26.047433760412925,0.9
28,2016-07-22,bad_013,bad,False,True,False,,,,12.0,12.0,12.0,13.0,0.48,0.44910449789199,0.4719327914194998,0.39583847966113384,0.7346938775510204,0.970444368480798,0.0005030435698284081,0.9704446269611892,0.0005030435698284081,15.302394057770089,0.8
28,2016-07-22,bad_014,bad,False,False,,failure,0.39000000000000007,-2.523831591756874,6.0,9.0,6.0,9.0,0.4,0.3533288030952991,0.388267152090756,0.27180598877256634,,,,0.727174145700552,0.0005076550886852929,11.518545691389074,0.75
28,2016-07-22,bad_015,bad,False,False,,success,0.8200000000000002,3.751753598724463,7.5,10.0,8.0,10.0,0.4444444444444444,0.4193489266566961,0.44752597261839566,0.3536024860793972,,,,0.3225223382752993,0.00019329539627658055,5.130129518683452,0.6
28,2016-07-22,bad_016,bad,False,False,,success,0.9700000000000001,3.555780254712232,7.5,11.0,8.0,11.0,0.42105263157894735,0.41205863318681474,0.508124374170525,0.18790523755815752,,,,1.2311889564332006,0.0005910794821069214,19.350832251862187,0.95
28,2016-07-22,bad_017,bad,False,False,,failure,0.5100000000000001,-0.21562644521756624,9.0,11.0,9.0,11.0,0.45,0.4994953133961946,0.5082170005407851,0.4791447100588167,,,,1.1085066122104335,0.0006251901407619183,17.401086427443516,0.8
28,2016-07-22,bad_018,bad,True,True,True,,,,11.0,10.0,12.0,10.0,0.5454545454545454,0.5509844987584522,0.5615073282868839,0.5264312298587787,0.4897959183673469,1.3300036331941687,0.00067847122377178,1.3300039924996845,0.00067847122377178,20.71771569175244,0.9
28,2016-07-22,bad_019,bad,False,False,,failure,0.4200000000000001,-4.404708282017907,11.0,14.0,11.0,14.0,0.44,0.48001252291426366,0.4705910052962484,0.501996064022966,,,,0.9688102939018691,0.0006035876515112172,15.30939747062759,0.75
28,2016-07-22,bad_020,bad,False,False,,failure,0.5100000000000001,-6.4077863704884805,10.5,10.0,10.5,10.0,0.5121951219512195,0.4170297835795302,0.30792814720739137,0.6716002684478541,,,,0.5867896306203599,0.0003556927381977232,9.468209030201278,0.65
28,2016-07-22,bad_021,bad,True,False,,,,,9.5,12.0,9.5,12.0,0.4418604651162791,0.5609542778710466,0.5390924495231291,0.611965210682854,,,,1.0602034867371815,0.0007001182417557113,16.77970590438805,0.8
28,2016-07-22,bad_022,bad,True,False,,,,,9.5,9.0,10.0,9.0,0.5263157894736842,0.544108946945016,0.5683461348287608,0.48755550854961127,,,,2.1436711307283405,0.0008668010083348136,33.91474427968954,1.0
28,2016-07-22,bad_023,bad,True,False,,,,,9.0,11.0,9.0,11.0,0.45,0.5180650235846432,0.4932839102974559,0.5758876212547474,,,,0.8495881052584918,0.0005035821667460866,13.515414040779403,0.8
28,2016-07-22,bad_024,bad,False,False,,success,0.8200000000000002,3.1362334884252334,9.0,11.0,9.5,11.0,0.4634146341463415,0.38729610936352143,0.35347729720815907,0.4662066710593671,,,,0.37512232375968424,0.00021836876127926658,5.903385572788217,0.65
28,2016-07-22,bad_025,bad,False,False,,failure,0.39000000000000007,-1.8598683112149388,8.0,10.0,8.0,10.0,0.4444444444444444,0.40908587776159744,0.36774679227511864,0.5055437438967147,,,,0.6493356279594884,0.0003267508134773744,10.434853297611648,0.65
28,2016-07-22,bad_026,bad,False,False,,failure,0.5400000000000001,-5.047096075938356,6.5,11.0,6.5,11.0,0.37142857142857144,0.4410079665611699,0.5027118728977746,0.29703218510909235,,,,1.0669058774104136,0.0005545010178851272,16.74809499681391,0.85
28,2016-07-22,bad_027,bad,False,False,,success,0.9700000000000001,2.36789488282605,7.0,10.0,7.5,10.0,0.42857142857142855,0.49922572867421333,0.5102090636454195,0.4735979470747323,,,,0.6406102528876139,0.00040910668756972377,10.349119107360899,0.8
28,2016-07-22,bad_028,bad,False,False,,success,0.9700000000000001,1.8283134466018112,7.0,10.0,7.5,10.0,0.42857142857142855,0.4573275571148917,0.5285993564225998,0.29102669206357284,,,,1.0908636663588165,0.0006015034833604719,17.226197666911208,0.85
28,2016-07-22,bad_029,bad,False,False,,success,0.8200000000000002,4.83281176612158,11.0,13.0,11.5,13.0,0.46938775510204084,0.42926729363454147,0.4706171626088288,0.33278426602787115,,,,0.5045588460919744,0.00040338698992514716,8.17792721447753,0.65
28,2016-07-22,bad_030,bad,False,False,,failure,0.39000000000000007,-0.12606682488654997,8.5,11.0,8.5,11.0,0.4358974358974359,0.3384609678936051,0.27281971318456144,0.4916238955480403,,,,-0.015647888882784053,-4.881170122374666e-06,-0.16425287622358178,0.5
28,2016-07-22,bad_031,bad,True,True,True,,,,10.5,10.0,11.5,10.0,0.5348837209302325,0.5382989379960349,0.48548315596797176,0.6615357627281822,0.46938775510204084,1.3358775208346318,0.0006458915438156287,1.3358779071901352,0.0006458915438156287,21.408391138661965,0.95
28,2016-07-22,bad_032,bad,False,False,,failure,0.5100000000000001,-0.3428055196088735,7.5,10.0,7.5,10.0,0.42857142857142855,0.41127415193145694,0.4043100076023549,0.4275238220326951,,,,0.6591662426069171,0.0004035351678990613,10.562809642828215,0.65
28,2016-07-22,bad_033,bad,False,True,False,,,,5.5,10.0,5.5,11.0,0.3333333333333333,0.42742062519978397,0.4123599759555143,0.46256214010308006,0.7551020408163265,0.8799530379536014,0.00047442587043580123,0.8799532632345182,0.00047442587043580123,14.107800269626784,0.8
28,2016-07-22,bad_034,bad,False,False,,success,0.9400000000000001,0.6286706048718145,9.0,11.0,9.5,11.0,0.4634146341463415,0.46567136388266284,0.4653167454751548,0.4664988068335151,,,,0.8383898241140338,0.0004908848832934044,13.41369944463572,0.8
28,2016-07-22,bad_035,bad,False,False,,failure,0.5100000000000001,-2.013078737420784,8.5,11.0,8.5,11.0,0.4358974358974359,0.4708631005894053,0.4537045411277911,0.5108997393331717,,,,0.6448928933054853,0.0004247572285784299,10.28628915359601,0.8
28,2016-07-22,bad_036,bad,False,False,,success,0.8200000000000002,7.998516510666235,7.5,11.0,8.0,11.0,0.42105263157894735,0.4340275484802689,0.43091220981354017,0.44129667203596945,,,,0.8204840116367509,0.0004667401679075491,12.936552179444826,0.8
28,2016-07-22,bad_037,bad,False,False,,success,0.9400000000000001,2.171877264400024,3.5,10.0,4.0,10.0,0.2857142857142857,0.40303979194135814,0.4783564015888569,0.22730103609719446,,,,1.0588444045392702,0.0005139022933580342,16.599790057705295,0.8
28,2016-07-22,bad_038,bad,False,False,,success,0.8200000000000002,1.519861866182623,10.0,12.0,10.5,12.0,0.4666666666666667,0.4675645289233671,0.5048604220008253,0.38054077840929806,,,,0.744139383232815,0.0005168799681365703,11.774488506565815,0.75
28,2016-07-22,bad_039,bad,True,True,True,,,,8.5,10.0,9.5,10.0,0.48717948717948717,0.5183243746148404,0.5323728988252936,0.48554448479044954,0.32653061224489793,1.5442425211398665,0.0005998394672294548,1.5442430720292242,0.0005998394672294548,24.341506671875248,0.9
28,2016-07-22,bad_040,bad,False,True,True,,,,8.0,11.0,9.0,11.0,0.45,0.5020406620015974,0.48537703330002757,0.5409224623052605,0.5918367346938775,1.1426412094921476,0.0005824736089374008,1.142641523061819,0.0005824736089374008,18.350342672069136,0.85
28,2016-07-22,bad_041,bad,True,False,,,,,11.0,10.0,11.5,10.0,0.5348837209302325,0.5497512443321381,0.5400697950892825,0.5723412925654676,,,,2.0037655131225143,0.0008022600951921012,32.30660307631171,0.95
28,2016-07-22,bad_042,bad,False,False,,success,0.9400000000000001,3.48962882424442,7.0,10.0,7.5,10.0,0.42857142857142855,0.46085635938284003,0.5180560233212276,0.32739047685993583,,,,1.1126057984596862,0.0006599168077310079,17.671088169648616,0.8
28,2016-07-22,bad_043,bad,False,False,,failure,0.39000000000000007,-4.872485240662542,9.0,9.0,9.0,9.0,0.5,0.40316685928050056,0.39207762080511954,0.42904174905638964,,,,0.8293773951120721,0.00047439001530402946,12.975436580641212,0.8
28,2016-07-22,bad_044,bad,False,False,,failure,0.4200000000000001,-3.8946783755976924,7.5,11.0,7.5,11.0,0.40540540540540543,0.42452313973480127,0.3969589363020658,0.48883961441118406,,,,0.5346286823092017,0.0003598771116895067,8.505372353178347,0.75
28,2016-07-22,bad_045,bad,False,False,,failure,0.5100000000000001,-6.228947181683708,8.5,11.0,8.5,11.0,0.4358974358974359,0.4392962089462349,0.45099902499431965,0.4119896381673704,,,,0.8025447085584779,0.0003354548060814296,12.821607622447926,0.75
28,2016-07-22,bad_046,bad,False,False,,failure,0.39000000000000007,-3.7557523538554562,8.0,12.0,8.0,12.0,0.4,0.3661170035089399,0.36764473896953476,0.3625522874342185,,,,0.23994128558406994,0.00017445817329448033,3.787770580466183,0.7
28,2016-07-22,bad_047,bad,False,False,,failure,0.39000000000000007,-0.6721704145381864,11.5,14.0,11.5,14.0,0.45098039215686275,0.40801679642669264,0.40848548243359717,0.40692319574391544,,,,0.3459856080922766,0.00011490130053285975,5.331579585708094,0.65
28,2016-07-22,bad_048,bad,True,True,True,,,,8.5,9.0,9.5,9.0,0.5135135135135135,0.6026324605442843,0.569914829599639,0.6789735994151234,0.6530612244897959,1.0745534012245828,0.0007558603267909554,1.074553613200455,0.0007558603267909554,16.89373082161033,0.85
28,2016-07-22,bad_049,bad,False,False,,failure,0.39000000000000007,-7.222760623432237,10.0,11.0,10.0,11.0,0.47619047619047616,0.4290244472803254,0.4458387368155777,0.3897911050314036,,,,0.8150575398946681,0.0004322614601545712,12.812381823555263,0.8
29,2016-08-22,good_000,good,True,False,,,,,27.0,10.0,27.5,10.0,0.7333333333333333,0.5094000884937898,0.4561822153692172,0.6335751257844594,,,,1.130137977793565,0.0006224663021150466,18.02499822188591,0.85
29,2016-08-22,good_001,good,False,True,False,,,,26.5,10.0,26.5,11.0,0.7066666666666667,0.4911881826916613,0.40421406292553963,0.6941277954792788,0.7551020408163265,0.8789239728078638,0.000631578951757756,0.8789241426878697,0.000631578951757756,14.226985815338045,0.8
29,2016-08-22,good_002,good,True,True,True,,,,27.0,9.0,28.0,9.0,0.7567567567567568,0.6024536133254602,0.5887890101544735,0.6343376873910959,0.10204081632653061,2.030026246573254,0.0009375070789311598,2.0300268505769377,0.0009375070789311598,32.379912311946846,0.95
29,2016-08-22,good_003,good,True,True,False,,,,30.0,7.0,30.0,8.0,0.7894736842105263,0.6277467452928354,0.546692420932536,0.8168735021335338,0.7755102040816326,0.8336754714746932,0.0005528193406837599,0.8336756444704119,0.0005528193406837599,13.192319274531961,0.8
29,2016-08-22,good_004,good,True,True,False,,,,29.0,8.0,29.0,9.0,0.7631578947368421,0.5549144065485274,0.45188858660772213,0.7953079864104063,0.9183673469387755,0.6352625778607555,0.00043235782067519454,0.6352627059395053,0.00043235782067519454,10.139193120913685,0.75
29,2016-08-22,good_005,good,False,True,False,,,,29.0,8.0,29.0,9.0,0.7631578947368421,0.4815232915730865,0.3501579394924895,0.7880424464278128,0.9795918367346939,0.5373726298483995,0.0003736199943246515,0.5373727381155053,0.0003736199943246515,8.630934777575344,0.75
29,2016-08-22,good_006,good,True,True,True,,,,27.0,9.0,28.0,9.0,0.7567567567567568,0.6025509715254024,0.5408183740649368,0.7465936989331555,0.16326530612244897,1.9051795405063316,0.0006431003252579107,1.9051803180312539,0.0006431003252579107,30.45881684543838,1.0
29,2016-08-22,good_007,good,True,True,True,,,,25.5,10.0,26.5,10.0,0.726027397260274,0.5460436690907899,0.4927592153164293,0.6703740612309649,0.3673469387755102,1.479776789335257,0.0006659946779292603,1.479777245008567,0.0006659946779292603,23.242734486587683,0.9
29,2016-08-22,good_008,good,True,True,True,,,,25.0,11.0,26.0,11.0,0.7027027027027027,0.5966119357103404,0.5905227479706149,0.6108200404363668,0.3469387755102041,1.5230522624971383,0.0008289876336670035,1.523052648942418,0.0008289876336670035,23.908652473101863,0.9
29,2016-08-22,good_009,good,True,True,False,,,,31.0,5.0,31.0,6.0,0.8378378378378378,0.5836191311630817,0.4737491308711702,0.8399824651775422,0.6326530612244898,0.9923880184215184,0.000607454651195299,0.9923882399735056,0.000607454651195299,15.772674169890829,0.9
29,2016-08-22,good_010,good,True,True,True,,,,34.0,3.0,35.0,3.0,0.9210526315789473,0.695867430480736,0.5861383231457314,0.9519020142624133,0.04081632653061224,2.377438371059957,0.0008804568124938921,2.3774392568003235,0.0008804568124938921,37.04494467143742,1.0
29,2016-08-22,good_011,good,True,True,True,,,,27.5,9.0,28.5,9.0,0.76,0.603602066160485,0.5191257209465826,0.8007135383262572,0.2653061224489796,1.5871619831221644,0.0007446627147107334,1.587162454049937,0.0007446627147107334,25.530916439893442,0.9
29,2016-08-22,good_012,good,True,True,True,,,,29.0,8.0,30.0,8.0,0.7894736842105263,0.6421887696394486,0.5323085987334951,0.8985758350866736,0.5102040816326531,1.179290314396514,0.000619157293166447,1.1792906219110788,0.000619157293166447,18.861889016323577,0.8
29,2016-08-22,good_013,good,True,True,False,,,,24.0,12.0,24.0,13.0,0.6486486486486487,0.5372131658304533,0.46322595650811005,0.7098499875825877,0.8979591836734694,0.6606869657947849,0.00041750155238780675,0.6606871126653262,0.00041750155238780675,10.61213456745753,0.8
29,2016-08-22,good_014,good,True,True,True,,,,27.0,9.0,28.0,9.0,0.7567567567567568,0.6561747486508528,0.5925287757381926,0.8046820187803932,0.02040816326530612,2.5053054212525043,0.0009436557258966872,2.505306335246034,0.0009436557258966872,39.657935181912116,0.95
29,2016-08-22,good_015,good,True,True,True,,,,25.5,11.0,26.5,11.0,0.7066666666666667,0.5609829076916267,0.4842040556742415,0.7401335623988591,0.40816326530612246,1.3298980507084588,0.0006621942002464248,1.3298984164346639,0.0006621942002464248,20.824456492364575,0.85
29,2016-08-22,good_016,good,True,True,True,,,,32.0,5.0,33.0,5.0,0.868421052631579,0.677046148404255,0.5884512885240695,0.8837674881246881,0.12244897959183673,1.9902331520309642,0.0009690345791171409,1.990233715818875,0.0009690345791171409,31.01150472338276,0.95
29,2016-08-22,good_017,good,True,True,True,,,,29.0,8.0,30.0,8.0,0.7894736842105263,0.5958218071181973,0.4918475360165369,0.8384284396887381,0.6530612244897959,0.9716006319244076,0.0005012019953129044,0.9716008895775963,0.0005012019953129044,15.42088693207274,0.8
29,2016-08-22,good_018,good,True,True,True,,,,28.0,9.0,29.0,9.0,0.7631578947368421,0.6189818054630369,0.5819536514308343,0.7053808315381765,0.1836734693877551,1.8832201948858696,0.000798417747574736,1.8832208074051837,0.000798417747574736,30.276587259278926,0.95
29,2016-08-22,good_019,good,True,True,True,,,,29.0,8.0,30.0,8.0,0.7894736842105263,0.6938789530608691,0.6123281111465789,0.8841642508608796,0.08163265306122448,2.289139189008016,0.0009316264158019501,2.289139961743975,0.0009316264158019501,36.29658203727558,1.0
29,2016-08-22,medium_000,medium,True,False,,,,,18.0,14.0,18.5,14.0,0.5692307692307692,0.5257330543259161,0.5253839538025061,0.526547622213873,,,,1.8496601820618512,0.0008892182897171873,29.738031932990843,0.95
29,2016-08-22,medium_001,medium,True,True,True,,,,21.0,12.0,22.0,12.0,0.6470588235294118,0.5442200177471954,0.46511100929317395,0.7288077041399122,0.5510204081632653,1.0997375779925336,0.0005545928171073863,1.099737880458874,0.0005545928171073863,17.590635518424946,0.9
29,2016-08-22,medium_002,medium,True,True,True,,,,20.0,12.0,21.0,12.0,0.6363636363636364,0.577617610625641,0.5513757952937842,0.63884851306664,0.14285714285714285,1.9349224978925594,0.0009133578798627189,1.9349230635600798,0.0009133578798627189,30.09551182247306,0.95
29,2016-08-22,medium_003,medium,True,True,False,,,,21.0,13.0,21.0,14.0,0.6,0.524819180197389,0.5138071628681704,0.5505138872988993,0.5306122448979592,1.1228263973944403,0.0006755273807562527,1.1228266524402264,0.0006755273807562527,17.61563443114716,0.85
29,2016-08-22,medium_004,medium,True,True,True,,,,21.5,11.0,22.5,11.0,0.6716417910447762,0.6099418355191011,0.5938429696548736,0.647505855868965,0.061224489795918366,2.362560387247533,0.0009328667640245575,2.362561209756957,0.0009328667640245575,37.864456417619316,1.0
29,2016-08-22,medium_005,medium,True,True,True,,,,19.0,12.0,20.0,12.0,0.625,0.5521923924883919,0.5464652554138385,0.5655557123290166,0.30612244897959184,1.545386788297142,0.0007501588299481421,1.5453872306948413,0.0007501588299481421,24.537548524760613,0.9
29,2016-08-22,medium_006,medium,True,True,True,,,,19.0,13.0,20.0,13.0,0.6060606060606061,0.5306469633496014,0.5238956416505193,0.5464000473141263,0.4897959183673469,1.1876611064467626,0.0005242099580538789,1.1876614746523257,0.0005242099580538789,18.82830962148025,0.9
29,2016-08-22,medium_007,medium,True,False,,,,,13.0,14.0,13.5,14.0,0.4909090909090909,0.5016990306259559,0.554415301194752,0.3786943992987651,,,,1.683283975030013,0.0008084675420732728,26.634342887694757,0.95
29,2016-08-22,medium_008,medium,False,False,,failure,0.39000000000000007,-2.188963800546489,17.5,15.0,17.5,15.0,0.5384615384615384,0.45006443948386393,0.35088019662525105,0.681494339487294,,,,0.5892688940601123,0.00038874202231166535,9.62543451239043,0.8
29,2016-08-22,medium_009,medium,True,True,True,,,,21.0,12.0,22.0,12.0,0.6470588235294118,0.5321316823991803,0.5011904265719749,0.6043279459959932,0.5918367346938775,0.9990672682567995,0.0005079322635605678,0.9990675360853098,0.0005079322635605678,15.83103116414225,0.85
29,2016-08-22,medium_010,medium,True,True,True,,,,16.5,15.0,17.5,15.0,0.5384615384615384,0.6100654747258716,0.6023440227502135,0.6280821960024072,0.0,2.5391758401967865,0.000881013751538289,2.539176848405981,0.000881013751538289,40.00309361396807,0.95
29,2016-08-22,medium_011,medium,False,True,True,,,,14.5,13.0,15.5,13.0,0.543859649122807,0.47663468765927625,0.45403106413311073,0.5293764758869959,0.6122448979591837,0.9987016548048998,0.0005557066597626926,0.9987019029032271,0.0005557066597626926,15.92385588400336,0.75
29,2016-08-22,medium_012,medium,True,True,True,,,,20.0,13.0,21.0,13.0,0.6176470588235294,0.5593129939398561,0.5719408057454354,0.5298480997268378,0.24489795918367346,1.589300483950339,0.000795393031796926,1.589300925032365,0.000795393031796926,26.097046209541062,0.85
29,2016-08-22,medium_013,medium,True,False,,,,,13.5,12.0,14.0,12.0,0.5384615384615384,0.5487388337620643,0.5746076675056624,0.488378221693669,,,,1.8179520074496773,0.0008271026072556042,28.880538437412934,0.95
29,2016-08-22,medium_014,medium,False,False,,failure,0.5100000000000001,-2.3743993019954672,21.5,11.0,21.5,11.0,0.6615384615384615,0.4921723132480752,0.4699122358781136,0.5441124937779858,,,,0.5880149666971386,0.00032963631896584843,9.234362949702227,0.85
29,2016-08-22,medium_015,medium,True,True,True,,,,17.5,11.0,18.5,11.0,0.6271186440677966,0.5137687600843223,0.4818183375465891,0.5883197460056998,0.42857142857142855,1.3220427639236898,0.00067164651597075,1.3220431242782604,0.00067164651597075,21.031097868834856,0.9
29,2016-08-22,medium_016,medium,False,False,,failure,0.5100000000000001,-2.1348664003553353,21.0,15.0,21.0,15.0,0.5833333333333334,0.481899481273814,0.4974074665033077,0.4457141824049953,,,,1.1692586047710398,0.0005860016815962132,18.406459759907715,0.9
29,2016-08-22,medium_017,medium,True,False,,,,,14.0,14.0,14.0,14.0,0.5,0.5052576143582086,0.5087628296330522,0.4970787787169071,,,,1.0494275553284917,0.0006497230641074711,16.443158640718526,0.75
29,2016-08-22,medium_018,medium,True,True,False,,,,23.5,12.0,23.5,13.0,0.6438356164383562,0.552454798294512,0.49132536832227663,0.6950901348963948,0.8571428571428571,0.7093269683058189,0.00036688098772087204,0.7093271553943491,0.00036688098772087204,11.146718150372589,0.75
29,2016-08-22,medium_019,medium,False,False,,success,0.9700000000000001,5.975786430625192,15.0,15.0,15.5,15.0,0.5081967213114754,0.49527265451074454,0.44378481792668945,0.6154109398735398,,,,1.0203990906362472,0.0006934561107102418,16.232205681350397,0.9
29,2016-08-22,medium_020,medium,True,True,True,,,,18.5,13.0,19.5,13.0,0.6,0.5721210571453886,0.5675850846367431,0.5827049929988951,0.2857142857142857,1.562294346842197,0.0006818412320144084,1.5622948372758545,0.0006818412320144084,24.894417757388435,0.95
29,2016-08-22,medium_021,medium,False,False,,failure,0.5100000000000001,-2.817354800689273,19.0,13.0,19.0,13.0,0.59375,0.4390026619254648,0.4364345197516164,0.44499499366444445,,,,0.679602552324942,0.0003444825488273729,10.695268824457902,0.7
29,2016-08-22,medium_022,medium,True,True,False,,,,23.5,12.0,23.5,13.0,0.6438356164383562,0.5840029465206457,0.507218150052803,0.7631674716122787,0.7959183673469388,0.7950647347131429,0.0004315005174104152,0.7950649370267887,0.0004315005174104152,12.882938654557364,0.75
29,2016-08-22,medium_023,medium,True,True,True,,,,17.5,15.0,18.5,15.0,0.5522388059701493,0.5378203034710757,0.5571318073378352,0.49276012778197037,0.32653061224489793,1.5350051328937886,0.0007489900457671308,1.5350055651473913,0.0007489900457671308,24.309885006272552,0.95
29,2016-08-22,medium_024,medium,False,True,False,,,,20.0,12.0,20.0,13.0,0.6060606060606061,0.48181732892012363,0.39634436725311084,0.6812542394764868,0.673469387755102,0.9687303982664878,0.0005191895073204542,0.9687306501077572,0.0005191895073204542,15.40405126124518,0.8
29,2016-08-22,medium_025,medium,True,True,False,,,,18.0,14.0,18.0,15.0,0.5454545454545454,0.5179922808185328,0.48572768347766715,0.5932763412805527,0.7346938775510204,0.8844195362080028,0.0005214365137723843,0.884419744659165,0.0005214365137723843,13.927975945703249,0.85
29,2016-08-22,medium_026,medium,True,True,True,,,,22.5,11.0,23.5,11.0,0.6811594202898551,0.572011814856024,0.4893683120234118,0.7648466547987862,0.4489795918367347,1.316336861414005,0.0005820712987822539,1.3163372711357284,0.0005820712987822539,20.774590794633873,0.95
29,2016-08-22,medium_027,medium,False,True,True,,,,12.0,12.0,13.0,12.0,0.52,0.48458553102162416,0.47222433609582803,0.5134283191818152,0.6938775510204082,0.9651969233981356,0.0005557024030671227,0.9651971548238476,0.0005557024030671227,15.421179009801714,0.85
29,2016-08-22,medium_028,medium,True,False,,,,,18.5,13.0,19.0,13.0,0.59375,0.5707433643511295,0.5822321476467653,0.5439362033279792,,,,1.939396537170049,0.0008740270475306473,30.311341270749836,0.95
29,2016-08-22,medium_029,medium,False,False,,failure,0.39000000000000007,-3.7517415703358097,18.0,14.0,18.0,14.0,0.5625,0.46376790003406265,0.44111402796329824,0.5166269348658463,,,,0.9415530335962831,0.0004381478168033138,14.891700477933778,0.85
29,2016-08-22,bad_000,bad,False,False,,success,0.9400000000000001,3.035734807920278,13.5,15.0,14.0,15.0,0.4827586206896552,0.47846332547078385,0.5309815483492035,0.355920805421138,,,,1.187946507935807,0.0006114589507598563,18.909257128271328,0.8
29,2016-08-22,bad_001,bad,False,False,,success,0.9400000000000001,5.491789708639786,10.0,11.0,10.5,11.0,0.4883720930232558,0.4545787140918159,0.497293859971884,0.35491004037165685,,,,0.9493302943160126,0.0005945212914245379,15.010548074852746,0.8
29,2016-08-22,bad_002,bad,False,False,,failure,0.5100000000000001,-1.1391292515110365,7.5,10.0,7.5,10.0,0.42857142857142855,0.42387548492726795,0.45740146239584056,0.34564820416726527,,,,0.9185029139196244,0.00043742675258241824,14.657151249484517,0.9
29,2016-08-22,bad_003,bad,False,False,,failure,0.39000000000000007,-2.9509249179966446,11.0,12.0,11.0,12.0,0.4782608695652174,0.46413753838023936,0.40617298902890686,0.5993881535333486,,,,0.6930889699254643,0.0003845441227838216,11.121457623255548,0.75
29,2016-08-22,bad_004,bad,True,False,,,,,9.0,10.0,9.5,10.0,0.48717948717948717,0.5241336120091594,0.5231954238020874,0.526322717825661,,,,1.104466166053208,0.000573736146168267,17.45395863270939,0.85
29,2016-08-22,bad_005,bad,False,False,,success,0.9400000000000001,6.670391933189762,5.0,10.0,5.5,10.0,0.3548387096774194,0.48303882852138663,0.48955084647548586,0.46784411996182185,,,,0.9458216829874543,0.0004768558973267217,15.234486274482835,0.9
29,2016-08-22,bad_006,bad,False,True,False,,,,10.5,14.0,10.5,15.0,0.4117647058823529,0.44347113069014815,0.4691131167533463,0.38363982987601913,0.7142857142857143,0.9007940378711622,0.00046541236091397184,0.9007942761840994,0.00046541236091397184,14.39992059141318,0.85
29,2016-08-22,bad_007,bad,False,False,,success,0.9400000000000001,2.6172700517154226,9.5,10.0,10.0,10.0,0.5,0.44082373433961614,0.4563367731289233,0.4046266438312329,,,,0.9079440529463476,0.0005327835840665401,14.5279815381411,0.8
29,2016-08-22,bad_008,bad,False,False,,failure,0.5400000000000001,-1.9227090934408722,6.0,8.0,6.0,8.0,0.42857142857142855,0.4696833611925394,0.5675674116149487,0.24128724354025088,,,,3.025280091276612,0.0009229336685305726,47.84628913216111,1.0
29,2016-08-22,bad_009,bad,True,True,True,,,,8.5,11.0,9.5,11.0,0.4634146341463415,0.5403596551077033,0.5247142895994987,0.576865507960181,0.46938775510204084,1.279908635276483,0.0005963067218370179,1.2799090138565243,0.0005963067218370179,20.633847102338343,0.9
29,2016-08-22,bad_010,bad,True,False,,,,,9.0,13.0,9.5,13.0,0.4222222222222222,0.5221211471033071,0.5479737329793496,0.46179844672587494,,,,1.1623047249275653,0.0007925204334218358,18.49084878969433,0.85
29,2016-08-22,bad_011,bad,False,True,False,,,,7.0,9.0,7.0,10.0,0.4117647058823529,0.46750230353823097,0.4505695751589701,0.5070120030898398,1.0,0.5351239678545655,0.0003121431662528568,0.5351240900193962,0.0003121431662528568,8.307934579537015,0.6
29,2016-08-22,bad_012,bad,False,True,True,,,,9.0,11.0,10.0,11.0,0.47619047619047616,0.472632618093776,0.48851339279335426,0.4355774771280934,0.3877551020408163,1.402823442565396,0.0007604751029832255,1.4028238004233071,0.0007604751029832255,22.50254010149279,0.95
29,2016-08-22,bad_013,bad,False,False,,success,0.8200000000000002,0.13349447022133631,12.0,13.0,12.5,13.0,0.49019607843137253,0.4810293406778138,0.440208324291258,0.5762783789131107,,,,0.6382156450858936,0.00034258942652875006,10.12119862770315,0.65
29,2016-08-22,bad_014,bad,False,False,,failure,0.36000000000000004,-7.528037240446395,6.0,9.0,6.0,9.0,0.4,0.4277464385004468,0.4393222425334733,0.40073622909005174,,,,0.4897758749402905,0.0002364917069650017,7.757254396129395,0.65
29,2016-08-22,bad_015,bad,False,False,,success,0.8200000000000002,2.497648702994553,8.0,10.0,8.5,10.0,0.4594594594594595,0.356387454758705,0.37441620616224525,0.31432036815044434,,,,0.4364828843431558,0.00025251215681622557,6.7309894236527485,0.65
29,2016-08-22,bad_016,bad,True,False,,,,,8.0,11.0,8.0,11.0,0.42105263157894735,0.5433096944679331,0.5874836600587403,0.44023710808938293,,,,1.632148424754509,0.0008360975699248959,25.682159431286394,0.95
29,2016-08-22,bad_017,bad,True,False,,,,,9.0,11.0,9.0,11.0,0.45,0.5369411170108487,0.5401280388306415,0.5295049660979987,,,,1.8055286283974554,0.000868040737021941,29.020403328132524,0.95
29,2016-08-22,bad_018,bad,True,True,False,,,,12.0,10.0,12.0,11.0,0.5217391304347826,0.535004692480024,0.503932261392116,0.6075070316851429,0.9591836734693877,0.5598195620960406,0.0004401828515093678,0.5598196585993673,0.0004401828515093678,8.71997755966382,0.65
29,2016-08-22,bad_019,bad,False,False,,failure,0.39000000000000007,-3.1188808018706027,11.0,14.0,11.0,14.0,0.44,0.45167583377376064,0.4516991031216055,0.45162153862878945,,,,0.697091141043825,0.00036214099982189465,11.240951375508024,0.85
29,2016-08-22,bad_020,bad,True,False,,,,,10.5,10.0,11.0,10.0,0.5238095238095238,0.5616838244344955,0.4983439170517542,0.7094769416608919,,,,1.4668695980790682,0.0006488688370308791,23.315637591604062,0.95
29,2016-08-22,bad_021,bad,False,True,False,,,,9.5,12.0,9.5,13.0,0.4222222222222222,0.4686132647227482,0.44870790256785736,0.5150591097508269,0.8367346938775511,0.7101787860776049,0.0004988036404602352,0.7101789266884893,0.0004988036404602352,11.281209950102177,0.75
29,2016-08-22,bad_022,bad,True,True,False,,,,10.0,9.0,10.0,10.0,0.5,0.5036368753194848,0.5073815456176349,0.49489931129046777,0.9387755102040817,0.6184849201815438,0.00038689304864225236,0.618485054272077,0.00038689304864225236,9.690800954770665,0.75
29,2016-08-22,bad_023,bad,False,True,False,,,,9.0,11.0,9.0,12.0,0.42857142857142855,0.4336176902899991,0.43408493888971156,0.43252744355733674,0.8163265306122449,0.7306870491816434,0.00036271419488585294,0.7306872507482477,0.00036271419488585294,11.60307637130669,0.75
29,2016-08-22,bad_024,bad,False,False,,success,0.8200000000000002,3.2771088544802325,9.5,11.0,10.0,11.0,0.47619047619047616,0.47646150645578855,0.4659570849890329,0.5009718232115519,,,,0.7894788449334159,0.0004422144835011842,12.327160898292226,0.85
29,2016-08-22,bad_025,bad,False,False,,success,0.8500000000000002,4.405408357586182,8.0,10.0,8.5,10.0,0.4594594594594595,0.48109619385422653,0.4764257371335662,0.49199392620243415,,,,1.2570869838289365,0.0005730054638846731,20.212598877481163,0.9
29,2016-08-22,bad_026,bad,False,False,,success,0.9700000000000001,1.6772031967024503,6.5,11.0,7.0,11.0,0.3888888888888889,0.4421876191079676,0.48852987751306665,0.33405568282940334,,,,0.9762799284818447,0.0005935466423417603,15.559674215705522,0.85
29,2016-08-22,bad_027,bad,False,False,,failure,0.39000000000000007,-0.7117150999624187,7.5,10.0,7.5,10.0,0.42857142857142855,0.4336103361373836,0.4738534770916277,0.33970967391081414,,,,1.2091740274956952,0.0006390469994845924,19.339089830756734,0.95
29,2016-08-22,bad_028,bad,False,False,,success,0.9700000000000001,2.136929134718187,7.5,10.0,8.0,10.0,0.4444444444444444,0.4535866263748083,0.4333491059391559,0.5008075073913306,,,,0.8741400014474688,0.0004807199279743326,14.020219139820712,0.8
29,2016-08-22,bad_029,bad,False,False,,failure,0.39000000000000007,-2.264657865709111,11.5,13.0,11.5,13.0,0.46938775510204084,0.4346837912230243,0.4327966894585652,0.439087028673429,,,,0.6341636990577598,0.00038712557787393473,9.864281605533838,0.8
29,2016-08-22,bad_030,bad,False,False,,success,0.8200000000000002,3.2910086552166007,8.5,11.0,9.0,11.0,0.45,0.4868848726792126,0.49076748603920095,0.4778254415059065,,,,1.5695749430684485,0.0008187390599008152,24.77109927706782,0.9
29,2016-08-22,bad_031,bad,True,True,True,,,,11.5,10.0,12.5,10.0,0.5555555555555556,0.6015577102014883,0.5502293785050518,0.7213238174931734,0.22448979591836735,1.676839040225383,0.0006998542602796909,1.6768395964539864,0.0006998542602796909,26.43551009611822,0.9
29,2016-08-22,bad_032,bad,False,False,,failure,0.48000000000000004,-3.621847370473489,7.5,10.0,7.5,10.0,0.42857142857142855,0.33113330996980317,0.31802053772323924,0.361729778545119,,,,0.2854527945160259,0.00015810151073812305,4.720016194575176,0.6
29,2016-08-22,bad_033,bad,False,False,,success,0.8200000000000002,1.6453133825622217,5.5,11.0,6.0,11.0,0.35294117647058826,0.44030687032772553,0.44474589938354014,0.4299491358641582,,,,1.0278047587350077,0.0005432753496451244,16.31300118114886,0.85
29,2016-08-22,bad_034,bad,False,False,,failure,0.4200000000000001,-2.876559931626687,9.5,11.0,9.5,11.0,0.4634146341463415,0.45832284895282227,0.460999365907546,0.4520776427251338,,,,1.1542088477677264,0.000569928449583713,18.223985065294006,0.85
29,2016-08-22,bad_035,bad,False,False,,failure,0.5100000000000001,-1.9060928468711893,8.5,11.0,8.5,11.0,0.4358974358974359,0.4555677695898257,0.45329151976896087,0.4608790191718438,,,,0.9157462990316766,0.0005630680126348612,14.454812669283685,0.8
29,2016-08-22,bad_036,bad,False,False,,success,0.8200000000000002,0.3195581589252612,8.0,11.0,8.5,11.0,0.4358974358974359,0.4925042473983752,0.4728373279335749,0.5383937261495759,,,,1.2416167947597396,0.0005143205264848483,19.605375019783203,0.85
29,2016-08-22,bad_037,bad,False,False,,success,0.9700000000000001,4.831639830373746,4.0,10.0,4.5,10.0,0.3103448275862069,0.4997359979902944,0.5845373085573466,0.3018662733338392,,,,2.0670430075737154,0.0008963147497281267,32.45820653360196,0.95
29,2016-08-22,bad_038,bad,False,False,,failure,0.5100000000000001,-5.808946045890792,10.5,12.0,10.5,12.0,0.4666666666666667,0.3934086306584019,0.40978278712974614,0.35520226555859885,,,,0.6974528042212,0.0003552536968754669,11.217931842658274,0.75
29,2016-08-22,bad_039,bad,False,True,True,,,,9.5,10.0,10.5,10.0,0.5121951219512195,0.47086057351008853,0.515996662706954,0.3655430320507358,0.20408163265306123,1.7427902875190777,0.000835270270780303,1.742790792470637,0.000835270270780303,27.54263181257541,0.9
29,2016-08-22,bad_040,bad,False,False,,failure,0.5400000000000001,-1.6837484031953949,9.0,11.0,9.0,11.0,0.45,0.41402990903203174,0.428640060181012,0.3799395563510778,,,,0.9488029999148027,0.0006980531428570616,15.23699254875177,0.85
29,2016-08-22,bad_041,bad,True,True,True,,,,11.5,10.0,12.5,10.0,0.5555555555555556,0.5603313730449035,0.5386489118533629,0.6109237824918317,0.5714285714285714,1.0600095094828006,0.0005378327398514535,1.0600097947668754,0.0005378327398514535,16.972663712419983,0.9
29,2016-08-22,bad_042,bad,False,False,,success,0.8200000000000002,1.6488058592278634,7.5,10.0,8.0,10.0,0.4444444444444444,0.43429092802585806,0.45525077796818325,0.38538461149376607,,,,0.6768442281925575,0.0005167653293479261,10.618776043566326,0.75
29,2016-08-22,bad_043,bad,False,False,,failure,0.5100000000000001,-2.065359054612145,9.0,9.0,9.0,9.0,0.5,0.4562275155212808,0.43694339123026044,0.5012238055336619,,,,0.920215143058171,0.0005048106827694059,14.680406881582412,0.8
29,2016-08-22,bad_044,bad,False,False,,failure,0.5100000000000001,-1.632696970337662,7.5,11.0,7.5,11.0,0.40540540540540543,0.4608925209733783,0.5281818061190953,0.30388418896670544,,,,1.2415261641614654,0.0006199803613164594,19.944857169180285,0.75
29,2016-08-22,bad_045,bad,False,False,,failure,0.5100000000000001,-2.4742478268321264,8.5,11.0,8.5,11.0,0.4358974358974359,0.47828157615817535,0.5423694363388836,0.3287432357365229,,,,1.1717779407751927,0.0007072245947111198,18.53441100523663,0.85
29,2016-08-22,bad_046,bad,False,False,,success,0.9400000000000001,8.248897093948727,8.0,12.0,8.5,12.0,0.4146341463414634,0.40291880530785484,0.4808398941435911,0.22110293135780373,,,,1.0351895012776529,0.0005960469648204735,16.522192442920286,0.75
29,2016-08-22,bad_047,bad,False,False,,success,0.8200000000000002,2.3181208259877337,11.5,14.0,12.0,14.0,0.46153846153846156,0.4727115335829123,0.4367666566195159,0.5565829131641704,,,,0.586716741881071,0.0003333202598491549,9.138222959096014,0.75
29,2016-08-22,bad_048,bad,False,True,False,,,,9.5,9.0,9.5,10.0,0.48717948717948717,0.45830932556153225,0.4617898921407021,0.4501880035434694,0.8775510204081632,0.683291416192332,0.00042102773140766293,0.6832915696740444,0.00042102773140766293,10.88501008459373,0.75
29,2016-08-22,bad_049,bad,True,False,,,,,10.0,11.0,10.0,11.0,0.47619047619047616,0.5497639379321259,0.5184938705142161,0.6227274285739153,,,,1.1035404699203388,0.0006350942150595743,17.2877330545153,0.85
30,2016-09-20,good_000,good,True,True,False,,,,27.5,10.0,27.5,11.0,0.7142857142857143,0.545108222251952,0.46524660416791686,0.7314519977813673,0.7346938775510204,0.8852558854965177,0.0005208535696571251,0.8852560987397529,0.0005208535696571251,14.112738590762312,0.8
30,2016-09-20,good_001,good,True,False,,,,,26.5,11.0,27.0,11.0,0.7105263157894737,0.5630975273905143,0.5391459889654218,0.6189844503823974,,,,1.307609735825528,0.0005982331881329201,20.47063670252566,0.95
30,2016-09-20,good_002,good,True,True,True,,,,28.0,9.0,29.0,9.0,0.7631578947368421,0.6131477554366165,0.5389255771912398,0.7863328380091622,0.6530612244897959,0.9377729161668931,0.0005741409593656693,0.9377731314523041,0.0005741409593656693,14.85815773754131,0.9
30,2016-09-20,good_003,good,True,True,True,,,,30.0,8.0,31.0,8.0,0.7948717948717948,0.6172515918330608,0.5458174341837112,0.7839312930148766,0.14285714285714285,1.57229639281103,0.0008625018232678482,1.572296796300773,0.0008625018232678482,24.96828411133737,0.95
30,2016-09-20,good_004,good,True,True,False,,,,29.0,9.0,29.0,10.0,0.7435897435897436,0.5433033822371547,0.4616115287452931,0.7339177070514987,0.5306122448979592,1.1036303644861034,0.0006931371892774142,1.1036306142219336,0.0006931371892774142,17.628331723664896,0.85
30,2016-09-20,good_005,good,True,False,,,,,29.0,9.0,29.5,9.0,0.7662337662337663,0.5539295326247002,0.49517646285660455,0.6910200287502569,,,,1.370175158563222,0.0007461829873376962,21.867978759030652,0.9
30,2016-09-20,good_006,good,True,True,True,,,,28.0,9.0,29.0,9.0,0.7631578947368421,0.6383431774487268,0.5470658470949699,0.8513236149408265,0.10204081632653061,1.6587337210052617,0.0006984141300373121,1.6587342749277543,0.0006984141300373121,26.312661213420704,1.0
30,2016-09-20,good_007,good,True,True,False,,,,26.5,10.0,26.5,11.0,0.7066666666666667,0.5744435076111036,0.5070080401264041,0.7317929317420694,0.6938775510204082,0.919560654812573,0.000490484840510384,0.9195608982165815,0.000490484840510384,14.49127514896698,0.85
30,2016-09-20,good_008,good,True,True,False,,,,26.0,11.0,26.0,12.0,0.6842105263157895,0.5910044999245619,0.5166663672772883,0.7644601427682006,0.5714285714285714,1.0124483644597233,0.0005685617367206163,1.0124486199415075,0.0005685617367206163,16.246836720624206,0.8
30,2016-09-20,good_009,good,True,True,True,,,,31.0,6.0,32.0,6.0,0.8421052631578947,0.6206802454000623,0.565842590299722,0.7486347739675232,0.42857142857142855,1.176218366777011,0.0007468576851382272,1.1762186245045343,0.0007468576851382272,18.787658079448075,0.85
30,2016-09-20,good_010,good,True,True,True,,,,35.0,3.0,36.0,3.0,0.9230769230769231,0.6910688162687733,0.5905966661390121,0.925503833238216,0.24489795918367346,1.4812341914844458,0.0007707828259781937,1.4812345909222526,0.0007707828259781937,23.563811785089037,0.9
30,2016-09-20,good_011,good,True,True,True,,,,28.5,9.0,29.5,9.0,0.7662337662337663,0.616042856209762,0.5461427159933299,0.7791431833814372,0.2653061224489796,1.4497274862573788,0.0006083323131515566,1.4497279727569286,0.0006083323131515566,22.837971138386962,0.95
30,2016-09-20,good_012,good,True,True,True,,,,30.0,8.0,31.0,8.0,0.7948717948717948,0.5982555819417767,0.507044445942194,0.8110815659408034,0.16326530612244897,1.554014554022632,0.0006932067484643146,1.5540150446779644,0.0006932067484643146,24.572834161069906,0.9
30,2016-09-20,good_013,good,False,True,True,,,,24.0,13.0,25.0,13.0,0.6578947368421053,0.49417316215748364,0.4575243777139777,0.5796869925256641,0.5510204081632653,1.071689982653782,0.0007077211343397877,1.0716902105674115,0.0007077211343397877,17.11022133733621,0.8
30,2016-09-20,good_014,good,True,True,True,,,,28.0,9.0,29.0,9.0,0.7631578947368421,0.5534754725754844,0.4986118997966447,0.6814904757261102,0.6326530612244898,0.9793419763960666,0.000572105147942264,0.9793422122592255,0.000572105147942264,15.394309014640129,0.85
30,2016-09-20,good_015,good,True,True,True,,,,26.5,11.0,27.5,11.0,0.7142857142857143,0.5989347786929506,0.5389534892019594,0.7388911208385971,0.5102040816326531,1.110104866682292,0.0006320828137190962,1.110105139896563,0.0006320828137190962,17.3691956700711,0.9
30,2016-09-20,good_016,good,True,True,True,,,,33.0,5.0,34.0,5.0,0.8717948717948718,0.6626513064300041,0.6082821548179791,0.7895126601913959,0.061224489795918366,1.7489451132726759,0.0009266407088328422,1.7489455731172363,0.0009266407088328422,27.630405662289178,0.9
30,2016-09-20,good_017,good,True,True,True,,,,30.0,8.0,31.0,8.0,0.7948717948717948,0.6568778949943799,0.5789182438315218,0.8387837477077155,0.0,2.1548724852208903,0.0008495077280449934,2.1548732536249995,0.0008495077280449934,33.832359942108475,0.95
30,2016-09-20,good_018,good,True,True,False,,,,29.0,9.0,29.0,10.0,0.7435897435897436,0.570798673615856,0.49484290277922377,0.7480288055679978,0.8163265306122449,0.7723565927064762,0.0005100457482129239,0.7723567574931677,0.0005100457482129239,12.25278822548878,0.7
30,2016-09-20,good_019,good,True,True,True,,,,30.0,8.0,31.0,8.0,0.7948717948717948,0.631796791943539,0.5733909404229277,0.7680771121582989,0.40816326530612246,1.195227589691542,0.0007838285248339006,1.1952278428547056,0.0007838285248339006,18.75351758361136,0.8
30,2016-09-20,medium_000,medium,False,True,False,,,,18.5,14.0,18.5,15.0,0.5522388059701493,0.49712678419823764,0.47503950945343953,0.5486637586027667,0.7755102040816326,0.802602356388139,0.0005031906966131352,0.8026025354199983,0.0005031906966131352,12.742079858921722,0.75
30,2016-09-20,medium_001,medium,True,True,True,,,,22.0,12.0,23.0,12.0,0.6571428571428571,0.5595554457713344,0.5150484900653242,0.6634050090853585,0.20408163265306123,1.4903532293461177,0.0007589275541956603,1.4903536415043963,0.0007589275541956603,23.66802406851843,0.95
30,2016-09-20,medium_002,medium,True,True,True,,,,21.0,12.0,22.0,12.0,0.6470588235294118,0.5494302481993357,0.5172878802805952,0.624429106676397,0.1836734693877551,1.5072990581707857,0.0008951457519541326,1.5072994190008735,0.0008951457519541326,23.931601649285632,0.9
30,2016-09-20,medium_003,medium,True,True,True,,,,21.0,14.0,22.0,14.0,0.6111111111111112,0.5296041010524444,0.5241250993785238,0.5423884382915924,0.12244897959183673,1.579771748810878,0.0008683982848752176,1.5797721552472492,0.0008683982848752176,25.037592450773225,1.0
30,2016-09-20,medium_004,medium,True,True,False,,,,22.5,11.0,22.5,12.0,0.6521739130434783,0.5293749170116911,0.4771977589669828,0.6511216191160106,0.8571428571428571,0.7241234452493135,0.00041107765601539916,0.7241236270464374,0.00041107765601539916,11.615634490524984,0.75
30,2016-09-20,medium_005,medium,True,True,True,,,,20.0,12.0,21.0,12.0,0.6363636363636364,0.5668161387653932,0.5362976286775067,0.638025995637128,0.673469387755102,0.9284264802286573,0.0005854729937579447,0.9284266869730861,0.0005854729937579447,14.667675979146734,0.75
30,2016-09-20,medium_006,medium,False,True,False,,,,20.0,13.0,20.0,14.0,0.5882352941176471,0.4371737730982167,0.420317927789956,0.47650407881749174,0.4489795918367347,1.1611593962027629,0.0006515483703783888,1.1611596885676287,0.0006515483703783888,18.22303830107261,0.85
30,2016-09-20,medium_007,medium,True,True,True,,,,13.5,14.0,14.5,14.0,0.5087719298245614,0.547634667084268,0.5476147372730333,0.5476811699771488,0.4897959183673469,1.1355098144423301,0.0006603329696975852,1.1355100910445541,0.0006603329696975852,18.073564482750132,0.85
30,2016-09-20,medium_008,medium,True,False,,,,,17.5,15.0,18.0,15.0,0.5454545454545454,0.5199998956833084,0.4461260360132355,0.6923722349134785,,,,1.03207665576266,0.00048367189987918134,16.2093294031304,0.9
30,2016-09-20,medium_009,medium,True,True,True,,,,22.0,12.0,23.0,12.0,0.6571428571428571,0.5899372996915273,0.530058932773445,0.7296534891670527,0.46938775510204084,1.1564738855862442,0.0006139595344241692,1.1564741927089164,0.0006139595344241692,18.421430058338085,0.85
30,2016-09-20,medium_010,medium,False,True,False,,,,17.5,15.0,17.5,16.0,0.5223880597014925,0.4367315629794756,0.39945995890264363,0.5236986391587503,0.8775510204081632,0.6904232180969082,0.0003682241061142807,0.6904233997358279,0.0003682241061142807,10.941220864162858,0.8
30,2016-09-20,medium_011,medium,True,False,,,,,15.5,13.0,16.0,13.0,0.5517241379310345,0.5735189306230078,0.5485045946067395,0.6318857146609675,,,,1.1305033948834733,0.0006520423115518815,17.787314305058093,0.85
30,2016-09-20,medium_012,medium,False,True,False,,,,21.0,13.0,21.0,14.0,0.6,0.494709766573123,0.45594618449573837,0.5851581247536871,0.9387755102040817,0.5877341648620859,0.00032784487697826273,0.5877343146092651,0.00032784487697826273,9.30235577606708,0.65
30,2016-09-20,medium_013,medium,True,True,True,,,,14.0,12.0,15.0,12.0,0.5555555555555556,0.5323806697427467,0.49605802084761597,0.6171335171647182,0.30612244897959184,1.3115188603362986,0.0006320633044059353,1.3115192451850168,0.0006320633044059353,20.781755472052886,0.8
30,2016-09-20,medium_014,medium,False,False,,failure,0.39000000000000007,-1.1131732616508856,21.5,11.0,21.5,11.0,0.6615384615384615,0.404334502471077,0.32597638364074566,0.5871701130751835,,,,0.3093441297855442,0.00020447280867416035,5.015059113863643,0.7
30,2016-09-20,medium_015,medium,True,True,True,,,,18.5,11.0,19.5,11.0,0.639344262295082,0.5772538626501491,0.518986766081245,0.7132104213109255,0.32653061224489793,1.2845604567946374,0.0007275182989185744,1.2845607738212228,0.0007275182989185744,20.16063467763148,0.9
30,2016-09-20,medium_016,medium,True,False,,,,,21.0,15.0,21.5,15.0,0.589041095890411,0.5439234810573348,0.5057915117926092,0.6328980760083612,,,,1.2682372433974392,0.0006150379992313735,20.11624932730083,0.9
30,2016-09-20,medium_017,medium,False,True,False,,,,14.0,14.0,14.0,15.0,0.4827586206896552,0.4735493601746994,0.4459606542332391,0.5379230073714402,0.9591836734693877,0.5583296934620875,0.0003051499101263536,0.5583298385162617,0.0003051499101263536,8.826309934956585,0.7
30,2016-09-20,medium_018,medium,True,True,False,,,,23.5,13.0,23.5,14.0,0.6266666666666667,0.5434053871746836,0.45303764458011864,0.7542634532286686,0.8367346938775511,0.742378503710277,0.00043621082343272747,0.7423786813482182,0.00043621082343272747,11.872869652465983,0.8
30,2016-09-20,medium_019,medium,False,False,,success,0.8200000000000002,2.999558947926346,15.5,15.0,16.0,15.0,0.5161290322580645,0.47963227169653827,0.5294532270455328,0.36338337588221786,,,,1.6211506473055015,0.0007403896194436148,25.754757012383994,0.95
30,2016-09-20,medium_020,medium,True,True,True,,,,19.5,13.0,20.5,13.0,0.6119402985074627,0.5490802460673322,0.5578114533375819,0.5287074291034165,0.02040816326530612,1.8502512872233705,0.0007176879757646873,1.8502519534525725,0.0007176879757646873,29.145686686188228,1.0
30,2016-09-20,medium_021,medium,True,False,,,,,19.0,13.0,19.5,13.0,0.6,0.537821763827582,0.5146570605065072,0.591872738243423,,,,1.7528743103006807,0.0009997969447220055,27.790856777714247,0.9
30,2016-09-20,medium_022,medium,True,True,True,,,,23.5,13.0,24.5,13.0,0.6533333333333333,0.5566756068370966,0.543309674547918,0.5878627821785132,0.3877551020408163,1.2000539400837649,0.0005986334722225808,1.2000542779457712,0.0005986334722225808,19.235988449727227,0.9
30,2016-09-20,medium_023,medium,True,True,True,,,,18.5,15.0,19.5,15.0,0.5652173913043478,0.5940152555741482,0.5656660380766234,0.6601634297350396,0.22448979591836735,1.4818380856954314,0.0008315814742281815,1.4818384573535712,0.0008315814742281815,23.6504007484159,0.95
30,2016-09-20,medium_024,medium,False,False,,failure,0.39000000000000007,-2.675074712308529,20.0,13.0,20.0,13.0,0.6060606060606061,0.4140954764650327,0.3987344619991655,0.4499378435520563,,,,0.3683172633635086,0.00019131521684135881,5.862986405091828,0.6
30,2016-09-20,medium_025,medium,True,True,False,,,,18.0,15.0,18.0,16.0,0.5294117647058824,0.49873524829783666,0.45305736469534963,0.6053169767036397,0.9183673469387755,0.6207355242045108,0.00041440270843227814,0.6207356560440362,0.00041440270843227814,9.844422468128942,0.8
30,2016-09-20,medium_026,medium,True,True,True,,,,23.5,11.0,24.5,11.0,0.6901408450704225,0.5673025639352922,0.5512241582093027,0.6048188439626013,0.08163265306122448,1.7235027940205085,0.000716886826231446,1.723503381004495,0.000716886826231446,26.93888684601494,0.9
30,2016-09-20,medium_027,medium,False,False,,success,0.9700000000000001,1.849599909824434,13.0,12.0,13.5,12.0,0.5294117647058824,0.42726306983532303,0.416605604100038,0.4521304898843216,,,,0.7795388859683198,0.0005059688232694366,12.48933374320617,0.75
30,2016-09-20,medium_028,medium,True,True,True,,,,19.0,13.0,20.0,13.0,0.6060606060606061,0.5992829363458334,0.5606539485167524,0.6894172412803556,0.3673469387755102,1.2064578936989332,0.0006963298963590915,1.2064581859771415,0.0006963298963590915,18.577582270056904,0.85
30,2016-09-20,medium_029,medium,False,False,,success,0.9400000000000001,0.7917160394929397,18.0,14.0,18.5,14.0,0.5692307692307692,0.47264725920266737,0.4528445431117035,0.5188535967482497,,,,0.7953635623569038,0.0005269930491681289,12.701034171094287,0.75
30,2016-09-20,bad_000,bad,False,False,,success,0.9400000000000001,0.2705354654714114,14.0,15.0,14.5,15.0,0.4915254237288136,0.38756856780264587,0.3797843196512648,0.4057318134892019,,,,0.4671166649887646,0.00023863057955827023,7.224407643708753,0.6
30,2016-09-20,bad_001,bad,False,False,,neutral,0.39000000000000007,-0.06530911850774146,10.5,11.0,10.5,11.0,0.4883720930232558,0.39436712955990455,0.37681940968010785,0.4353118092794302,,,,0.24418113846875728,0.00011081249133537525,3.864432208187744,0.5
30,2016-09-20,bad_002,bad,False,False,,success,0.9400000000000001,1.2840651154867828,7.5,10.0,8.0,10.0,0.4444444444444444,0.462278966934498,0.47911439313617593,0.4229963057972495,,,,0.7261801376206128,0.0002996728156268296,11.450368395927919,0.8
30,2016-09-20,bad_003,bad,True,False,,,,,11.0,12.0,11.0,12.0,0.4782608695652174,0.5118887182303837,0.4977835177755362,0.5448008526250281,,,,1.8269666579820687,0.0008406590500798451,28.845068607415865,0.95
30,2016-09-20,bad_004,bad,False,True,False,,,,9.5,10.0,9.5,11.0,0.4634146341463415,0.39937112715878725,0.334411011554065,0.5509447302364726,0.9795918367346939,0.40616409256038943,0.0003539347170541609,0.40616416029432945,0.0003539347170541609,6.6006317286949745,0.7
30,2016-09-20,bad_005,bad,False,False,,success,0.9400000000000001,0.6828389822281196,5.5,10.0,6.0,10.0,0.375,0.4753012378492752,0.4743640935624788,0.4774879078518002,,,,1.0892989058874138,0.0005560810648887857,17.089487677624756,0.85
30,2016-09-20,bad_006,bad,False,False,,failure,0.5100000000000001,-0.7911616848601,10.5,15.0,10.5,15.0,0.4117647058823529,0.42215215989493166,0.4632888874727067,0.3261664622134567,,,,0.7880200677836176,0.0003881233380425912,12.479052868908727,0.75
30,2016-09-20,bad_007,bad,False,False,,failure,0.5100000000000001,-4.387916143767342,10.0,10.0,10.0,10.0,0.5,0.4419067699341497,0.41018407632522347,0.5159263883549776,,,,0.42522775316115485,0.0002829934281704128,6.722275341526352,0.75
30,2016-09-20,bad_008,bad,True,False,,,,,6.0,8.0,6.5,8.0,0.4482758620689655,0.5433767580198943,0.5282978725207759,0.5785608241845038,,,,1.489455488737332,0.0006905131026839213,23.6442001361464,0.95
30,2016-09-20,bad_009,bad,False,True,False,,,,9.5,11.0,9.5,12.0,0.4418604651162791,0.4220705002861565,0.46444211300030025,0.32320340395315444,0.8979591836734694,0.6667042310547348,0.00046928463025032815,0.6667043663208778,0.00046928463025032815,10.596228080161541,0.75
30,2016-09-20,bad_010,bad,False,True,False,,,,9.5,13.0,9.5,14.0,0.40425531914893614,0.4447427490562686,0.47565399771482375,0.3726165021863067,0.7551020408163265,0.8186561212400372,0.0003804934800870476,0.8186563689041328,0.0003804934800870476,13.037128793199216,0.75
30,2016-09-20,bad_011,bad,True,False,,,,,7.0,10.0,7.5,10.0,0.42857142857142855,0.5938236365689508,0.5455264727993532,0.7065170186980118,,,,1.3224494847124664,0.0007182964152934658,20.90491173587375,0.9
30,2016-09-20,bad_012,bad,True,False,,,,,10.0,11.0,10.5,11.0,0.4883720930232558,0.5025260536984916,0.4964983504522286,0.5165906946064387,,,,1.0181194274318508,0.0006207411985728363,16.225221634594924,0.9
30,2016-09-20,bad_013,bad,False,False,,success,0.9400000000000001,1.7272937879203027,12.5,13.0,13.0,13.0,0.5,0.45534485424020266,0.5280001697576809,0.2858157846994201,,,,1.2231970053655308,0.0005751214271112033,19.232610735446524,0.85
30,2016-09-20,bad_014,bad,False,False,,success,0.8200000000000002,0.09702350197596843,6.0,9.0,6.5,9.0,0.41935483870967744,0.4526758438858123,0.47960715867696646,0.38983610937311935,,,,1.2266918587049784,0.0005878711777445383,19.06882074652678,0.9
30,2016-09-20,bad_015,bad,False,False,,failure,0.36000000000000004,-0.6180753896800439,8.5,10.0,8.5,10.0,0.4594594594594595,0.4268904839066482,0.4003017840960301,0.4889307834647571,,,,0.6319603478069659,0.00041371333950985227,10.109954674073721,0.7
30,2016-09-20,bad_016,bad,True,True,True,,,,8.0,11.0,9.0,11.0,0.45,0.49855130216979326,0.4961052608504808,0.5042587319148557,0.3469387755102041,1.2488293137303172,0.0007122926927423054,1.2488296208222407,0.0007122926927423054,19.878807320720362,0.85
30,2016-09-20,bad_017,bad,False,True,False,,,,9.0,11.0,9.0,12.0,0.42857142857142855,0.37351310623620554,0.3948795457729124,0.3236580806505562,0.7142857142857143,0.9119632381965961,0.0006066419681760651,0.9119634324344905,0.0006066419681760651,14.516980723160309,0.75
30,2016-09-20,bad_018,bad,False,True,False,,,,12.0,11.0,12.0,12.0,0.5,0.49510803173992446,0.47340931526809593,0.5457383701741912,0.5918367346938775,1.0099698240078823,0.0006876394324907083,1.0099700373450715,0.0006876394324907083,16.21552358364836,0.85
30,2016-09-20,bad_019,bad,False,False,,failure,0.5100000000000001,-0.6481517488668942,11.0,14.0,11.0,14.0,0.44,0.4831706230528544,0.49463826929614335,0.45641278181851364,,,,0.7683755044889524,0.0004449257978907972,12.193624329871742,0.75
30,2016-09-20,bad_020,bad,False,True,False,,,,11.0,10.0,11.0,11.0,0.5,0.47432631455456786,0.44923560141134533,0.5328713118887539,0.7959183673469388,0.7762964326157821,0.0004935892638736692,0.7762966037522576,0.0004935892638736692,12.229725640929196,0.75
30,2016-09-20,bad_021,bad,False,False,,failure,0.39000000000000007,-2.017724734281771,9.5,13.0,9.5,13.0,0.4222222222222222,0.42783748902717955,0.44857872275042665,0.3794412770062699,,,,0.7615372302852117,0.00044724702812825,12.138918308094253,0.7
30,2016-09-20,bad_022,bad,False,True,False,,,,10.0,10.0,10.0,11.0,0.47619047619047616,0.33221062942219703,0.31776881529666273,0.3659081957151106,1.0,0.28542192063053184,0.00017897436575373005,0.28542198653280076,0.00017897436575373005,4.699433683686274,0.75
30,2016-09-20,bad_023,bad,True,False,,,,,9.0,12.0,9.0,12.0,0.42857142857142855,0.5318009155774398,0.535822141005674,0.5224180562448933,,,,1.1977402561896184,0.00065648325974201,18.893140129145166,0.9
30,2016-09-20,bad_024,bad,False,False,,success,0.8200000000000002,1.0192872300495566,10.0,11.0,10.5,11.0,0.4883720930232558,0.4699319317349159,0.41615340143609625,0.5954151690988284,,,,0.7296543905964618,0.000474040558603922,11.618286336999805,0.85
30,2016-09-20,bad_025,bad,False,False,,success,0.8200000000000002,0.06749574474500264,8.5,10.0,9.0,10.0,0.47368421052631576,0.38632442026923874,0.3988399119879444,0.35712160625892564,,,,0.531650294634798,0.00026195562912575374,8.419814302829334,0.65
30,2016-09-20,bad_026,bad,False,False,,success,0.8200000000000002,3.240550720071724,7.0,11.0,7.5,11.0,0.40540540540540543,0.3722733895399709,0.4440618741144461,0.20476692553286235,,,,1.004254050098135,0.0005640773184639419,15.841747055405374,0.8
30,2016-09-20,bad_027,bad,False,False,,failure,0.39000000000000007,-3.532787962398544,7.5,10.0,7.5,10.0,0.42857142857142855,0.3788791302380053,0.4196355632060687,0.28378078664585726,,,,0.8489864251042094,0.00032763751038742545,13.49955246019292,0.85
30,2016-09-20,bad_028,bad,False,False,,success,0.9700000000000001,4.974365029792381,8.0,10.0,8.5,10.0,0.4594594594594595,0.46490991095795753,0.46599436061511035,0.462379528424601,,,,0.7789869743753649,0.0004882730308495726,12.236898506479893,0.75
30,2016-09-20,bad_029,bad,False,False,,failure,0.39000000000000007,-2.4429642030068095,11.5,13.0,11.5,13.0,0.46938775510204084,0.4902947457511462,0.4403027537952642,0.6069427269815375,,,,0.8157455578330793,0.000510445539753585,12.95330959345741,0.75
30,2016-09-20,bad_030,bad,False,False,,failure,0.5100000000000001,-1.5993999585258791,9.0,11.0,9.0,11.0,0.45,0.4517180466248103,0.4342685378341553,0.4924335671363387,,,,0.9499015395863484,0.0004957643844581121,15.120675254751786,0.85
30,2016-09-20,bad_031,bad,True,True,True,,,,12.5,10.0,13.5,10.0,0.574468085106383,0.5613206211549359,0.5807852348605471,0.5159031891751763,0.04081632653061224,1.8224378110287294,0.0008044324943899733,1.8224383923357106,0.0008044324943899733,28.51063858366042,1.0
30,2016-09-20,bad_032,bad,False,False,,success,0.8200000000000002,1.7267867238026469,7.5,10.0,8.0,10.0,0.4444444444444444,0.415396027920484,0.35818768524072514,0.5488821608399215,,,,0.7507996187773767,0.00044381286811290293,12.110184319865791,0.8
30,2016-09-20,bad_033,bad,True,False,,,,,6.0,11.0,6.0,11.0,0.35294117647058826,0.5188053659082978,0.5938637467828819,0.34366914386760206,,,,1.4055576368060168,0.0009541935992901715,21.9641606705512,0.9
30,2016-09-20,bad_034,bad,False,False,,failure,0.39000000000000007,-4.474385023444782,9.5,11.0,9.5,11.0,0.4634146341463415,0.3452026505403545,0.2526104998666516,0.5612510021123278,,,,0.00947963176992547,1.0401944163448236e-05,0.2360287071793803,0.5
30,2016-09-20,bad_035,bad,False,False,,success,0.9400000000000001,0.35077825259064355,8.5,11.0,9.0,11.0,0.45,0.49464367852705193,0.5031758889380362,0.4747351875680886,,,,0.9340418208685174,0.0004932141426596882,15.023136381110394,0.8
30,2016-09-20,bad_036,bad,False,False,,success,0.9700000000000001,5.518491100659986,8.5,11.0,9.0,11.0,0.45,0.49491699833495567,0.5507434746613695,0.3646552202399902,,,,2.4397563403482643,0.0008897203162652713,38.601588715024135,0.95
30,2016-09-20,bad_037,bad,False,False,,success,0.9700000000000001,0.5415882946943924,4.5,10.0,5.0,10.0,0.3333333333333333,0.44005060623868475,0.5012242649467623,0.2973120692531706,,,,1.3995472962136506,0.0007489580403957361,22.184560331282473,0.9
30,2016-09-20,bad_038,bad,True,False,,,,,10.5,12.0,11.0,12.0,0.4782608695652174,0.5110160869103832,0.5207817556258485,0.48822952657429786,,,,1.3112084825586174,0.000631592268951683,20.390648387013584,0.95
30,2016-09-20,bad_039,bad,False,False,,success,0.8200000000000002,1.4226962055028594,10.5,10.0,11.0,10.0,0.5238095238095238,0.3624996823342286,0.3572344667490117,0.37478518536640143,,,,0.26552190164593786,0.00017488877730565717,4.186101049601185,0.6
30,2016-09-20,bad_040,bad,False,False,,success,0.9700000000000001,3.829912965969868,9.0,11.0,9.5,11.0,0.4634146341463415,0.4877712783616831,0.480128223291983,0.5056050735243167,,,,1.1104769775055416,0.0005758794947795007,17.74703572892836,0.9
30,2016-09-20,bad_041,bad,False,True,True,,,,12.5,10.0,13.5,10.0,0.574468085106383,0.48754118783132766,0.4820956746686055,0.5002473852110129,0.6122448979591837,0.9879809420746016,0.0004908349134875076,0.9879812209960454,0.0004908349134875076,15.751097482171431,0.8
30,2016-09-20,bad_042,bad,False,False,,failure,0.5100000000000001,-3.613540717087986,8.0,10.0,8.0,10.0,0.4444444444444444,0.43976383726565366,0.5082097795872599,0.2800566385152392,,,,1.1718308900304444,0.0006331322935578049,18.46548137593035,0.9
30,2016-09-20,bad_043,bad,False,False,,failure,0.5100000000000001,-0.4227636844769762,9.0,9.0,9.0,9.0,0.5,0.4150871549218732,0.33679891723552075,0.5977597095233624,,,,0.45750991644561867,0.0003866069991046271,7.325000466719658,0.65
30,2016-09-20,bad_044,bad,True,False,,,,,7.5,11.0,7.5,11.0,0.40540540540540543,0.5420446482319036,0.48878698880571014,0.666312520226355,,,,0.7488784178282836,0.0005249866590887725,11.9176896649853,0.8
30,2016-09-20,bad_045,bad,True,False,,,,,8.5,11.0,9.0,11.0,0.45,0.5186075990530518,0.505453853892919,0.5492996710933619,,,,1.0397372780483447,0.0005573266219053635,16.440581168475013,0.95
30,2016-09-20,bad_046,bad,False,False,,failure,0.39000000000000007,-0.8992581992431639,8.5,12.0,8.5,12.0,0.4146341463414634,0.49313445232184683,0.498450846311863,0.4807295330118094,,,,1.005612164528714,0.00048625514244641095,15.943596678496707,0.85
30,2016-09-20,bad_047,bad,False,False,,failure,0.36000000000000004,-1.5379007387584522,12.0,14.0,12.0,14.0,0.46153846153846156,0.4485533658970047,0.4413035809506849,0.46546953077175074,,,,0.3210675328219499,0.0002058087004846798,4.944414133349186,0.65
30,2016-09-20,bad_048,bad,False,False,,failure,0.39000000000000007,-2.66758519259362,9.5,10.0,9.5,10.0,0.48717948717948717,0.35189176070824174,0.29476549471749575,0.4851863813533157,,,,0.11808590807904353,7.914955850082413e-05,2.0588052880600105,0.45
30,2016-09-20,bad_049,bad,False,True,True,,,,10.0,11.0,11.0,11.0,0.5,0.4634507670464857,0.487821431465573,0.4065858834019487,0.2857142857142857,1.319532562195558,0.0007463915929859951,1.3195328922947847,0.0007463915929859951,21.027741470523463,0.9
31,2016-10-19,good_000,good,True,True,True,,,,27.5,11.0,28.5,11.0,0.7215189873417721,0.585942592384975,0.5715740299434753,0.6194692380818081,0.16326530612244897,1.8080835675519131,0.000890013109984666,1.8080840844026855,0.000890013109984666,28.840225570543833,0.9
31,2016-10-19,good_001,good,True,True,True,,,,27.0,11.0,28.0,11.0,0.717948717948718,0.5780832701251617,0.5247131267346654,0.7026136047029865,0.2653061224489796,1.4099961504188816,0.0006988377265951767,1.4099965540913812,0.0006988377265951767,22.29860019900092,0.9
31,2016-10-19,good_002,good,True,True,True,,,,29.0,9.0,30.0,9.0,0.7692307692307693,0.5808759592060537,0.5123857960165759,0.7406863399815025,0.46938775510204084,1.2681904845261303,0.0005247919597139743,1.2681909120033943,0.0005247919597139743,19.778575568045454,0.8
31,2016-10-19,good_003,good,True,True,True,,,,31.0,8.0,32.0,8.0,0.8,0.6521668709187549,0.5412641824539736,0.9109398106699115,0.4489795918367347,1.2883007177567312,0.0008061487337983052,1.2883010064857294,0.0008061487337983052,20.46147048397553,0.9
31,2016-10-19,good_004,good,True,True,True,,,,29.0,10.0,30.0,10.0,0.75,0.5909672237960066,0.5713326540398763,0.636781219893644,0.04081632653061224,2.1122362889792297,0.0009218505530257093,2.1122369681303876,0.0009218505530257093,33.63503607840694,1.0
31,2016-10-19,good_005,good,True,True,True,,,,29.5,9.0,30.5,9.0,0.7721518987341772,0.6002618749521569,0.5241235104414066,0.7779180588105741,0.10204081632653061,1.8793498970982343,0.0007603376928471772,1.8793505547920952,0.0007603376928471772,29.556938443818943,1.0
31,2016-10-19,good_006,good,True,True,True,,,,29.0,9.0,30.0,9.0,0.7692307692307693,0.6363069688725338,0.6031294105382304,0.7137212716525749,0.0,2.877813217989422,0.0010087256369826045,2.87781437372631,0.0010087256369826045,44.97814846223113,1.0
31,2016-10-19,good_007,good,True,True,True,,,,26.5,11.0,27.5,11.0,0.7142857142857143,0.6129129266730847,0.5919015800527144,0.6619394021206154,0.02040816326530612,2.7937457103092145,0.0009208688376315567,2.7937468993587085,0.0009208688376315567,44.54020250577529,1.0
31,2016-10-19,good_008,good,True,True,True,,,,26.0,12.0,27.0,12.0,0.6923076923076923,0.6156201338289281,0.5562664860612095,0.7541119786202717,0.08163265306122448,1.9772427223341498,0.0008721026301680959,1.9772433488520709,0.0008721026301680959,31.59000895857465,0.95
31,2016-10-19,good_009,good,True,True,True,,,,32.0,6.0,33.0,6.0,0.8461538461538461,0.6543581866789567,0.5347772139491654,0.9333804563818033,0.6326530612244898,0.9523769963184255,0.0005581016498829052,0.9523772281179655,0.0005581016498829052,15.362370567371698,0.85
31,2016-10-19,good_010,good,True,True,True,,,,36.0,3.0,37.0,3.0,0.925,0.6832935539442848,0.5647391887048119,0.9599204061697221,0.3469387755102041,1.3196942137883183,0.0007997522271697054,1.319694519909993,0.0007997522271697054,21.202481556521285,0.85
31,2016-10-19,good_011,good,True,True,True,,,,29.5,9.0,30.5,9.0,0.7721518987341772,0.6485142731653759,0.5515125458440094,0.874851636915231,0.5306122448979592,1.173655431508162,0.0007593057484781193,1.1736556871496344,0.0007593057484781193,18.659637690474025,0.85
31,2016-10-19,good_012,good,True,True,True,,,,31.0,8.0,32.0,8.0,0.8,0.6355271743568718,0.5280697004768343,0.8862612800769595,0.061224489795918366,1.9838786718713441,0.0009627089858296439,1.9838792419324158,0.0009627089858296439,32.20634220210572,0.95
31,2016-10-19,good_013,good,True,False,,,,,25.0,13.0,25.0,13.0,0.6578947368421053,0.5162583248810988,0.4988033515571121,0.5569865959704012,,,,1.62712520274669,0.0008004014711616014,25.80071807020206,0.9
31,2016-10-19,good_014,good,True,True,True,,,,29.0,9.0,30.0,9.0,0.7692307692307693,0.6513408889281729,0.5850521797085363,0.8060145437739918,0.12244897959183673,1.8776658176375298,0.0009458795538473447,1.877666340705556,0.0009458795538473447,29.62164532832717,1.0
31,2016-10-19,good_015,good,True,True,True,,,,27.5,11.0,28.5,11.0,0.7215189873417721,0.5708919018732292,0.4685480622229494,0.8096941943905488,0.5510204081632653,1.1501269946097887,0.0005565977896568861,1.1501273298492092,0.0005565977896568861,18.60503452381192,0.85
31,2016-10-19,good_016,good,True,True,True,,,,34.0,5.0,35.0,5.0,0.875,0.6328122268652714,0.5365995000994876,0.8573085893187672,0.5918367346938775,1.0013760759523886,0.0005027803820511918,1.0013763579694455,0.0005027803820511918,16.09412109999976,0.8
31,2016-10-19,good_017,good,True,True,True,,,,31.0,8.0,32.0,8.0,0.8,0.5949007801367201,0.5138336460785823,0.7840574262723753,0.6938775510204082,0.8680641187378911,0.00047087629187466014,0.8680643397804759,0.00047087629187466014,13.820042148547364,0.8
31,2016-10-19,good_018,good,True,True,True,,,,29.0,10.0,30.0,10.0,0.75,0.5813766485968016,0.4840422181996673,0.8084903195234484,0.42857142857142855,1.3043657549942704,0.0008195136483876587,1.3043660442516598,0.0008195136483876587,20.213344065225883,0.9
31,2016-10-19,good_019,good,True,True,True,,,,31.0,8.0,32.0,8.0,0.8,0.6299462848094275,0.5535294379893502,0.8082522607229411,0.2857142857142857,1.3906536883916256,0.0008671550373082753,1.390654002288659,0.0008671550373082753,21.963910479684966,0.85
31,2016-10-19,medium_000,medium,False,False,,success,0.8500000000000002,1.217863957864381,18.5,15.0,19.0,15.0,0.5588235294117647,0.46610182043024384,0.39823236159918,0.6244638910360595,,,,1.0593468217160953,0.0005604179262287039,16.614135090718246,0.8
31,2016-10-19,medium_001,medium,False,True,False,,,,23.0,12.0,23.0,13.0,0.6388888888888888,0.49023596326647834,0.42730347143351055,0.63707844421007,0.7755102040816326,0.7377352483786855,0.00037205525984197524,0.7377354544391636,0.00037205525984197524,11.706185451317717,0.85
31,2016-10-19,medium_002,medium,False,True,False,,,,22.0,12.0,22.0,13.0,0.6285714285714286,0.4159695946327314,0.3493388094876983,0.5714414266378086,0.9591836734693877,0.35150213870021246,0.000222360326476984,0.3515022156002713,0.000222360326476984,5.510724017121778,0.55
31,2016-10-19,medium_003,medium,True,True,False,,,,22.0,14.0,22.0,15.0,0.5945945945945946,0.5042222915534312,0.4662315182621257,0.5928674292331442,0.7346938775510204,0.8004979838526316,0.0004395416851664287,0.8004981883424144,0.0004395416851664287,12.680352554519473,0.8
31,2016-10-19,medium_004,medium,True,True,True,,,,22.5,12.0,23.5,12.0,0.6619718309859155,0.5686888278912213,0.5209671192022418,0.6800394814988403,0.3877551020408163,1.3113027269284383,0.0006433791544352022,1.3113031062417577,0.0006433791544352022,21.115576444150776,0.9
31,2016-10-19,medium_005,medium,False,True,False,,,,21.0,12.0,21.0,13.0,0.6176470588235294,0.4567233063709766,0.39629924400488237,0.5977127852251966,0.8367346938775511,0.6849496753560416,0.00040196100654902363,0.6849498405945866,0.00040196100654902363,10.967165894105312,0.8
31,2016-10-19,medium_006,medium,True,False,,,,,20.0,14.0,20.0,14.0,0.5882352941176471,0.5144848860687934,0.5047236736205213,0.5372610484480949,,,,1.1309049257014152,0.0005139274767571505,18.11809868575154,0.8
31,2016-10-19,medium_007,medium,False,True,False,,,,14.5,14.0,14.5,15.0,0.4915254237288136,0.43575257769068365,0.47416564143954,0.346122095610019,0.9183673469387755,0.4164064466366765,0.0002782103335805856,0.41640653239035236,0.0002782103335805856,6.517126881979718,0.65
31,2016-10-19,medium_008,medium,False,True,False,,,,18.0,15.0,18.0,16.0,0.5294117647058824,0.4602941528854635,0.43838807472110686,0.5114083352689623,0.7959183673469388,0.7364434613450298,0.0005136379149042849,0.7364436122583444,0.0005136379149042849,11.731273493386281,0.7
31,2016-10-19,medium_009,medium,True,True,True,,,,23.0,12.0,24.0,12.0,0.6666666666666666,0.6352072598386966,0.5378093015188423,0.8624691625850235,0.14285714285714285,1.822504693904134,0.0008293019368966498,1.8225052509631277,0.0008293019368966498,29.110062348085116,0.95
31,2016-10-19,medium_010,medium,True,False,,,,,17.5,16.0,17.5,16.0,0.5223880597014925,0.510139937149723,0.5317146996192876,0.4597988247207389,,,,1.4686611475588056,0.0006951855072459908,23.169985395979275,0.9
31,2016-10-19,medium_011,medium,True,True,True,,,,16.0,13.0,17.0,13.0,0.5666666666666667,0.5274670432246777,0.5390051129138671,0.5005448806165694,0.40816326530612246,1.3095373881432177,0.000627865683533285,1.3095377752699395,0.000627865683533285,20.802661122670305,0.9
31,2016-10-19,medium_012,medium,False,False,,success,0.8200000000000002,0.6698439809656378,21.0,14.0,21.5,14.0,0.6056338028169014,0.42275289616098133,0.4369758283276169,0.3895660544388317,,,,0.689460837158475,0.00039130564530941045,10.987856125365726,0.8
31,2016-10-19,medium_013,medium,True,True,True,,,,15.0,12.0,16.0,12.0,0.5714285714285714,0.531502660007338,0.5013738132194456,0.6018033025124203,0.22448979591836735,1.558932688512577,0.000840486529725405,1.5589330933005947,0.000840486529725405,24.91583042831316,0.95
31,2016-10-19,medium_014,medium,True,False,,,,,21.5,11.0,22.0,11.0,0.6666666666666666,0.5713844396455325,0.5595621237099024,0.598969843495336,,,,3.0217666650518695,0.0009200391273706747,48.32389560612209,1.0
31,2016-10-19,medium_015,medium,False,True,False,,,,19.5,11.0,19.5,12.0,0.6190476190476191,0.48041768438097976,0.46775416745653065,0.5099658905380279,0.8163265306122449,0.6862581451027787,0.00039342341879160275,0.6862583130033918,0.00039342341879160275,10.905607386087533,0.7
31,2016-10-19,medium_016,medium,True,True,True,,,,21.5,15.0,22.5,15.0,0.6,0.4978685134061116,0.48485159314665394,0.5282413273448462,0.5714285714285714,1.112652912827282,0.0005165657446878746,1.1126532495558936,0.0005165657446878746,17.547988204287595,0.95
31,2016-10-19,medium_017,medium,False,False,,success,0.9400000000000001,6.252496805087077,14.0,15.0,14.5,15.0,0.4915254237288136,0.3688782497417781,0.3783520336202848,0.34677275402526236,,,,0.6778607764778728,0.0003880486060215555,10.67632466258387,0.75
31,2016-10-19,medium_018,medium,True,True,False,,,,23.5,14.0,23.5,15.0,0.6103896103896104,0.5743870064930475,0.5049697475258142,0.7363606107499252,0.7142857142857143,0.8647707285263921,0.0005571085226918409,0.8647709173378547,0.0005571085226918409,13.800103795961844,0.8
31,2016-10-19,medium_019,medium,True,False,,,,,16.0,15.0,16.0,15.0,0.5161290322580645,0.5010195965673354,0.49311768884491064,0.5194573812529933,,,,1.127189279339006,0.00039934989602422684,17.925974577836516,0.85
31,2016-10-19,medium_020,medium,True,True,True,,,,20.5,13.0,21.5,13.0,0.6231884057971014,0.5076514152957603,0.49614822607559383,0.5344921901428155,0.24489795918367346,1.4302932836890871,0.0007785225072214983,1.43029365068739,0.0007785225072214983,22.536441987817742,0.95
31,2016-10-19,medium_021,medium,True,True,False,,,,19.5,13.0,19.5,14.0,0.582089552238806,0.5281734465738462,0.4875176191872977,0.6230370438091264,0.8979591836734694,0.4347427672920316,0.0003770917459975457,0.4347428390080898,0.0003770917459975457,6.99903153813854,0.6
31,2016-10-19,medium_022,medium,True,True,True,,,,24.5,13.0,25.5,13.0,0.6623376623376623,0.5396918459665795,0.5020553005341613,0.6275104519755557,0.1836734693877551,1.6289225785536634,0.000793253845886791,1.6289230461914084,0.000793253845886791,26.123390296664894,0.9
31,2016-10-19,medium_023,medium,True,True,True,,,,19.5,15.0,20.5,15.0,0.5774647887323944,0.5749606957726686,0.5185345362007783,0.7066217347737462,0.6122448979591837,0.9691721562097676,0.0005907809189130447,0.9691723823802432,0.0005907809189130447,15.573873086810073,0.85
31,2016-10-19,medium_024,medium,True,False,,,,,20.0,13.0,20.0,13.0,0.6060606060606061,0.5357087810059415,0.48029674867244765,0.6650035231174276,,,,0.6829630799162206,0.00043208452123739554,10.913279921680001,0.65
31,2016-10-19,medium_025,medium,True,True,True,,,,18.0,16.0,19.0,16.0,0.5428571428571428,0.5335199989658812,0.5491344026201992,0.4970863904391394,0.32653061224489793,1.3262247844078696,0.000748357338911415,1.326225114752145,0.000748357338911415,20.841162804411457,0.85
31,2016-10-19,medium_026,medium,True,True,True,,,,24.5,11.0,25.5,11.0,0.6986301369863014,0.49983975681185044,0.4465119022074143,0.6242714175555348,0.673469387755102,0.9151418158741063,0.00044298340338141403,0.9151420796726657,0.00044298340338141403,14.406719266531226,0.85
31,2016-10-19,medium_027,medium,False,False,,success,0.9400000000000001,3.7551422431777866,13.5,12.0,14.0,12.0,0.5384615384615384,0.4806584544298659,0.44026462134819977,0.5749107316204203,,,,0.8341227453119908,0.00044408079996068327,12.94881294447347,0.75
31,2016-10-19,medium_028,medium,True,True,True,,,,20.0,13.0,21.0,13.0,0.6176470588235294,0.5597826304229913,0.5236652632009778,0.6440564872743558,0.3673469387755102,1.3175153057430293,0.0006840082706460421,1.3175156647603774,0.0006840082706460421,21.08030584623295,0.95
31,2016-10-19,medium_029,medium,False,False,,failure,0.5100000000000001,-7.534484978792747,18.5,14.0,18.5,14.0,0.5692307692307692,0.34802315219824037,0.3413838257206668,0.3635149139792455,,,,0.2079693296027667,0.00010291607217382005,3.2666908143039493,0.6
31,2016-10-19,bad_000,bad,False,False,,success,0.9400000000000001,3.977481210916082,14.5,15.0,15.0,15.0,0.5,0.48424306251616306,0.49421390873701987,0.46097775466749724,,,,1.0194621014536718,0.000676195933701514,16.12176513996899,0.85
31,2016-10-19,bad_001,bad,True,False,,,,,10.5,11.0,11.0,11.0,0.5,0.5116797319771692,0.5107543881427177,0.5138388675908894,,,,0.8944041874404445,0.0005055844947889644,14.413989793079551,0.8
31,2016-10-19,bad_002,bad,False,False,,failure,0.5100000000000001,-0.7662479415475474,8.0,10.0,8.0,10.0,0.4444444444444444,0.43495131708410495,0.4234941169466302,0.4616847840715463,,,,0.5083853139448568,0.00033340173700245704,8.117004516834239,0.65
31,2016-10-19,bad_003,bad,False,True,False,,,,11.0,12.0,11.0,13.0,0.4583333333333333,0.41043271444801943,0.4074710049299518,0.4173433699901771,0.9387755102040817,0.4111348116942792,0.00023037318017062142,0.4111349141116273,0.00023037318017062142,6.439710755570791,0.7
31,2016-10-19,bad_004,bad,False,False,,success,0.8200000000000002,4.771879214603004,9.5,11.0,10.0,11.0,0.47619047619047616,0.3841259110592453,0.35145043445244323,0.46036868980845025,,,,0.5372621409233244,0.0001635346239670593,8.511760771045159,0.8
31,2016-10-19,bad_005,bad,False,False,,success,0.9400000000000001,4.0275052234268855,6.0,10.0,6.5,10.0,0.3939393939393939,0.4645452722605054,0.46502698790510266,0.4634212690897786,,,,0.9108558252261871,0.0004788540922637427,14.68792815940051,0.85
31,2016-10-19,bad_006,bad,False,False,,failure,0.5100000000000001,-3.1107072381769854,10.5,15.0,10.5,15.0,0.4117647058823529,0.47899791090209953,0.4347312492327444,0.5822867881305948,,,,0.38957432873736814,0.0002488244094789912,6.116960860052312,0.7
31,2016-10-19,bad_007,bad,False,False,,failure,0.5100000000000001,-2.8325561326885946,10.0,10.0,10.0,10.0,0.5,0.37358450963412804,0.3974350459857353,0.31793325814704454,,,,0.3723293471808008,0.00019597023369193083,6.081146151098637,0.8
31,2016-10-19,bad_008,bad,False,True,False,,,,6.5,8.0,6.5,9.0,0.41935483870967744,0.46422586497998736,0.527684990819675,0.31615457135404956,0.7551020408163265,0.7399669326907071,0.0006461485450553695,0.7399670520835057,0.0006461485450553695,11.689985683612559,0.75
31,2016-10-19,bad_009,bad,False,False,,failure,0.5400000000000001,-1.8556047102184294,9.5,12.0,9.5,12.0,0.4418604651162791,0.48812862779834565,0.49360482675537776,0.47535083023193736,,,,1.478092435343716,0.000741441611608429,23.465592473598633,0.85
31,2016-10-19,bad_010,bad,True,False,,,,,9.5,14.0,10.0,14.0,0.4166666666666667,0.5186237876480871,0.5718680326906294,0.3943872158821554,,,,2.1358404939115654,0.0009366115030635492,33.55231821450188,0.95
31,2016-10-19,bad_011,bad,False,True,False,,,,7.5,10.0,7.5,11.0,0.40540540540540543,0.42599710572356725,0.40368613701238565,0.4780560327163243,0.8775510204081632,0.45274729855423984,0.0002889705587582289,0.45274739796592867,0.0002889705587582289,7.168179227797161,0.65
31,2016-10-19,bad_012,bad,False,True,False,,,,10.5,11.0,10.5,12.0,0.4666666666666667,0.4510495088049954,0.4076540578766311,0.5523055609711787,1.0,0.2355790608412839,0.00014774114184586107,0.235579115309803,0.00014774114184586107,3.8680741955986973,0.65
31,2016-10-19,bad_013,bad,True,False,,,,,13.0,13.0,13.5,13.0,0.5094339622641509,0.5041574121058586,0.46480828786245876,0.5959720353404584,,,,1.2609318867175034,0.0006135082727740193,19.775838832171214,0.9
31,2016-10-19,bad_014,bad,False,False,,success,0.9400000000000001,5.232076836600541,6.5,9.0,7.0,9.0,0.4375,0.4204292443200768,0.43300902250802764,0.3910764285481916,,,,0.9531215786570356,0.0005084195572171105,15.066770452231992,0.85
31,2016-10-19,bad_015,bad,False,False,,failure,0.39000000000000007,-1.7038493848708214,8.5,10.0,8.5,10.0,0.4594594594594595,0.46500834560652093,0.37198133343336875,0.6820713740105429,,,,0.581630982666308,0.00032979913202109683,9.166512236476148,0.65
31,2016-10-19,bad_016,bad,True,True,True,,,,9.0,11.0,10.0,11.0,0.47619047619047616,0.5117011800855176,0.48360951682333986,0.5772483943639325,0.6530612244897959,0.9275042115332622,0.0004932340883936778,0.9275044583113803,0.0004932340883936778,14.600233612803436,0.85
31,2016-10-19,bad_017,bad,False,False,,success,0.8200000000000002,2.1084629400969135,9.0,12.0,9.5,12.0,0.4418604651162791,0.368634944622589,0.42262637426537353,0.24265494212275845,,,,0.5101356142845055,0.00026282987822442283,8.232988185332177,0.7
31,2016-10-19,bad_018,bad,True,False,,,,,12.0,12.0,12.5,12.0,0.5102040816326531,0.5077838247322604,0.48021368459291414,0.5721141517240683,,,,1.2940047220419286,0.0006282950452611913,20.355406866304396,0.95
31,2016-10-19,bad_019,bad,False,False,,success,0.8200000000000002,0.8786584227037508,11.0,14.0,11.5,14.0,0.45098039215686275,0.36648354846191855,0.31824409169339307,0.47904228092181145,,,,0.2639868850539028,0.00017203832174838418,4.157809596152874,0.5
31,2016-10-19,bad_020,bad,False,False,,success,0.8200000000000002,0.9578412237331975,11.0,11.0,11.5,11.0,0.5111111111111111,0.4647983800172061,0.47163345536088064,0.4488498708819654,,,,1.2533615152374984,0.0007315104323372711,19.94354475262278,0.8
31,2016-10-19,bad_021,bad,False,False,,success,0.9400000000000001,0.3859961277870809,9.5,13.0,10.0,13.0,0.43478260869565216,0.4082736612992815,0.38677841321624573,0.4584292401596985,,,,0.5409349395806683,0.0003162826915574632,8.412783719523434,0.7
31,2016-10-19,bad_022,bad,False,False,,success,0.9400000000000001,1.5989649950755478,10.0,11.0,10.5,11.0,0.4883720930232558,0.4796815040665219,0.4953036612036342,0.44322980407992657,,,,0.842162958087442,0.0005160664915524402,13.187409688573986,0.8
31,2016-10-19,bad_023,bad,False,True,False,,,,9.0,12.0,9.0,13.0,0.4090909090909091,0.3717225929600719,0.3909592769807213,0.3268369969118899,0.9795918367346939,0.3146284174415985,0.0001733282635408173,0.3146284954778655,0.0001733282635408173,4.806917624103773,0.75
31,2016-10-19,bad_024,bad,False,False,,failure,0.5100000000000001,-2.1624764229329685,10.5,11.0,10.5,11.0,0.4883720930232558,0.4469410546937962,0.46122477147064045,0.41361238221449315,,,,0.6399777840702774,0.0004951873503422509,10.25969486232946,0.7
31,2016-10-19,bad_025,bad,False,False,,failure,0.48000000000000004,-5.5903142321954675,9.0,10.0,9.0,10.0,0.47368421052631576,0.2952260409301555,0.22700944385199534,0.45439810077919596,,,,-0.1940801422557958,-0.0001135422355807509,-3.009514948451572,0.4
31,2016-10-19,bad_026,bad,False,False,,success,0.9400000000000001,3.314068900584161,7.5,11.0,8.0,11.0,0.42105263157894735,0.44384209862612056,0.47329051675323563,0.37512912299618556,,,,0.7152967663098702,0.0004986720342125712,11.422186140088199,0.7
31,2016-10-19,bad_027,bad,False,False,,success,0.7000000000000001,0.045930565605459606,7.5,10.0,8.0,10.0,0.4444444444444444,0.4582722925755847,0.45532803124210336,0.46514223568704127,,,,0.41890399863485767,0.00030064020822151617,6.824213267372979,0.7
31,2016-10-19,bad_028,bad,False,False,,success,0.9400000000000001,0.7163133423532457,8.5,10.0,9.0,10.0,0.47368421052631576,0.4116103605049066,0.4179911383236711,0.3967218789277896,,,,0.6774045911907831,0.0004029713209340732,10.583747497800191,0.8
31,2016-10-19,bad_029,bad,False,False,,failure,0.5100000000000001,-5.726133384113908,11.5,13.0,11.5,13.0,0.46938775510204084,0.35348605315426285,0.33776979295968745,0.39015732694160554,,,,0.41243754191116855,0.000228609304758671,6.42145740901576,0.7
31,2016-10-19,bad_030,bad,False,False,,failure,0.5100000000000001,-2.4406677587753904,9.0,11.0,9.0,11.0,0.45,0.4077344842955818,0.42960571346090204,0.356701616243168,,,,0.5795943656030242,0.00042156825431685684,9.195947315079207,0.8
31,2016-10-19,bad_031,bad,False,True,False,,,,13.5,10.0,13.5,11.0,0.5510204081632653,0.490991345086761,0.44770677431718886,0.5919886768824296,0.8571428571428571,0.5015451052148321,0.0003004593288367139,0.5015452210531676,0.0003004593288367139,7.793248041531336,0.65
31,2016-10-19,bad_032,bad,False,False,,success,0.9400000000000001,2.415525032461673,8.0,10.0,8.5,10.0,0.4594594594594595,0.430504314906139,0.46427615719494,0.3517033495656034,,,,0.8559666009750263,0.0005038874136923942,13.569602605555403,0.75
31,2016-10-19,bad_033,bad,True,True,True,,,,6.0,11.0,7.0,11.0,0.3888888888888889,0.5576541361150615,0.5635186245108192,0.5439703298582937,0.30612244897959184,1.3712990680215782,0.0006671140930644957,1.371299464767104,0.0006671140930644957,21.663444550360826,0.8
31,2016-10-19,bad_034,bad,False,False,,failure,0.36000000000000004,-0.3012779155526033,9.5,11.0,9.5,11.0,0.4634146341463415,0.3462937818938444,0.3024950775975834,0.4484907585851201,,,,0.37579017440128454,0.00023338701609894137,5.834468427754684,0.7
31,2016-10-19,bad_035,bad,False,False,,success,0.9400000000000001,0.45826082300102655,9.0,11.0,9.5,11.0,0.4634146341463415,0.4907989844759274,0.5210270163336991,0.4202669101411269,,,,1.21405563447396,0.0006457207737747556,19.476617212963536,0.9
31,2016-10-19,bad_036,bad,True,False,,,,,9.0,11.0,9.5,11.0,0.4634146341463415,0.5444671361171443,0.509683717589366,0.6256284460152933,,,,1.0968133442728434,0.0006062339438810889,17.356906937097786,0.8
31,2016-10-19,bad_037,bad,False,False,,success,0.8500000000000002,2.895758406045985,5.0,10.0,5.5,10.0,0.3548387096774194,0.48629985976451745,0.5941607693579325,0.23462440404654913,,,,2.3180883314992515,0.000828387740736196,37.16714184031685,0.9
31,2016-10-19,bad_038,bad,True,True,True,,,,11.0,12.0,12.0,12.0,0.5,0.5678317764563755,0.5829794090699649,0.5324873003580004,0.20408163265306123,1.6030470276329458,0.000830562321207298,1.603047460997724,0.000830562321207298,25.42734178151046,0.95
31,2016-10-19,bad_039,bad,False,False,,success,0.9400000000000001,1.3587962333315886,11.0,10.0,11.5,10.0,0.5348837209302325,0.44437643242815755,0.4415559749786572,0.4509574998103251,,,,1.0550212187278476,0.0006567146723283284,16.789484322135774,0.8
31,2016-10-19,bad_040,bad,False,False,,success,0.8200000000000002,1.7974840159412366,9.5,11.0,10.0,11.0,0.47619047619047616,0.4843428734115097,0.4354140431572947,0.5985101440046783,,,,0.5368876295810779,0.000316451125952415,8.356604744116611,0.7
31,2016-10-19,bad_041,bad,True,False,,,,,13.5,10.0,14.0,10.0,0.5833333333333334,0.5721309889151538,0.5660541984642486,0.5863101666339325,,,,1.424699471112934,0.0007541614714593214,22.398500280813792,0.95
31,2016-10-19,bad_042,bad,False,False,,success,0.9700000000000001,5.889928099398759,8.0,10.0,8.5,10.0,0.4594594594594595,0.486803002888703,0.5483021502834977,0.34330499230084877,,,,2.209707729550233,0.0008900004202394216,35.466065017916115,1.0
31,2016-10-19,bad_043,bad,True,False,,,,,9.0,9.0,9.5,9.0,0.5135135135135135,0.5657477695261358,0.5337607617673557,0.6403841209632894,,,,1.1971509210278921,0.0006319543719304996,19.038817262117455,0.85
31,2016-10-19,bad_044,bad,False,True,True,,,,7.5,11.0,8.5,11.0,0.4358974358974359,0.4466876103901438,0.48226976809140165,0.3636625757538757,0.5102040816326531,1.2320045116172826,0.0006176664386358219,1.2320048514271495,0.0006176664386358219,19.321628655369306,0.85
31,2016-10-19,bad_045,bad,True,True,False,,,,9.0,11.0,9.0,12.0,0.42857142857142855,0.5198625810102772,0.49982034105490386,0.5666278075728148,0.4897959183673469,1.2435038911744296,0.0006676301580919147,1.2435042158534564,0.0006676301580919147,19.802059395975114,0.85
31,2016-10-19,bad_046,bad,False,False,,failure,0.39000000000000007,-3.467149854801761,8.5,12.0,8.5,12.0,0.4146341463414634,0.3244074170266618,0.33826026245460866,0.29208411102811926,,,,0.4077914521660283,0.00022948857185813829,6.311324507946439,0.55
31,2016-10-19,bad_047,bad,False,False,,failure,0.39000000000000007,-1.7335979895016465,12.0,14.0,12.0,14.0,0.46153846153846156,0.4747346485820793,0.49594094509605113,0.4252532900494784,,,,1.548724083558351,0.0007847919563020068,24.620514618956616,0.95
31,2016-10-19,bad_048,bad,False,False,,success,0.91,0.38735585119162863,9.5,10.0,10.0,10.0,0.5,0.3581491207737365,0.34739745656855103,0.3832363372525026,,,,0.5714016730609671,0.0002984280370925881,8.941702257420102,0.7
31,2016-10-19,bad_049,bad,False,False,,failure,0.39000000000000007,-7.2969122776831625,11.0,11.0,11.0,11.0,0.5,0.42055200101349827,0.3681749273666608,0.5427651728561191,,,,0.3514037659080103,0.00030102535396236984,5.622906514814583,0.6
32,2016-11-17,good_000,good,True,True,True,,,,28.5,11.0,29.5,11.0,0.7283950617283951,0.6389959329127104,0.579284935428539,0.7783215937091105,0.24489795918367346,1.8677007768736837,0.0008774780227751497,1.8677013435466387,0.0008774780227751497,29.36421122889166,0.95
32,2016-11-17,good_001,good,True,True,True,,,,28.0,11.0,29.0,11.0,0.725,0.5870276635058815,0.5710694823996381,0.6242634194204497,0.1836734693877551,2.0299711976561476,0.0008235201680027575,2.0299719073194424,0.0008235201680027575,32.61769419385021,1.0
32,2016-11-17,good_002,good,True,True,True,,,,30.0,9.0,31.0,9.0,0.775,0.6593649687322236,0.6215371200405966,0.7476299490126868,0.02040816326530612,2.652381201175359,0.0010642672553902977,2.652382146393323,0.0010642672553902977,41.66449209749923,1.0
32,2016-11-17,good_003,good,True,True,True,,,,32.0,8.0,33.0,8.0,0.8048780487804879,0.5927436073090336,0.5169663131480932,0.7695572936845614,0.5918367346938775,1.224342781070061,0.0007035062932147884,1.2243430843423535,0.0007035062932147884,19.41290527542566,0.85
32,2016-11-17,good_004,good,True,True,True,,,,30.0,10.0,31.0,10.0,0.7560975609756098,0.6457167175462469,0.5815925263447109,0.795339830349831,0.3469387755102041,1.6195103572120537,0.0008511043539448605,1.6195107961241728,0.0008511043539448605,25.85982774374266,0.9
32,2016-11-17,good_005,good,True,True,True,,,,30.5,9.0,31.5,9.0,0.7777777777777778,0.6188477584516642,0.5488768839665767,0.7821131322502015,0.5510204081632653,1.2718994514867923,0.0008029896953697551,1.2718997354384238,0.0008029896953697551,20.118159035094102,0.85
32,2016-11-17,good_006,good,True,True,False,,,,30.0,9.0,30.0,10.0,0.75,0.5607243288156414,0.4373395902317869,0.8486220521779687,0.7959183673469388,0.7410609128833452,0.0004296845690049926,0.7410610960525477,0.0004296845690049926,11.798793365918382,0.8
32,2016-11-17,good_007,good,True,True,True,,,,27.5,11.0,28.5,11.0,0.7215189873417721,0.6131229164258041,0.5491054321948259,0.7624970462980867,0.5714285714285714,1.2672736603382742,0.0007741706667855442,1.2672739566273432,0.0007741706667855442,20.09852638962185,0.9
32,2016-11-17,good_008,good,True,True,True,,,,27.0,12.0,28.0,12.0,0.7,0.5584194115614146,0.5322677062123148,0.619440057375981,0.3673469387755102,1.55324408559854,0.0008154721809225711,1.5532445088456992,0.0008154721809225711,24.90731876488415,0.9
32,2016-11-17,good_009,good,True,True,True,,,,33.0,6.0,34.0,6.0,0.85,0.6198558788342166,0.5278064323504639,0.8346379206296393,0.3877551020408163,1.5422778543828297,0.0006290490053520654,1.5422783992361306,0.0006290490053520654,24.509850391795524,0.95
32,2016-11-17,good_010,good,True,True,True,,,,37.0,3.0,38.0,3.0,0.926829268292683,0.6787445444408158,0.5567965808594642,0.9632897927973031,0.10204081632653061,2.1907242860979848,0.0009802572189123587,2.1907249888050067,0.0009802572189123587,34.72905137346814,0.95
32,2016-11-17,good_011,good,True,True,True,,,,30.5,9.0,31.5,9.0,0.7777777777777778,0.6274309832165791,0.5272667106910776,0.8611476191094161,0.5102040816326531,1.3435458167834395,0.0008146904748331469,1.343546131488557,0.0008146904748331469,21.485971785468866,0.85
32,2016-11-17,good_012,good,True,True,True,,,,32.0,8.0,33.0,8.0,0.8048780487804879,0.6370596064397815,0.5654576896219516,0.8041307456813847,0.12244897959183673,2.143281710162861,0.0009426100084393603,2.143282402581859,0.0009426100084393603,34.11250419607352,1.0
32,2016-11-17,good_013,good,True,True,False,,,,25.0,13.0,25.0,14.0,0.6410256410256411,0.5695870952531283,0.515749542167995,0.6952080524517731,0.7551020408163265,0.9714108901510291,0.0005753119156682338,0.9714111245117116,0.0005753119156682338,15.443936960281365,0.8
32,2016-11-17,good_014,good,True,True,True,,,,30.0,9.0,31.0,9.0,0.775,0.653127237875851,0.6480235717727196,0.6650357921164911,0.0,4.290441768575061,0.001144812613432308,4.290444068465785,0.001144812613432308,66.78284331797808,1.0
32,2016-11-17,good_015,good,True,True,True,,,,28.5,11.0,29.5,11.0,0.7283950617283951,0.5880542090916809,0.49329888007220146,0.8091499768037997,0.42857142857142855,1.5180342864477303,0.0008968221341668648,1.5180346530721587,0.0008968221341668648,24.01948696586223,0.95
32,2016-11-17,good_016,good,True,True,True,,,,35.0,5.0,36.0,5.0,0.8780487804878049,0.6331372668175417,0.5197310235889082,0.8977518343510198,0.16326530612244897,2.0728616720097777,0.0008735775594627179,2.0728623755747355,0.0008735775594627179,32.71404902661889,0.95
32,2016-11-17,good_017,good,True,True,True,,,,32.0,8.0,33.0,8.0,0.8048780487804879,0.6295301691891343,0.5476406920382225,0.8206056158745952,0.4489795918367347,1.4633431115402227,0.0006814729175446014,1.4633435601003426,0.0006814729175446014,23.482092129680886,0.9
32,2016-11-17,good_018,good,True,True,True,,,,30.0,10.0,31.0,10.0,0.7560975609756098,0.5767087302579833,0.5516212829284494,0.6352461073602294,0.30612244897959184,1.7950043361039203,0.0007850872204844381,1.7950049208830858,0.0007850872204844381,28.56917603787042,0.9
32,2016-11-17,good_019,good,True,True,True,,,,32.0,8.0,33.0,8.0,0.8048780487804879,0.6298629211199469,0.5611728612492599,0.7901397274848834,0.32653061224489793,1.7152246813230398,0.0008504903472082917,1.7152251740070399,0.0008504903472082917,27.11294653442371,0.95
32,2016-11-17,medium_000,medium,False,False,,failure,0.39000000000000007,-5.795496214056229,19.0,15.0,19.0,15.0,0.5588235294117647,0.47049602064848006,0.4278652519933289,0.5699678141771661,,,,0.54243113932239,0.00025555522532717367,8.562991278250554,0.7
32,2016-11-17,medium_001,medium,False,False,,failure,0.5100000000000001,-2.2298124346218486,23.0,13.0,23.0,13.0,0.6388888888888888,0.4476667194794727,0.3762435259267769,0.6143208377690963,,,,0.5809643514870041,0.00033981142854806127,9.255094132050866,0.65
32,2016-11-17,medium_002,medium,True,False,,,,,22.0,13.0,22.5,13.0,0.6338028169014085,0.5366683313271892,0.5393390451908019,0.5304366656454265,,,,1.5663807922762192,0.0008371980347063838,24.888969685235008,0.9
32,2016-11-17,medium_003,medium,True,True,True,,,,22.0,15.0,23.0,15.0,0.6052631578947368,0.5072825630778682,0.4971515880644568,0.5309215047758282,0.4897959183673469,1.3673345894315314,0.0006543554304994006,1.3673349985841021,0.0006543554304994006,21.96214412480506,0.9
32,2016-11-17,medium_004,medium,True,True,True,,,,23.5,12.0,24.5,12.0,0.6712328767123288,0.6350772290972901,0.5852241594016213,0.7514010583871844,0.061224489795918366,2.2415580852444545,0.0009025846869189647,2.241558879494921,0.0009025846869189647,36.27379343935757,0.95
32,2016-11-17,medium_005,medium,True,False,,,,,21.0,13.0,21.0,13.0,0.6176470588235294,0.5493529507181996,0.5212182160645162,0.6150006649101274,,,,1.3629197957241215,0.0006429018556932467,21.616033007829166,0.95
32,2016-11-17,medium_006,medium,False,True,False,,,,20.0,14.0,20.0,15.0,0.5714285714285714,0.48899928514756025,0.42501192738249083,0.6383031199327224,0.7346938775510204,1.0089481123306239,0.0006198448200232488,1.0089483472435796,0.0006198448200232488,15.887102068735055,0.85
32,2016-11-17,medium_007,medium,True,False,,,,,14.5,15.0,14.5,15.0,0.4915254237288136,0.6009740238647598,0.5614460307943435,0.6932060076957315,,,,1.3493463870122426,0.000823404526971771,21.48417200412469,0.95
32,2016-11-17,medium_008,medium,True,False,,,,,18.0,16.0,18.5,16.0,0.5362318840579711,0.5637239651105961,0.49112628853211115,0.7331185437937275,,,,0.7358388157721198,0.0004289663538064784,11.645614940624231,0.75
32,2016-11-17,medium_009,medium,True,True,True,,,,24.0,12.0,25.0,12.0,0.6756756756756757,0.5580787892068078,0.5290460927528737,0.6258217475993205,0.6122448979591837,1.2126601153881973,0.0007348509438112328,1.2126604024931087,0.0007348509438112328,19.538657361246177,0.9
32,2016-11-17,medium_010,medium,True,True,True,,,,17.5,16.0,18.5,16.0,0.5362318840579711,0.5810736260084621,0.5502944433936405,0.6528917187763791,0.08163265306122448,2.215111454438412,0.000664618158447106,2.2151125052688845,0.000664618158447106,34.624431904364286,1.0
32,2016-11-17,medium_011,medium,True,True,True,,,,17.0,13.0,18.0,13.0,0.5806451612903226,0.5153846337219307,0.5099972636275755,0.527955163942093,0.40816326530612246,1.52437394113296,0.0007105077805171346,1.5243744078245836,0.0007105077805171346,24.153516841963707,0.95
32,2016-11-17,medium_012,medium,False,False,,failure,0.5100000000000001,-1.1230484287336964,21.5,14.0,21.5,14.0,0.6056338028169014,0.4740702337189927,0.4508396438106416,0.5282749435051455,,,,0.9251829269106419,0.00041995253815570264,14.649932771196873,0.75
32,2016-11-17,medium_013,medium,True,True,True,,,,16.0,12.0,17.0,12.0,0.5862068965517241,0.5645951800662401,0.5719015529037554,0.5475469767787047,0.20408163265306123,1.9690215027893532,0.0008301085068403793,1.9690221678555975,0.0008301085068403793,31.283369811331006,1.0
32,2016-11-17,medium_014,medium,True,True,True,,,,22.0,11.0,23.0,11.0,0.6764705882352942,0.5804155586540386,0.5110140365213632,0.7423524436302812,0.5306122448979592,1.305015768285253,0.0005866777418430829,1.3050161827938869,0.0005866777418430829,20.62965404092235,0.95
32,2016-11-17,medium_015,medium,True,False,,,,,19.5,12.0,20.0,12.0,0.625,0.5154598963252833,0.46981540040960457,0.6219637201285337,,,,0.6499163923641939,0.00042642262895215075,10.184811251297631,0.75
32,2016-11-17,medium_016,medium,True,True,True,,,,22.5,15.0,23.5,15.0,0.6103896103896104,0.6042443278093809,0.6124684923817025,0.5850546104739638,0.04081632653061224,2.58735307810788,0.0009547321309802513,2.58735408074306,0.0009547321309802513,40.92123147173674,1.0
32,2016-11-17,medium_017,medium,True,False,,,,,14.5,15.0,15.0,15.0,0.5,0.501407633965775,0.48032755703572627,0.5505944801358889,,,,1.5986740817228016,0.0006105994941744023,25.498013260039688,0.95
32,2016-11-17,medium_018,medium,True,True,True,,,,23.5,15.0,24.5,15.0,0.620253164556962,0.5557611256043303,0.5509038161721949,0.5670948476126467,0.6530612244897959,1.1736164808446121,0.0007120070194256607,1.1736167556662342,0.0007120070194256607,18.71253227869734,0.8
32,2016-11-17,medium_019,medium,True,True,True,,,,16.0,15.0,17.0,15.0,0.53125,0.5191866283531387,0.4933426043049747,0.5794893511321879,0.673469387755102,1.1082675270692535,0.000643205940594909,1.1082677999488748,0.000643205940594909,17.488186837983907,0.9
32,2016-11-17,medium_020,medium,True,True,False,,,,21.5,13.0,21.5,14.0,0.6056338028169014,0.5668120058753527,0.4828261959676229,0.7627788956600559,0.8571428571428571,0.6063519139502571,0.00037580433444080365,0.6063520542220178,0.00037580433444080365,9.65294650139969,0.8
32,2016-11-17,medium_021,medium,True,True,True,,,,19.5,14.0,20.5,14.0,0.5942028985507246,0.5016112696504291,0.508381463474914,0.4858141507266313,0.46938775510204084,1.4228647610331828,0.0005837914670117138,1.4228652544817464,0.0005837914670117138,22.382417498654778,0.9
32,2016-11-17,medium_022,medium,False,True,False,,,,25.5,13.0,25.5,14.0,0.6455696202531646,0.49339495698438096,0.3894815402305319,0.7358595960766956,1.0,0.1912050966445892,9.07791065267313e-05,0.19120515379120276,9.07791065267313e-05,3.0120759811904967,0.5
32,2016-11-17,medium_023,medium,True,True,False,,,,20.5,15.0,20.5,16.0,0.5616438356164384,0.500689055474638,0.41381779919634215,0.7033886534573287,0.8775510204081632,0.5319781640791772,0.0003679936077144097,0.5319782737163193,0.0003679936077144097,8.415868069287288,0.65
32,2016-11-17,medium_024,medium,False,True,False,,,,20.0,13.0,20.0,14.0,0.5882352941176471,0.4471371219641904,0.42097753416318395,0.5081761601665389,0.7142857142857143,1.0250426063125069,0.0006288271306394875,1.0250428449400804,0.0006288271306394875,16.358776999227043,0.75
32,2016-11-17,medium_025,medium,True,True,True,,,,19.0,16.0,20.0,16.0,0.5555555555555556,0.5396745280630113,0.5563328312964491,0.5008051538516569,0.2653061224489796,1.8604336304082332,0.0009237181380867818,1.8604341657503713,0.0009237181380867818,29.35783850010758,0.95
32,2016-11-17,medium_026,medium,True,True,True,,,,25.5,11.0,26.5,11.0,0.7066666666666667,0.6012834078528171,0.5065096946885652,0.8224220719027382,0.6938775510204082,1.0562883751153447,0.0006330107575089138,1.0562886287036792,0.0006330107575089138,16.852731703021064,0.85
32,2016-11-17,medium_027,medium,False,False,,success,0.8200000000000002,3.4844256382211682,14.0,12.0,14.5,12.0,0.5471698113207547,0.4985949907100159,0.49073724885258385,0.5169297217106907,,,,0.8026932751800551,0.00047013106754512367,12.807259115765095,0.8
32,2016-11-17,medium_028,medium,True,True,False,,,,21.0,13.0,21.0,14.0,0.6,0.5107975764418806,0.48350235226212157,0.5744864328613185,0.9387755102040817,0.44241234632675086,0.00030289706025195593,0.4424124374933095,0.00030289706025195593,6.935985401178462,0.6
32,2016-11-17,medium_029,medium,False,False,,failure,0.39000000000000007,-3.7350548586846486,18.5,14.0,18.5,14.0,0.5692307692307692,0.4426066963842613,0.4258873491331748,0.48161850663679656,,,,0.7703228485746595,0.00037145690334550375,12.108580917413121,0.75
32,2016-11-17,bad_000,bad,True,False,,,,,15.0,15.0,15.0,15.0,0.5,0.5072039214164783,0.5401284070395911,0.4303801216292151,,,,1.2419091519886571,0.00068666580050447,19.799115047610464,0.85
32,2016-11-17,bad_001,bad,True,True,True,,,,11.0,11.0,12.0,11.0,0.5217391304347826,0.578692134750821,0.5208602375656639,0.7136332281828544,0.2857142857142857,1.8583520148156307,0.0007445990574518012,1.8583526789655107,0.0007445990574518012,29.94078214704957,1.0
32,2016-11-17,bad_002,bad,False,False,,failure,0.5100000000000001,-2.0456352658172676,8.0,10.0,8.0,10.0,0.4444444444444444,0.362281586886784,0.44275583441029154,0.17450834266526666,,,,0.5116404226717621,0.00043834015498133463,8.232551695879463,0.75
32,2016-11-17,bad_003,bad,False,False,,success,0.9400000000000001,8.567339283709629,11.0,13.0,11.5,13.0,0.46938775510204084,0.4469856901338368,0.41051489755113757,0.5320842061601351,,,,0.48953779256386526,0.00027916943630413064,7.75111908872121,0.75
32,2016-11-17,bad_004,bad,False,False,,success,0.91,5.291490896487545,10.0,11.0,10.5,11.0,0.4883720930232558,0.4849607926538122,0.454024385375435,0.5571457429700256,,,,0.5297926447105948,0.0003515763539997255,8.48356808350497,0.75
32,2016-11-17,bad_005,bad,False,False,,failure,0.39000000000000007,-5.753775896419896,6.5,10.0,6.5,10.0,0.3939393939393939,0.3449783750868061,0.3848721714232898,0.2518928503016776,,,,0.1972525785613411,0.00013699524774939595,3.082422510568061,0.55
32,2016-11-17,bad_006,bad,False,False,,failure,0.5100000000000001,-4.2537712857692185,10.5,15.0,10.5,15.0,0.4117647058823529,0.48081264407648705,0.47532297864184336,0.49362186342398895,,,,0.8423354295332893,0.0004760738247082618,13.326357102701301,0.7
32,2016-11-17,bad_007,bad,False,False,,failure,0.5100000000000001,-5.848066628680741,10.0,10.0,10.0,10.0,0.5,0.45613075737050424,0.4831208416656773,0.3931538940151005,,,,1.3341543683245154,0.000646085096931505,20.87325168860694,0.95
32,2016-11-17,bad_008,bad,False,False,,success,0.8200000000000002,2.054281783214506,6.5,9.0,7.0,9.0,0.4375,0.48522964949260294,0.5074439951590706,0.4333961762708454,,,,0.9385832062789994,0.0005979291070064273,14.923270572668159,0.75
32,2016-11-17,bad_009,bad,True,False,,,,,9.5,12.0,10.0,12.0,0.45454545454545453,0.5396222050899027,0.5429005359480589,0.5319727664208717,,,,1.3746523882887527,0.0006869914367406618,21.518739226053665,0.9
32,2016-11-17,bad_010,bad,False,True,False,,,,10.0,14.0,10.0,15.0,0.4,0.3933751184442659,0.37170328644833794,0.4439427264347645,0.8367346938775511,0.708604660506543,0.00041970644027422186,0.7086048300841092,0.00041970644027422186,11.088668960417367,0.7
32,2016-11-17,bad_011,bad,False,False,,failure,0.39000000000000007,-4.046259614116863,7.5,11.0,7.5,11.0,0.40540540540540543,0.4171173838265495,0.46442814343840844,0.3067256113988786,,,,1.155371985116657,0.0005013590444350098,18.485044949039608,0.85
32,2016-11-17,bad_012,bad,False,False,,success,0.8200000000000002,3.6073856128189874,10.5,12.0,11.0,12.0,0.4782608695652174,0.4800982179418417,0.5074499450897834,0.41627752126331125,,,,1.3184182790622774,0.000765914660813389,20.89315186486414,0.85
32,2016-11-17,bad_013,bad,False,True,False,,,,13.5,13.0,13.5,14.0,0.4909090909090909,0.49484601317815274,0.4474247192389906,0.6054956990361978,0.8163265306122449,0.7215729616833804,0.00039841368871312556,0.7215731479728781,0.00039841368871312556,11.351028325298772,0.75
32,2016-11-17,bad_014,bad,False,False,,success,0.9400000000000001,3.7125830759138125,7.0,9.0,7.5,9.0,0.45454545454545453,0.4789054284588724,0.4300535859184851,0.5928930610531096,,,,0.6770654896756391,0.00043433900484856155,10.83086086212382,0.85
32,2016-11-17,bad_015,bad,False,False,,success,0.9400000000000001,3.6904649126334164,8.5,10.0,9.0,10.0,0.47368421052631576,0.3584908443893754,0.3540886478799487,0.36876263624470434,,,,0.6639105049407514,0.00042485736827668156,10.585010757362088,0.75
32,2016-11-17,bad_016,bad,False,True,False,,,,10.0,11.0,10.0,12.0,0.45454545454545453,0.43860981192367127,0.39631941799379194,0.5372873977600564,0.9591836734693877,0.43164447175224335,0.00017004868354884845,0.4316446312394317,0.00017004868354884845,6.965411011381717,0.55
32,2016-11-17,bad_017,bad,False,False,,failure,0.36000000000000004,-1.3265688301372052,9.5,12.0,9.5,12.0,0.4418604651162791,0.36344276966729694,0.3298140290778365,0.4419098310427047,,,,0.09306920118692852,4.794205815015504e-05,1.399568390027179,0.55
32,2016-11-17,bad_018,bad,True,True,True,,,,12.5,12.0,13.5,12.0,0.5294117647058824,0.5564923016823462,0.5597014324667733,0.5490043298520164,0.22448979591836735,1.907668596683068,0.0007562347056939919,1.90766927995167,0.0007562347056939919,29.965847893428332,1.0
32,2016-11-17,bad_019,bad,False,False,,success,0.9400000000000001,1.4327722969808008,11.5,14.0,12.0,14.0,0.46153846153846156,0.45079087309260146,0.4371448360093898,0.48263162628676226,,,,0.8398380981730056,0.0005034018054571519,13.337485854885747,0.8
32,2016-11-17,bad_020,bad,False,False,,failure,0.39000000000000007,-2.257773739866593,11.5,11.0,11.5,11.0,0.5111111111111111,0.47934499434334255,0.49820277432287274,0.43534350772443875,,,,0.9869702036646338,0.0007167961904359095,15.639740697781201,0.85
32,2016-11-17,bad_021,bad,True,False,,,,,10.0,13.0,10.0,13.0,0.43478260869565216,0.507619985361555,0.5127782350852768,0.49558406933953736,,,,1.084353633405999,0.000635797593548503,17.264881209954517,0.85
32,2016-11-17,bad_022,bad,False,False,,failure,0.5100000000000001,-3.2133881677835774,10.5,11.0,10.5,11.0,0.4883720930232558,0.32764001590579683,0.348671456291566,0.27856665500566896,,,,0.665724567207498,0.00044272140282127024,10.588402102304155,0.8
32,2016-11-17,bad_023,bad,False,False,,failure,0.5100000000000001,-0.8599620875753402,9.0,13.0,9.0,13.0,0.4090909090909091,0.4076863476899033,0.4284197782275614,0.3593083431020346,,,,0.7766571785676042,0.0005379117286252366,12.25619964786924,0.75
32,2016-11-17,bad_024,bad,False,False,,failure,0.5100000000000001,-2.636433003722715,10.5,11.0,10.5,11.0,0.4883720930232558,0.3818990441488599,0.43004763877485586,0.2695523233548692,,,,0.6256303440279624,0.00044852038882270157,9.931210210173074,0.65
32,2016-11-17,bad_025,bad,True,False,,,,,9.0,10.0,9.0,10.0,0.47368421052631576,0.5329314142543338,0.5038402465126546,0.6008108056515854,,,,1.2045083715320912,0.0006700974917407212,19.31768365170075,0.95
32,2016-11-17,bad_026,bad,True,False,,,,,8.0,11.0,8.5,11.0,0.4358974358974359,0.5408619919632023,0.4986363619564742,0.6393884619789011,,,,1.2724149023888722,0.000695804049546499,19.84912134102925,0.85
32,2016-11-17,bad_027,bad,False,False,,success,0.8200000000000002,1.3220819449043688,8.0,10.0,8.5,10.0,0.4594594594594595,0.4679077886913676,0.4777418654492319,0.44496160958968445,,,,1.252856424592821,0.0006540028270450683,19.817906782365633,0.85
32,2016-11-17,bad_028,bad,False,False,,success,0.8200000000000002,2.079414040034081,9.0,10.0,9.5,10.0,0.48717948717948717,0.3875970593042911,0.38146612285298986,0.40190257769066084,,,,0.38204794755425586,0.00022239257819643967,6.208782797405414,0.65
32,2016-11-17,bad_029,bad,False,False,,failure,0.5100000000000001,-2.9833355283856946,11.5,13.0,11.5,13.0,0.46938775510204084,0.4128302781628349,0.4117615315717555,0.415324020208687,,,,0.41103102739481007,0.0002633151426435232,6.591132893553599,0.65
32,2016-11-17,bad_030,bad,False,False,,failure,0.5100000000000001,-1.4457789660117868,9.0,11.0,9.0,11.0,0.45,0.40850663993308806,0.4666912111914512,0.27274264033024076,,,,0.6764892014680689,0.0004406696662014544,10.717011802514369,0.7
32,2016-11-17,bad_031,bad,False,False,,success,0.9400000000000001,0.8433759960788336,13.5,11.0,14.0,11.0,0.56,0.45253885555160644,0.4375128105307702,0.487599627266891,,,,0.6224478955362257,0.00030970801810632656,9.830873199752054,0.7
32,2016-11-17,bad_032,bad,False,False,,failure,0.5100000000000001,-4.696492688253812,8.5,10.0,8.5,10.0,0.4594594594594595,0.40636271738641283,0.4259626166846803,0.36062961902378887,,,,0.39434019592750086,0.00024204091826435229,6.266754837075951,0.55
32,2016-11-17,bad_033,bad,False,True,False,,,,7.0,11.0,7.0,12.0,0.3684210526315789,0.3480440900335853,0.3532844857078963,0.3358165001268596,0.9183673469387755,0.4732630918562732,0.0003332049070104672,0.47326318800787204,0.0003332049070104672,7.572962029444584,0.65
32,2016-11-17,bad_034,bad,False,False,,failure,0.33,-2.252448784713792,9.5,11.0,9.5,11.0,0.4634146341463415,0.3661709164324828,0.3085112287589562,0.5007101876707115,,,,0.3165305380394308,0.000234448962476483,4.940215043303063,0.55
32,2016-11-17,bad_035,bad,False,False,,success,0.9400000000000001,7.342625771169423,9.5,11.0,10.0,11.0,0.47619047619047616,0.432531827770905,0.48981277937883105,0.2988762740190775,,,,0.8188036816931982,0.0005546902505219779,13.016237054888569,0.7
32,2016-11-17,bad_036,bad,False,True,False,,,,9.5,11.0,9.5,12.0,0.4418604651162791,0.3815604306046211,0.43562722894551625,0.25540456780919907,0.7755102040816326,0.7890793529548109,0.00043932618612450717,0.7890795559440495,0.00043932618612450717,12.6043224954761,0.65
32,2016-11-17,bad_037,bad,False,False,,success,0.8500000000000002,2.7925705616326866,5.5,10.0,6.0,10.0,0.375,0.40792055432355867,0.4173692321256207,0.3858736394520806,,,,0.4914534952846819,0.0002478963154393463,7.7720016989767355,0.55
32,2016-11-17,bad_038,bad,True,True,True,,,,12.0,12.0,13.0,12.0,0.52,0.5108738171159646,0.5509383953360268,0.4173898012691529,0.14285714285714285,2.1273083473214527,0.0009891218818562247,2.127309000508232,0.0009891218818562247,34.037724698111326,1.0
32,2016-11-17,bad_039,bad,False,False,,failure,0.5100000000000001,-3.1958316696524207,11.5,10.0,11.5,10.0,0.5348837209302325,0.47293830846512497,0.4307736616652922,0.5713224843314014,,,,0.9243363057283014,0.0004966213665838932,14.914833702656814,0.9
32,2016-11-17,bad_040,bad,False,False,,success,0.9400000000000001,7.523270435848417,10.0,11.0,10.5,11.0,0.4883720930232558,0.4759116388460493,0.4709274663338505,0.4875413747078467,,,,0.9030408879124037,0.0004876633647700403,14.319205198288005,0.8
32,2016-11-17,bad_041,bad,False,True,False,,,,14.0,10.0,14.0,11.0,0.56,0.43689839925419194,0.41255088105976284,0.49370927504119344,0.8979591836734694,0.5067548818982178,0.0003393773461243521,0.5067549904369065,0.0003393773461243521,8.113654870978818,0.75
32,2016-11-17,bad_042,bad,False,False,,failure,0.4200000000000001,-2.7951187902135928,8.5,10.0,8.5,10.0,0.4594594594594595,0.4126771528595252,0.45862991547088894,0.3054540400996766,,,,0.6781704590702069,0.00035122189773087367,10.64852358334684,0.7
32,2016-11-17,bad_043,bad,False,True,False,,,,9.5,9.0,9.5,10.0,0.48717948717948717,0.4288303483930528,0.4473142981579785,0.3857011322748928,0.6326530612244898,1.2067227765236492,0.0006521326671118643,1.2067230924686836,0.0006521326671118643,19.168319907812574,0.9
32,2016-11-17,bad_044,bad,False,False,,success,0.8200000000000002,0.19778160579410553,8.5,11.0,9.0,11.0,0.45,0.37946237067456173,0.38583401527147865,0.3645951999484225,,,,0.14394792126733363,0.00010005957513707208,2.35577532731847,0.55
32,2016-11-17,bad_045,bad,False,True,False,,,,9.0,12.0,9.0,13.0,0.4090909090909091,0.33586453790812615,0.40751568374226177,0.16867853096180982,0.9795918367346939,0.4268272391100681,0.00021888888819815623,0.4268273587132851,0.00021888888819815623,6.86283602462074,0.55
32,2016-11-17,bad_046,bad,False,False,,failure,0.39000000000000007,-1.9702542785383912,8.5,12.0,8.5,12.0,0.4146341463414634,0.48978982293276313,0.46071042850096555,0.5576417432736241,,,,0.9077459701854987,0.0006098409214698038,14.35974880365491,0.75
32,2016-11-17,bad_047,bad,False,False,,success,0.8200000000000002,6.757252556347652,12.0,14.0,12.5,14.0,0.4716981132075472,0.4169745230819034,0.43823455479924744,0.3673677824081008,,,,0.6588662391508615,0.0004337279889348499,10.447699296295003,0.7
32,2016-11-17,bad_048,bad,False,False,,neutral,0.48000000000000004,-0.03525117890541196,10.0,10.0,10.0,10.0,0.5,0.35367850451432975,0.35098376217018656,0.3599662366506639,,,,0.6199526163002403,0.0003874922448992389,9.798426303256099,0.7
32,2016-11-17,bad_049,bad,False,False,,failure,0.5100000000000001,-1.7676264986737777,11.0,11.0,11.0,11.0,0.5,0.48262549515906605,0.46987888880895845,0.5123675766426504,,,,0.8515670704776549,0.0004868343244808121,13.281575983799613,0.85
33,2016-12-16,good_000,good,True,True,False,,,,29.5,11.0,29.5,12.0,0.7108433734939759,0.5211826036014016,0.5246434450504371,0.5131073068869851,0.7755102040816326,0.8970426902658902,0.0005968099443676854,0.897042881440409,0.0005968099443676854,14.253567391332048,0.85
33,2016-12-16,good_001,good,True,True,True,,,,29.0,11.0,30.0,11.0,0.7317073170731707,0.6049850987943652,0.6010216140386795,0.6142332298909653,0.30612244897959184,1.4554466747512216,0.0008787542039268064,1.455447014794663,0.0008787542039268064,23.161779330054827,0.95
33,2016-12-16,good_002,good,True,True,True,,,,31.0,9.0,32.0,9.0,0.7804878048780488,0.6233219101165614,0.5339715890213169,0.8318059926721318,0.5306122448979592,1.1677184740985276,0.0006997794711675256,1.1677187490713203,0.0006997794711675256,18.606520818682526,0.85
33,2016-12-16,good_003,good,True,True,False,,,,33.0,8.0,33.0,9.0,0.7857142857142857,0.5255056021159015,0.4323164787702003,0.7429468899225378,0.7346938775510204,0.9122218331084254,0.00040515343291877836,0.9122221181648801,0.00040515343291877836,14.296179035327134,0.85
33,2016-12-16,good_004,good,True,True,False,,,,31.0,10.0,31.0,11.0,0.7380952380952381,0.5670191495524728,0.46191047036941046,0.8122727343129517,0.8979591836734694,0.6621433058191665,0.0004489629286611145,0.6621434439198505,0.0004489629286611145,10.490625690097641,0.7
33,2016-12-16,good_005,good,True,True,True,,,,31.5,9.0,32.5,9.0,0.7831325301204819,0.627796252789791,0.5598625008474589,0.7863083406552326,0.3877551020408163,1.431514099778462,0.0008005680946364753,1.4315144605265084,0.0008005680946364753,22.67616484317816,0.85
33,2016-12-16,good_006,good,True,True,True,,,,30.0,10.0,31.0,10.0,0.7560975609756098,0.6097362837153779,0.5926808634593981,0.6495322643126644,0.16326530612244897,1.8507832684268364,0.0008639748736700016,1.850783828347948,0.0008639748736700016,29.2999959941798,0.9
33,2016-12-16,good_007,good,True,True,True,,,,28.5,11.0,29.5,11.0,0.7283950617283951,0.6321380387410601,0.6242772054450866,0.6504799830983318,0.1836734693877551,1.8436165056720435,0.00101198521315292,1.8436169825537738,0.00101198521315292,29.521039312960255,0.9
33,2016-12-16,good_008,good,True,True,False,,,,28.0,12.0,28.0,13.0,0.6829268292682927,0.49897829072133626,0.3849773611031708,0.7649804598303892,0.9183673469387755,0.6473460532793003,0.0004566874480730184,0.6473461825994878,0.0004566874480730184,10.194741580602807,0.7
33,2016-12-16,good_009,good,True,True,True,,,,34.0,6.0,35.0,6.0,0.8536585365853658,0.668562441417355,0.5740431304559621,0.8891075003272716,0.02040816326530612,2.4197024134701963,0.0008907617266113949,2.4197033386893114,0.0008907617266113949,38.03403373452194,1.0
33,2016-12-16,good_010,good,True,True,True,,,,38.0,3.0,39.0,3.0,0.9285714285714286,0.7027902930098576,0.5868355913759791,0.9733512634889077,0.32653061224489793,1.4430111470653588,0.0007981952037858774,1.4430115144987887,0.0007981952037858774,22.62966133792034,0.9
33,2016-12-16,good_011,good,True,True,True,,,,31.5,9.0,32.5,9.0,0.7831325301204819,0.6268512349231872,0.5595401743906351,0.7839103761658088,0.20408163265306123,1.6619900353085215,0.000716671108870241,1.6619905766875454,0.000716671108870241,26.391771649916855,0.9
33,2016-12-16,good_012,good,True,True,True,,,,33.0,8.0,34.0,8.0,0.8095238095238095,0.578362743424604,0.5205244695636903,0.7133187157667363,0.40816326530612246,1.4217984076412244,0.000772058634049896,1.4217987768734701,0.000772058634049896,22.425628512688295,0.85
33,2016-12-16,good_013,good,True,True,True,,,,25.0,14.0,26.0,14.0,0.65,0.575429315504567,0.5122239147321472,0.7229085839735465,0.6326530612244898,1.0091685816341327,0.0006119001566751106,1.0091688143119943,0.0006119001566751106,15.909148085781007,0.75
33,2016-12-16,good_014,good,True,True,True,,,,31.0,9.0,32.0,9.0,0.7804878048780488,0.6228132904400778,0.5513742344953556,0.7895044209777634,0.4489795918367347,1.341748056479203,0.0007165745607756577,1.341748412691599,0.0007165745607756577,21.253899686652897,0.9
33,2016-12-16,good_015,good,True,True,True,,,,29.5,11.0,30.5,11.0,0.7349397590361446,0.6326861580906864,0.566067247823343,0.7881302820478211,0.10204081632653061,1.9623663444153536,0.0008664978001986186,1.9623669721062145,0.0008664978001986186,30.741426964477174,0.95
33,2016-12-16,good_016,good,True,True,False,,,,36.0,5.0,36.0,6.0,0.8571428571428571,0.6014669612217747,0.4927699655649538,0.8550932844210235,0.5918367346938775,1.102825709507979,0.0006270659898337995,1.10282598787408,0.0006270659898337995,17.618773784218178,0.85
33,2016-12-16,good_017,good,True,True,True,,,,33.0,8.0,34.0,8.0,0.8095238095238095,0.6530374712266362,0.5452391882142203,0.9045667982556068,0.24489795918367346,1.5432583464776795,0.0007085214841931852,1.5432588221116053,0.0007085214841931852,24.46714810774968,0.95
33,2016-12-16,good_018,good,True,True,True,,,,31.0,10.0,32.0,10.0,0.7619047619047619,0.5809761998355837,0.5103470579869014,0.7457775308158424,0.5102040816326531,1.2514670264515992,0.0005926987638584716,1.2514674015683698,0.0005926987638584716,19.71810363551161,0.85
33,2016-12-16,good_019,good,True,True,False,,,,33.0,8.0,33.0,9.0,0.7857142857142857,0.5871062745956118,0.5184435645248617,0.7473192647606954,0.8163265306122449,0.8913015239254406,0.0005234946486778872,0.8913017409441081,0.0005234946486778872,14.392364988290717,0.85
33,2016-12-16,medium_000,medium,False,False,,failure,0.39000000000000007,-3.147221415844342,19.0,15.0,19.0,15.0,0.5588235294117647,0.4478791647276383,0.4276778616769846,0.49501553851249697,,,,0.6032414536147676,0.0003301059671849099,9.620129766308642,0.75
33,2016-12-16,medium_001,medium,True,False,,,,,23.0,13.0,23.5,13.0,0.6438356164383562,0.5558606270748243,0.5295094699865471,0.6173466602808043,,,,1.0685933609913805,0.0006864482217799642,16.764002643269,0.8
33,2016-12-16,medium_002,medium,False,True,False,,,,22.5,13.0,22.5,14.0,0.6164383561643836,0.48394474417506245,0.4427007490336623,0.5801807328383296,0.7551020408163265,0.9015639119339469,0.00044882995208892255,0.9015641685612894,0.00044882995208892255,14.300822684697138,0.9
33,2016-12-16,medium_003,medium,False,True,True,,,,23.0,15.0,24.0,15.0,0.6153846153846154,0.4529632522282954,0.5145745894250997,0.30920346543575206,0.3673469387755102,1.4380437507981891,0.0006049354779929602,1.4380442295293883,0.0006049354779929602,22.7523368604253,1.0
33,2016-12-16,medium_004,medium,True,True,True,,,,24.5,12.0,25.5,12.0,0.68,0.545689710029936,0.48380134641679395,0.6900958917939343,0.6938775510204082,0.9443315301040413,0.0003664036391631988,0.9443318715112687,0.0003664036391631988,14.847330048753948,0.8
33,2016-12-16,medium_005,medium,True,True,True,,,,21.0,13.0,22.0,13.0,0.6285714285714286,0.625707674771853,0.5952881177470105,0.696686641163152,0.0,2.588066133452563,0.0009341597887558211,2.588067145212054,0.0009341597887558211,41.30967493898046,1.0
33,2016-12-16,medium_006,medium,True,False,,,,,20.0,15.0,20.0,15.0,0.5714285714285714,0.5084918443623871,0.5139909549580154,0.49566058630592136,,,,0.7406708877793503,0.0005128601769376486,11.668907963611774,0.8
33,2016-12-16,medium_007,medium,False,True,False,,,,14.5,15.0,14.5,16.0,0.47540983606557374,0.4206916083833425,0.3734104868466234,0.5310142253023538,0.9591836734693877,0.5534637387311756,0.0002834850384366035,0.5534638900718569,0.0002834850384366035,8.658219689233114,0.7
33,2016-12-16,medium_008,medium,True,True,True,,,,18.5,16.0,19.5,16.0,0.5492957746478874,0.5136330895366155,0.5430769538234038,0.4449307395341094,0.2653061224489796,1.4930076705313757,0.0007059942260145765,1.49300811774395,0.0007059942260145765,23.380561698146202,0.9
33,2016-12-16,medium_009,medium,True,True,True,,,,25.0,12.0,26.0,12.0,0.6842105263157895,0.6017604018681275,0.5573989113239914,0.705270546471112,0.2857142857142857,1.470626058121222,0.0007337339300560959,1.4706264749934208,0.0007337339300560959,23.24085398766119,0.9
33,2016-12-16,medium_010,medium,True,True,False,,,,18.5,16.0,18.5,17.0,0.5211267605633803,0.5070067670953697,0.5135553209950843,0.49172680799603596,0.7142857142857143,0.9362118135653442,0.0005479227481781356,0.9362120390680936,0.0005479227481781356,14.728999662688,0.8
33,2016-12-16,medium_011,medium,True,True,True,,,,18.0,13.0,19.0,13.0,0.59375,0.6112275640920654,0.6122544948047112,0.6088313924292252,0.12244897959183673,1.9462448981646447,0.0010535564278923253,1.946245404774518,0.0010535564278923253,31.123904722974356,0.95
33,2016-12-16,medium_012,medium,False,False,,success,0.8200000000000002,0.29934702624265697,21.5,14.0,22.0,14.0,0.6111111111111112,0.4854283126232216,0.429842568417503,0.6151283824365653,,,,0.9106214232611871,0.00043685536145844867,14.39204083750529,0.75
33,2016-12-16,medium_013,medium,True,True,True,,,,17.0,12.0,18.0,12.0,0.6,0.5788254411694678,0.5716811826768354,0.5954953776522764,0.46938775510204084,1.3066210888502465,0.0007036635742130806,1.3066214298822956,0.0007036635742130806,20.580531673874482,0.9
33,2016-12-16,medium_014,medium,True,True,True,,,,23.0,11.0,24.0,11.0,0.6857142857142857,0.6101829389303303,0.5556004434489007,0.7375420950536659,0.5714285714285714,1.1175356431737606,0.0006687087807105555,1.1175359053878795,0.0006687087807105555,17.739609347958996,0.85
33,2016-12-16,medium_015,medium,True,True,False,,,,20.0,12.0,20.0,13.0,0.6060606060606061,0.5416878267612594,0.48533068506383636,0.6731878240552467,0.8367346938775511,0.8485825964222018,0.00042749379299145574,0.8485828350260892,0.00042749379299145574,13.5842979421872,0.8
33,2016-12-16,medium_016,medium,True,True,True,,,,23.5,15.0,24.5,15.0,0.620253164556962,0.586257717422015,0.5186980360759108,0.7438969738962584,0.5510204081632653,1.124494140019856,0.0006252433431284002,1.1244944264836363,0.0006252433431284002,17.866377068137414,0.9
33,2016-12-16,medium_017,medium,False,True,False,,,,15.0,15.0,15.0,16.0,0.4838709677419355,0.43463953605796457,0.4223389210760943,0.4633409710156619,0.673469387755102,0.9527809598603961,0.0004990257349973173,0.9527812164699809,0.0004990257349973173,15.042333663504948,0.75
33,2016-12-16,medium_018,medium,True,True,True,,,,24.5,15.0,25.5,15.0,0.6296296296296297,0.6028920432469214,0.5593234876349966,0.7045520063414124,0.14285714285714285,1.8648593150801678,0.0007771291940219954,1.8648599471406595,0.0007771291940219954,29.342177090765425,1.0
33,2016-12-16,medium_019,medium,True,True,True,,,,17.0,15.0,18.0,15.0,0.5454545454545454,0.5314867733939082,0.5196147186393953,0.5591882344877717,0.42857142857142855,1.4208656526043857,0.0006562181412895432,1.420866089760094,0.0006562181412895432,22.433749111478633,0.95
33,2016-12-16,medium_020,medium,True,True,True,,,,21.5,14.0,22.5,14.0,0.6164383561643836,0.5933770662053567,0.5669827440138616,0.6549638179855121,0.3469387755102041,1.4408036905461774,0.0007383772413076483,1.4408040865093283,0.0007383772413076483,22.615943344430885,0.9
33,2016-12-16,medium_021,medium,True,True,False,,,,20.5,14.0,20.5,15.0,0.5774647887323944,0.5023542418822861,0.4884441916927855,0.5348110256577875,0.8775510204081632,0.7652064138551125,0.00035451988319894976,0.7652066473572746,0.00035451988319894976,12.292551808575654,0.8
33,2016-12-16,medium_022,medium,False,False,,success,0.7900000000000001,2.976291357515322,25.5,14.0,26.0,14.0,0.65,0.44169756223148593,0.37704230167267433,0.5925598368687132,,,,0.17153644842778246,0.00010376466487160843,2.572856620762385,0.6
33,2016-12-16,medium_023,medium,False,True,False,,,,20.5,16.0,20.5,17.0,0.5466666666666666,0.4885790143866964,0.4908525670918641,0.4832740580746386,0.9387755102040817,0.6414792918887224,0.0003991856737358946,0.6414794367102941,0.0003991856737358946,10.168443319078518,0.8
33,2016-12-16,medium_024,medium,False,False,,failure,0.5100000000000001,-2.0258306666928263,20.0,14.0,20.0,14.0,0.5882352941176471,0.4936409171332581,0.476760012121225,0.5330296954946687,,,,1.0176584579363184,0.0005014979463793628,16.24983814770095,0.85
33,2016-12-16,medium_025,medium,False,True,False,,,,20.0,16.0,20.0,17.0,0.5405405405405406,0.4856096028613074,0.4544256003823304,0.558372275312254,0.7959183673469388,0.8956163985186176,0.0005159167001093403,0.8956166186876384,0.0005159167001093403,14.325417425546938,0.9
33,2016-12-16,medium_026,medium,True,True,True,,,,26.5,11.0,27.5,11.0,0.7142857142857143,0.5942399555303479,0.5540752618587828,0.6879575740973332,0.4897959183673469,1.2947366154949338,0.0007082895345217141,1.294736950618921,0.0007082895345217141,20.562364852503478,0.9
33,2016-12-16,medium_027,medium,False,False,,success,0.9400000000000001,1.4648888147421246,14.5,12.0,15.0,12.0,0.5555555555555556,0.4100919326417544,0.4014411848409626,0.43027701084360215,,,,0.4137826984073971,0.0002505053394045104,6.549272168151433,0.7
33,2016-12-16,medium_028,medium,True,True,True,,,,21.0,14.0,22.0,14.0,0.6111111111111112,0.6075200012240665,0.5911433258722871,0.6457322437115516,0.08163265306122448,2.0221460121307984,0.0009443027989399745,2.0221466219396556,0.0009443027989399745,32.14693388587401,0.95
33,2016-12-16,medium_029,medium,False,False,,success,0.8200000000000002,2.4304734915998836,18.5,14.0,19.0,14.0,0.5757575757575758,0.43084990817874336,0.4307413828301997,0.4311031339920121,,,,1.0069370343912234,0.00041102532407266847,15.841929058482386,0.75
33,2016-12-16,bad_000,bad,False,True,False,,,,15.0,15.0,15.0,16.0,0.4838709677419355,0.45259523146750535,0.41857583699252165,0.5319738185758006,0.8571428571428571,0.7822481907201463,0.0004773495447526769,0.7822483740890924,0.0004773495447526769,12.671679436238797,0.7
33,2016-12-16,bad_001,bad,False,True,False,,,,12.0,11.0,12.0,12.0,0.5,0.4412723619162196,0.4105240946714585,0.5130183188206622,0.9795918367346939,0.4950584516499951,0.00032935353851884264,0.49505855714986396,0.00032935353851884264,7.839300711693218,0.6
33,2016-12-16,bad_002,bad,True,False,,,,,8.0,10.0,8.0,10.0,0.4444444444444444,0.49895856155434015,0.49261240745454116,0.5137662544538711,,,,0.7886034948921828,0.00044870865191983997,12.570829469817088,0.8
33,2016-12-16,bad_003,bad,False,False,,failure,0.5100000000000001,-3.646026656965091,11.5,13.0,11.5,13.0,0.46938775510204084,0.3737679110239174,0.4199436826355958,0.2660244439300012,,,,0.6037205153222123,0.00047617505121857323,9.485407741685794,0.75
33,2016-12-16,bad_004,bad,False,False,,failure,0.36000000000000004,-3.6910649465054632,10.5,11.0,10.5,11.0,0.4883720930232558,0.4079904453625554,0.4101073958450032,0.403050894236844,,,,0.5128142941227507,0.00028830774738325697,8.2231878336217,0.85
33,2016-12-16,bad_005,bad,False,False,,failure,0.39000000000000007,-5.744541984450478,6.5,10.0,6.5,10.0,0.3939393939393939,0.3982297504597079,0.44302693551068295,0.29370298534076617,,,,0.957841830124154,0.0005640666424057679,15.16199447437486,0.75
33,2016-12-16,bad_006,bad,False,False,,failure,0.39000000000000007,-0.6609245082510142,10.5,15.0,10.5,15.0,0.4117647058823529,0.45227729142952977,0.4703055238667455,0.41021141574269315,,,,1.1775237512378,0.0004597372482438612,18.433393638435234,0.9
33,2016-12-16,bad_007,bad,True,False,,,,,10.0,10.0,10.0,10.0,0.5,0.4992066114743109,0.49564743712276504,0.507511351627918,,,,1.011774282821015,0.0005410484076030257,16.06581264768906,0.85
33,2016-12-16,bad_008,bad,False,False,,failure,0.39000000000000007,-2.0453604241313315,7.0,9.0,7.0,9.0,0.4375,0.46697886560949736,0.4632716167229572,0.47562911301142446,,,,0.8834168936512687,0.0006002472266833576,14.095850572732747,0.75
33,2016-12-16,bad_009,bad,True,True,True,,,,10.0,12.0,11.0,12.0,0.4782608695652174,0.560885763198758,0.5722227457260529,0.5344328039684033,0.04081632653061224,2.3664878975758756,0.0008793308988689259,2.3664888034438025,0.0008793308988689259,37.63274508810806,1.0
33,2016-12-16,bad_010,bad,False,False,,success,0.9700000000000001,3.18318586428839,10.0,15.0,10.5,15.0,0.4117647058823529,0.4890284858981168,0.549245735814963,0.3485215694254757,,,,1.3829601373829472,0.0007178352615529544,21.808582318445062,0.9
33,2016-12-16,bad_011,bad,False,False,,failure,0.39000000000000007,-5.820714565157317,7.5,11.0,7.5,11.0,0.40540540540540543,0.3874217246840342,0.40212033294487015,0.3531249720754171,,,,0.5387242814303371,0.00040693918959164977,8.630493000386348,0.7
33,2016-12-16,bad_012,bad,False,False,,failure,0.39000000000000007,-1.599235104426043,11.0,12.0,11.0,12.0,0.4782608695652174,0.48224001587042353,0.5045917492210934,0.4300859713855273,,,,1.1726891967127564,0.0006913356461699311,18.69528714349644,0.85
33,2016-12-16,bad_013,bad,False,False,,failure,0.39000000000000007,-1.9180097738442896,13.5,14.0,13.5,14.0,0.4909090909090909,0.4377558683305881,0.4219875917126694,0.47454851377239865,,,,0.7721966344499285,0.0005176997213507817,12.157555358792314,0.8
33,2016-12-16,bad_014,bad,False,False,,failure,0.39000000000000007,-3.318307864514395,7.5,9.0,7.5,9.0,0.45454545454545453,0.3414438211966302,0.296015417969039,0.4474434287276762,,,,0.09452362733315388,5.603860290574022e-05,1.6569579740198717,0.55
33,2016-12-16,bad_015,bad,False,False,,failure,0.48000000000000004,-6.690357533915858,9.0,10.0,9.0,10.0,0.47368421052631576,0.48808062211568604,0.3934204461295794,0.7089543660832682,,,,0.31736173657812,0.0002362025150594327,5.180602234420862,0.55
33,2016-12-16,bad_016,bad,False,False,,success,0.9400000000000001,3.3930959634749627,10.0,12.0,10.5,12.0,0.4666666666666667,0.42965390437803785,0.38972531391397947,0.5228206154608408,,,,0.9147802140625841,0.00048815027361195885,14.479484948115038,0.8
33,2016-12-16,bad_017,bad,False,False,,success,0.9400000000000001,8.151547795586737,9.5,12.0,10.0,12.0,0.45454545454545453,0.4744980659615202,0.4106632007943796,0.6234460846848484,,,,1.039299139311957,0.000513917758912121,16.41387288312238,0.85
33,2016-12-16,bad_018,bad,False,True,False,,,,13.5,12.0,13.5,13.0,0.5094339622641509,0.4509475953020291,0.4008539122337353,0.5678328557947147,1.0,0.2874727594908737,0.00016576875414333968,0.28747282852007805,0.00016576875414333968,4.449714464321848,0.65
33,2016-12-16,bad_019,bad,False,False,,failure,0.36000000000000004,-5.894176112260482,12.0,14.0,12.0,14.0,0.46153846153846156,0.3376507225068937,0.39099620611188546,0.21317792742857958,,,,0.31547151123701117,0.00018944115023025452,4.972565121278846,0.6
33,2016-12-16,bad_020,bad,True,False,,,,,11.5,11.0,11.5,11.0,0.5111111111111111,0.5524318035095694,0.5705201623199119,0.5102256329521039,,,,1.3365625014201994,0.0008165973599030856,21.216567812262817,0.9
33,2016-12-16,bad_021,bad,False,True,True,,,,10.0,13.0,11.0,13.0,0.4583333333333333,0.4967988867120904,0.5069610352277958,0.47308720684211114,0.6122448979591837,1.0641449668539684,0.0007878723781707912,1.0641451699405275,0.0007878723781707912,16.885664416434466,0.8
33,2016-12-16,bad_022,bad,False,False,,success,0.9400000000000001,0.18774704852805257,10.5,11.0,11.0,11.0,0.5,0.4825922109400994,0.4065707271602442,0.6599756730930949,,,,0.23517297642381937,0.00014455369236612622,3.6747625091143927,0.65
33,2016-12-16,bad_023,bad,False,False,,failure,0.39000000000000007,-2.2435022004548557,9.0,13.0,9.0,13.0,0.4090909090909091,0.42739924879201807,0.4841562553232013,0.29496623355259066,,,,1.0125214144499104,0.0006717113394744851,15.945193286018698,0.8
33,2016-12-16,bad_024,bad,False,False,,failure,0.5100000000000001,-2.5533090292770737,10.5,11.0,10.5,11.0,0.4883720930232558,0.4622726249490936,0.44376676730174974,0.5054529594595626,,,,0.6400413629724898,0.0003825641653947521,10.143316900390156,0.7
33,2016-12-16,bad_025,bad,False,True,False,,,,9.0,10.0,9.0,11.0,0.45,0.43360714671898554,0.396130617936822,0.5210523805440339,0.6530612244897959,0.9937239604542792,0.0005577961689739966,0.9937242166381118,0.0005577961689739966,15.855028191333028,0.85
33,2016-12-16,bad_026,bad,True,True,True,,,,8.5,11.0,9.5,11.0,0.4634146341463415,0.5961942065200477,0.5966205487697567,0.5951994079373936,0.061224489795918366,2.155474297670244,0.0009539073161788947,2.1554749871958956,0.0009539073161788947,35.07800208965848,1.0
33,2016-12-16,bad_027,bad,False,False,,success,0.8200000000000002,0.45696701187165445,8.5,10.0,9.0,10.0,0.47368421052631576,0.42172241562612967,0.3809913856700411,0.51676148552367,,,,0.35515552518761967,0.00022069017359486746,5.568554541968742,0.7
33,2016-12-16,bad_028,bad,True,False,,,,,9.5,10.0,9.5,10.0,0.48717948717948717,0.5277304103064012,0.4857857818372121,0.6256012100678428,,,,1.0859703742119495,0.0007076076117545202,17.242550465573387,0.8
33,2016-12-16,bad_029,bad,False,False,,failure,0.5100000000000001,-4.448935119235898,11.5,13.0,11.5,13.0,0.46938775510204084,0.4601325682906202,0.4408413022769269,0.5051455223225713,,,,1.0442567678755819,0.0005745686544121291,16.83567703589877,0.9
33,2016-12-16,bad_030,bad,False,False,,failure,0.5100000000000001,-6.437855234884921,9.0,11.0,9.0,11.0,0.45,0.464490306058234,0.48013912769436756,0.42797638890725576,,,,1.009970694475125,0.0004862410642998523,16.08099211117105,0.9
33,2016-12-16,bad_031,bad,False,False,,failure,0.36000000000000004,-2.2110877191739746,14.0,11.0,14.0,11.0,0.56,0.4767118821801807,0.39364055796766184,0.6705449720093913,,,,0.3411798003381157,0.00020778474262377365,5.56866412238442,0.5
33,2016-12-16,bad_032,bad,False,False,,failure,0.5100000000000001,-2.02753570777125,8.5,10.0,8.5,10.0,0.4594594594594595,0.3906957384641905,0.3736086429784053,0.4305656279310226,,,,0.6487683038326651,0.0003656877085611807,10.269421324594564,0.7
33,2016-12-16,bad_033,bad,False,False,,failure,0.39000000000000007,-5.2039608858600275,7.0,12.0,7.0,12.0,0.3684210526315789,0.3711542963540124,0.403484789540846,0.2957164789180676,,,,0.5344692546724814,0.00023702053640964845,8.397519927273908,0.6
33,2016-12-16,bad_034,bad,False,False,,failure,0.48000000000000004,-0.2863530216433219,9.5,11.0,9.5,11.0,0.4634146341463415,0.3418833343175064,0.3041101683929468,0.4300207214748123,,,,0.26251117420917053,0.00019759802984666946,4.1494568751714995,0.65
33,2016-12-16,bad_035,bad,False,False,,success,0.8200000000000002,1.4731826464867197,10.0,11.0,10.5,11.0,0.4883720930232558,0.3870386779032853,0.4079661723575678,0.33820785750995935,,,,0.24689144190608625,0.00015151990433136578,3.8191029907143084,0.5
33,2016-12-16,bad_036,bad,False,False,,failure,0.39000000000000007,-7.866427981095555,9.5,12.0,9.5,12.0,0.4418604651162791,0.4746111808844212,0.47069489662602526,0.4837491774873453,,,,0.4444094443691126,0.00030744874470350355,7.128810185830453,0.7
33,2016-12-16,bad_037,bad,True,False,,,,,6.0,10.0,6.0,10.0,0.375,0.5349175218029882,0.5519859533942583,0.49509118142335845,,,,1.5030756251398414,0.0008839772957804678,23.973704688827233,0.9
33,2016-12-16,bad_038,bad,True,True,True,,,,13.0,12.0,14.0,12.0,0.5384615384615384,0.572388772006143,0.5507340598869862,0.622916433617509,0.22448979591836735,1.635973995486718,0.0008112744327426674,1.635974461908484,0.0008112744327426674,25.8126923944437,0.9
33,2016-12-16,bad_039,bad,False,False,,failure,0.5100000000000001,-2.2665152529862382,11.5,10.0,11.5,10.0,0.5348837209302325,0.3705776352169383,0.3631493044143731,0.38791040708959057,,,,0.1921289520285329,0.00015431319317336744,3.0282267411521255,0.55
33,2016-12-16,bad_040,bad,False,False,,success,0.8200000000000002,0.9520562655301887,10.5,11.0,11.0,11.0,0.5,0.4600802162857839,0.4375528076832367,0.5126441696917273,,,,0.924928024481187,0.0006029025173528238,14.63833803216513,0.75
33,2016-12-16,bad_041,bad,True,False,,,,,14.0,11.0,14.0,11.0,0.56,0.535259774998945,0.45523684496594025,0.7219799450759559,,,,0.5432290452566668,0.00028524888050757434,8.326439420668196,0.8
33,2016-12-16,bad_042,bad,False,False,,success,0.9700000000000001,2.9041503434062577,8.5,10.0,9.0,10.0,0.47368421052631576,0.41651621329987926,0.46473881481058243,0.3039968097749051,,,,1.0451983770321498,0.0005543533361689479,16.687290799829572,0.85
33,2016-12-16,bad_043,bad,False,False,,failure,0.39000000000000007,-1.9380143862686623,9.5,10.0,9.5,10.0,0.48717948717948717,0.45164000008925786,0.4361036984475294,0.48789137058662446,,,,0.5025369034800022,0.0002854973437188205,7.8625086980132615,0.75
33,2016-12-16,bad_044,bad,False,False,,success,0.8200000000000002,4.145932530927922,9.0,11.0,9.5,11.0,0.4634146341463415,0.47947702507323564,0.4973984677659954,0.4376603254567961,,,,1.6236468120586491,0.0008748527891040655,25.743026855334946,0.95
33,2016-12-16,bad_045,bad,False,False,,success,0.8200000000000002,1.429655649803891,9.0,13.0,9.5,13.0,0.4222222222222222,0.4525618649294784,0.4568268708384149,0.4426101844752933,,,,0.7647854062416759,0.00045156063717697383,12.211669589320566,0.7
33,2016-12-16,bad_046,bad,False,False,,failure,0.39000000000000007,-1.507770536371254,8.5,12.0,8.5,12.0,0.4146341463414634,0.4137556267410688,0.4149759450898022,0.410908217260691,,,,0.38221696550926826,0.0002771332810689426,6.075390509827835,0.65
33,2016-12-16,bad_047,bad,True,False,,,,,12.5,14.0,13.0,14.0,0.48148148148148145,0.49698145092686996,0.45006933875664007,0.6064430459907397,,,,0.7964170395493843,0.0004750647349402364,12.73117069804325,0.7
33,2016-12-16,bad_048,bad,True,False,,,,,10.0,10.0,10.5,10.0,0.5121951219512195,0.5292193337475392,0.48362936854696537,0.6355959192155446,,,,0.7803728908726616,0.0004554829246157709,12.317331811000619,0.75
33,2016-12-16,bad_049,bad,True,False,,,,,11.0,11.0,11.0,11.0,0.5,0.5337604193980001,0.4718692638247447,0.6781731157355964,,,,1.391675130753782,0.0007032865569880293,22.026054150791225,0.9
34,2017-01-16,good_000,good,True,True,True,,,,29.5,12.0,30.5,12.0,0.7176470588235294,0.6377029015679035,0.5788372665380863,0.7750560499708106,0.1836734693877551,1.5824518555595013,0.0008607978110326354,1.5824522675938826,0.0008607978110326354,25.00979859001406,0.95
34,2017-01-16,good_001,good,True,True,True,,,,30.0,11.0,31.0,11.0,0.7380952380952381,0.6091449160986617,0.5529105201940523,0.7403585065427506,0.04081632653061224,2.108282462812188,0.0009252372964751463,2.1082831414923593,0.0009252372964751463,33.6591434260923,0.95
34,2017-01-16,good_002,good,True,True,True,,,,32.0,9.0,33.0,9.0,0.7857142857142857,0.575091504843758,0.48046159559541934,0.7958946264232152,0.42857142857142855,1.2354128456972227,0.000639677237417524,1.2354131841594256,0.000639677237417524,19.625443618813765,0.85
34,2017-01-16,good_003,good,True,True,False,,,,33.0,9.0,33.0,10.0,0.7674418604651163,0.5325564848661015,0.42622763955591225,0.7806571239232096,0.8775510204081632,0.6009462140081204,0.00041961251019247744,0.6009463372129964,0.00041961251019247744,9.555625423727397,0.7
34,2017-01-16,good_004,good,True,True,True,,,,31.0,11.0,32.0,11.0,0.7441860465116279,0.6643916136375178,0.5991165226477928,0.8167001592802096,0.10204081632653061,1.977040427547283,0.0008610006265958358,1.9770410706431234,0.0008610006265958358,31.231125818320653,1.0
34,2017-01-16,good_005,good,True,True,True,,,,32.5,9.0,33.5,9.0,0.788235294117647,0.6167177192035347,0.5709961585115232,0.7234013608182283,0.32653061224489793,1.3474378023829507,0.0008420980464548476,1.3474381077560957,0.0008420980464548476,21.255919355522714,0.9
34,2017-01-16,good_006,good,True,True,False,,,,31.0,10.0,31.0,11.0,0.7380952380952381,0.601351152784351,0.52290675817407,0.7843880735416736,0.5510204081632653,1.1338375434386432,0.000688244709943901,1.133837808656622,0.000688244709943901,17.967347242033615,0.75
34,2017-01-16,good_007,good,False,True,False,,,,29.5,11.0,29.5,12.0,0.7108433734939759,0.501434450865026,0.4373010094778317,0.6510791474351464,0.9387755102040817,0.4733192935193632,0.0003648763564298231,0.47331937902694643,0.0003648763564298231,7.48605133337636,0.75
34,2017-01-16,good_008,good,True,True,True,,,,28.0,13.0,29.0,13.0,0.6904761904761905,0.6143328126690228,0.5458275318884626,0.7741784678236634,0.08163265306122448,2.033076006944962,0.0008280729150135797,2.033076713214306,0.0008280729150135797,31.916691206912343,1.0
34,2017-01-16,good_009,good,True,True,True,,,,35.0,6.0,36.0,6.0,0.8571428571428571,0.6051771618669729,0.554913114185547,0.7224599397903001,0.3877551020408163,1.264082540963189,0.0007321265342805592,1.2640828494349383,0.0007321265342805592,20.31974255578473,0.9
34,2017-01-16,good_010,good,True,True,False,,,,39.0,3.0,39.0,4.0,0.9069767441860465,0.6120501655577458,0.5511193093639847,0.7542221633431887,0.3469387755102041,1.3129023726033138,0.0007479015627915995,1.312902698851924,0.0007479015627915995,20.84403354921288,0.9
34,2017-01-16,good_011,good,True,True,True,,,,32.5,9.0,33.5,9.0,0.788235294117647,0.6105152850124755,0.5861472135945812,0.6673741183208959,0.20408163265306123,1.5757111008344937,0.0007483857001711612,1.5757115761404883,0.0007483857001711612,24.857442997081964,0.85
34,2017-01-16,good_012,good,True,True,True,,,,34.0,8.0,35.0,8.0,0.813953488372093,0.6086707093245156,0.526453357819883,0.8005111961686585,0.6122448979591837,0.9700859687931713,0.0006583236394162135,0.9700861724394806,0.0006583236394162135,15.429568579900963,0.75
34,2017-01-16,good_013,good,True,True,True,,,,26.0,14.0,27.0,14.0,0.6585365853658537,0.5822846625405937,0.5256303221850098,0.7144781233702895,0.24489795918367346,1.4667597405221655,0.0007748504699328915,1.466760130453343,0.0007748504699328915,23.135192770116642,0.9
34,2017-01-16,good_014,good,True,True,False,,,,32.0,9.0,32.0,10.0,0.7619047619047619,0.6247836174252305,0.5440622400745396,0.813133497910176,0.4489795918367347,1.234915986055338,0.0007403286003457683,1.2349162790317252,0.0007403286003457683,19.739428223470412,0.85
34,2017-01-16,good_015,good,False,True,False,,,,30.5,11.0,30.5,12.0,0.7176470588235294,0.47259615418644096,0.40345836346884,0.6339176658608434,1.0,0.20826419870319796,0.00013978583486401062,0.20826424219241907,0.00013978583486401062,3.319848438785203,0.6
34,2017-01-16,good_016,good,True,True,True,,,,36.0,6.0,37.0,6.0,0.8604651162790697,0.618442152712784,0.525484006513426,0.8353444938446196,0.2857142857142857,1.3691849138871082,0.0006532929722886925,1.3691853208083613,0.0006532929722886925,21.517602316787137,0.9
34,2017-01-16,good_017,good,True,True,True,,,,34.0,8.0,35.0,8.0,0.813953488372093,0.6343442505955285,0.5866589372218255,0.7456099818008356,0.16326530612244897,1.5965781610163512,0.0009201476949359409,1.596578553676798,0.0009201476949359409,25.211471520767464,0.95
34,2017-01-16,good_018,good,True,True,True,,,,32.0,10.0,33.0,10.0,0.7674418604651163,0.5714940214567971,0.4986222251454194,0.7415282128500118,0.5918367346938775,1.0155760925649058,0.0006630221180350729,1.0155763106288913,0.0006630221180350729,16.060401103830568,0.85
34,2017-01-16,good_019,good,True,True,True,,,,33.0,9.0,34.0,9.0,0.7906976744186046,0.6497730634208424,0.6060841822568043,0.7517137861369315,0.061224489795918366,2.0561048910111643,0.0009848497549677221,2.056105500734078,0.0009848497549677221,32.51791097929001,1.0
34,2017-01-16,medium_000,medium,False,False,,neutral,0.5100000000000001,-0.09903247318793262,19.0,15.0,19.0,15.0,0.5588235294117647,0.47778218122946536,0.43564916463248005,0.5760925532890979,,,,0.753248218859928,0.00045652270849530393,11.983061532909055,0.8
34,2017-01-16,medium_001,medium,False,True,False,,,,23.5,13.0,23.5,14.0,0.6266666666666667,0.48231382914845666,0.46316786329796356,0.526987749466274,0.8163265306122449,0.7665650996441887,0.00040600272156581787,0.7665653033048925,0.00040600272156581787,11.867257234023318,0.7
34,2017-01-16,medium_002,medium,True,False,,,,,22.5,14.0,23.0,14.0,0.6216216216216216,0.5399905941059744,0.508545425714471,0.6133626536861491,,,,0.8128723128441908,0.00047363488206556643,12.838041431248646,0.75
34,2017-01-16,medium_003,medium,True,False,,,,,24.0,15.0,24.0,15.0,0.6153846153846154,0.5606091404480662,0.5323107274515749,0.6266387707732127,,,,1.1079166841675296,0.0005351922922773617,17.64824349264325,0.9
34,2017-01-16,medium_004,medium,True,True,True,,,,25.5,12.0,26.5,12.0,0.6883116883116883,0.5845977688290012,0.5127549937335911,0.7522309107182914,0.22448979591836735,1.4852133651171069,0.00085473118092853,1.4852137308701832,0.00085473118092853,23.51555329959644,0.9
34,2017-01-16,medium_005,medium,True,True,True,,,,22.0,13.0,23.0,13.0,0.6388888888888888,0.5486666439093797,0.49875312881342737,0.6651315124666018,0.46938775510204084,1.208663371974608,0.0004491239883068366,1.2086638281143534,0.0004491239883068366,18.995781419606743,0.8
34,2017-01-16,medium_006,medium,True,True,True,,,,20.0,15.0,21.0,15.0,0.5833333333333334,0.5675958742053124,0.5315160231474336,0.6517821933403629,0.673469387755102,0.8717956374814222,0.0005517375140056572,0.8717958345432999,0.0005517375140056572,13.988629671627406,0.7
34,2017-01-16,medium_007,medium,True,False,,,,,14.5,16.0,15.0,16.0,0.4838709677419355,0.5354408040368721,0.5529282169266955,0.4946368406272845,,,,1.2169667520542136,0.0006994089360689655,19.290523550345856,0.85
34,2017-01-16,medium_008,medium,False,True,True,,,,19.5,16.0,20.5,16.0,0.5616438356164384,0.47927314555401906,0.4787378523887932,0.4805221629395462,0.40816326530612246,1.237384800933245,0.0007776931031682875,1.2373850797232233,0.0007776931031682875,19.71503742428681,0.95
34,2017-01-16,medium_009,medium,True,True,False,,,,26.0,12.0,26.0,13.0,0.6666666666666666,0.5570215451494307,0.5000206449576711,0.69002364559687,0.7346938775510204,0.7929243754712935,0.00050759855515656,0.7929245522485415,0.00050759855515656,12.518713262255195,0.8
34,2017-01-16,medium_010,medium,False,True,False,,,,18.5,17.0,18.5,18.0,0.5068493150684932,0.46721974355265655,0.434344628602473,0.5439283451030849,0.9183673469387755,0.5492304072593814,0.00034073598010122354,0.5492305319432745,0.00034073598010122354,8.69435536456832,0.75
34,2017-01-16,medium_011,medium,False,True,False,,,,19.0,13.0,19.0,14.0,0.5757575757575758,0.5078590067420243,0.48484940982935787,0.5615480662049127,0.7959183673469388,0.7731682298610904,0.00045131074292916265,0.7731684200377144,0.00045131074292916265,12.274160130096773,0.8
34,2017-01-16,medium_012,medium,False,False,,failure,0.39000000000000007,-0.3492682201182191,22.0,14.0,22.0,14.0,0.6111111111111112,0.4963500926067032,0.42384468751628424,0.6655293711510143,,,,0.39761558399674435,0.00024213820838506612,6.362734351031056,0.6
34,2017-01-16,medium_013,medium,False,True,False,,,,18.0,12.0,18.0,13.0,0.5806451612903226,0.5071437535222407,0.48735986786083807,0.5533061533988471,0.7755102040816326,0.781159138324783,0.0005020761020643437,0.7811593114178397,0.0005020761020643437,12.373230709689754,0.75
34,2017-01-16,medium_014,medium,True,True,False,,,,24.0,11.0,24.0,12.0,0.6666666666666666,0.5471103250806078,0.4833087499703971,0.6959806670044328,0.6938775510204082,0.842426331739781,0.0005903861527214922,0.8424265024272402,0.0005903861527214922,13.384427647058947,0.8
34,2017-01-16,medium_015,medium,False,True,False,,,,20.0,13.0,20.0,14.0,0.5882352941176471,0.4522337829092171,0.4405574006134608,0.47947867493264845,0.8367346938775511,0.6992572280445427,0.00036475032250601034,0.6992574187512237,0.00036475032250601034,11.123792657242037,0.7
34,2017-01-16,medium_016,medium,True,True,True,,,,24.5,15.0,25.5,15.0,0.6296296296296297,0.5579896359285321,0.5019362506328051,0.6887808682852287,0.6326530612244898,0.9449885675391304,0.00042122598455718915,0.9449888687083636,0.00042122598455718915,14.83780026140867,0.75
34,2017-01-16,medium_017,medium,True,False,,,,,15.0,16.0,15.5,16.0,0.49206349206349204,0.5293429953849565,0.5265852051214089,0.5357778393332344,,,,1.002495738957295,0.0006099756527848313,15.965076342644114,0.85
34,2017-01-16,medium_018,medium,True,True,False,,,,25.5,15.0,25.5,16.0,0.6144578313253012,0.5799049735879708,0.5178422112462633,0.7247180857186215,0.7142857142857143,0.8319609032103805,0.0005615353481314346,0.8319610808372989,0.0005615353481314346,13.193395213387014,0.85
34,2017-01-16,medium_019,medium,False,True,False,,,,18.0,15.0,18.0,16.0,0.5294117647058824,0.5073437275038922,0.49892686233532957,0.5269830795638719,0.5306122448979592,1.1515534042426108,0.0005845653707050118,1.1515537281701622,0.0005845653707050118,18.283300460160813,0.9
34,2017-01-16,medium_020,medium,True,True,True,,,,22.5,14.0,23.5,14.0,0.6266666666666667,0.6143456648715776,0.5854401279263384,0.6817919177438024,0.02040816326530612,2.2359650203952395,0.0009459633551961062,2.235965770296811,0.0009459633551961062,34.86410103999849,1.0
34,2017-01-16,medium_021,medium,False,True,True,,,,20.5,15.0,21.5,15.0,0.589041095890411,0.4843618773613128,0.4665093474282185,0.526017780538533,0.5714285714285714,1.0652224332486078,0.0005444866193406756,1.0652227291441598,0.0005444866193406756,16.81856708023432,0.85
34,2017-01-16,medium_022,medium,True,False,,,,,26.0,14.0,26.5,14.0,0.654320987654321,0.5282674517052242,0.41913776883661086,0.782903378398655,,,,0.5893785724411951,0.00041246399421927685,9.364743324661553,0.75
34,2017-01-16,medium_023,medium,True,False,,,,,20.5,17.0,21.0,17.0,0.5526315789473685,0.5238202480495271,0.5404116929246904,0.48510687667414626,,,,1.5373490359408375,0.0007235589254816932,24.488075280671293,0.95
34,2017-01-16,medium_024,medium,True,False,,,,,20.0,14.0,20.0,14.0,0.5882352941176471,0.5764565920095519,0.5432564864488858,0.6539235049844395,,,,2.010317582102879,0.0008556284409033486,32.402230095644704,0.95
34,2017-01-16,medium_025,medium,True,False,,,,,20.0,17.0,20.5,17.0,0.5466666666666666,0.5476440588664548,0.49762210133427054,0.6643619597748849,,,,1.121265515348871,0.0005525128778584595,17.82356925172107,0.85
34,2017-01-16,medium_026,medium,True,True,True,,,,27.5,11.0,28.5,11.0,0.7215189873417721,0.6135685352207597,0.5314880063597356,0.8050897692298161,0.4897959183673469,1.1821885136849206,0.0006592570578864208,1.1821888141744026,0.0006592570578864208,18.558787458400335,0.85
34,2017-01-16,medium_027,medium,True,False,,,,,15.0,12.0,15.5,12.0,0.5636363636363636,0.5502734116995291,0.5280421560065801,0.6021463416497438,,,,1.4659291648703547,0.0007112515707068996,23.311210139057724,0.95
34,2017-01-16,medium_028,medium,True,True,True,,,,22.0,14.0,23.0,14.0,0.6216216216216216,0.5149830382184428,0.48361252715385705,0.5881808973691433,0.2653061224489796,1.411724049214422,0.000637457563377571,1.411724491655843,0.000637457563377571,22.248083472798356,0.85
34,2017-01-16,medium_029,medium,True,False,,,,,19.0,14.0,19.5,14.0,0.582089552238806,0.5267413406247116,0.5006986111849576,0.5875077093174709,,,,1.0645829861352973,0.0006752870608369129,16.98990639517171,0.85
34,2017-01-16,bad_000,bad,False,False,,success,0.9700000000000001,4.134279745131991,15.0,16.0,15.5,16.0,0.49206349206349204,0.46173010232237344,0.4872602346097871,0.40215979365174154,,,,1.2525522340832738,0.000719262204500392,19.712314062974635,0.9
34,2017-01-16,bad_001,bad,False,False,,failure,0.5100000000000001,-2.05360670075855,12.0,12.0,12.0,12.0,0.5,0.4175806159713569,0.38796684717989766,0.48667940981809527,,,,0.558707489081567,0.00041509859375959117,8.771171888640579,0.6
34,2017-01-16,bad_002,bad,False,True,False,,,,8.0,10.0,8.0,11.0,0.42105263157894735,0.35251046510769535,0.3419495759684738,0.3771525397658791,0.8979591836734694,0.5870472419097419,0.0002896926246318827,0.5870474071302493,0.0002896926246318827,9.300326151420933,0.75
34,2017-01-16,bad_003,bad,False,False,,failure,0.5100000000000001,-1.745860346352302,11.5,13.0,11.5,13.0,0.46938775510204084,0.36813775073068533,0.35061763255116385,0.40901802648290225,,,,0.6898917346572849,0.00042640003608358063,10.91531571842838,0.8
34,2017-01-16,bad_004,bad,False,False,,failure,0.5100000000000001,-1.0419331311651518,10.5,11.0,10.5,11.0,0.4883720930232558,0.4152357614907599,0.3952663027014719,0.4618311653324319,,,,0.4716209914057771,0.00026274699137268816,7.456844574152141,0.6
34,2017-01-16,bad_005,bad,True,False,,,,,6.5,10.0,7.0,10.0,0.4117647058823529,0.5234952780487045,0.5096011930798316,0.5559148096427413,,,,1.049509502666113,0.0006761849104650385,16.63164063015889,0.9
34,2017-01-16,bad_006,bad,False,False,,failure,0.5100000000000001,-3.367002780384894,10.5,15.0,10.5,15.0,0.4117647058823529,0.4620764470280482,0.39823294542629845,0.6110446174321311,,,,0.5771762697460461,0.0003173098686359745,9.16361223806583,0.7
34,2017-01-16,bad_007,bad,False,True,False,,,,10.0,10.0,10.0,11.0,0.47619047619047616,0.4549882306309071,0.41473035670806463,0.5489232697842062,0.9591836734693877,0.43221682834554614,0.0002785182622520874,0.43221692142113266,0.0002785182622520874,6.774549995144791,0.75
34,2017-01-16,bad_008,bad,False,False,,failure,0.39000000000000007,-0.7550756468198898,7.0,9.0,7.0,9.0,0.4375,0.485734851611189,0.44882030858882704,0.5718687853300335,,,,0.7667928773304562,0.0004314845802809705,12.336207541178743,0.8
34,2017-01-16,bad_009,bad,True,True,True,,,,11.0,12.0,12.0,12.0,0.5,0.5125324968555927,0.6097224386556773,0.2857559659887287,0.0,3.3622152524021747,0.0009682120542449197,3.3622169033753875,0.0009682120542449197,52.60093658555918,1.0
34,2017-01-16,bad_010,bad,False,False,,success,0.8200000000000002,1.98851460512401,10.5,15.0,11.0,15.0,0.4230769230769231,0.42985676647835513,0.5064917552383388,0.2510417927050601,,,,1.0726837532737914,0.0006297133628070497,17.051604568150214,0.9
34,2017-01-16,bad_011,bad,True,False,,,,,7.5,11.0,7.5,11.0,0.40540540540540543,0.5130615351976299,0.5130906627867082,0.5129935708231136,,,,1.6435815813155896,0.0007625231322567481,26.02859526440037,0.95
34,2017-01-16,bad_012,bad,False,False,,failure,0.5100000000000001,-1.8102804764506146,11.0,12.0,11.0,12.0,0.4782608695652174,0.4429194996848148,0.39918257898692927,0.5449723146465478,,,,0.4779305419027133,0.0003148708240686203,7.411869839562118,0.75
34,2017-01-16,bad_013,bad,False,False,,success,0.8200000000000002,1.589470573162771,13.5,14.0,14.0,14.0,0.5,0.4397573864039691,0.3965107662846832,0.540666166682303,,,,0.5371223917083288,0.0003533507265205603,8.527806999714048,0.65
34,2017-01-16,bad_014,bad,False,False,,failure,0.36000000000000004,-2.0283071797983325,7.5,9.0,7.5,9.0,0.45454545454545453,0.4602820940065994,0.4007827053616298,0.599114000844862,,,,0.6338194271571085,0.00042671216248069366,10.22824740781223,0.85
34,2017-01-16,bad_015,bad,False,False,,failure,0.5100000000000001,-2.3458578287381755,9.0,10.0,9.0,10.0,0.47368421052631576,0.34673283601501925,0.35609037019692547,0.3248985895905716,,,,0.7662969747261245,0.00042042879524097223,12.181249089179659,0.7
34,2017-01-16,bad_016,bad,False,False,,success,0.9400000000000001,3.655395822966682,10.5,12.0,11.0,12.0,0.4782608695652174,0.4479627762860968,0.4065920260710483,0.5444945267878768,,,,0.4803673461446115,0.0003467887718438156,7.4754314045744366,0.8
34,2017-01-16,bad_017,bad,False,False,,success,0.9400000000000001,5.028949083545953,10.0,12.0,10.5,12.0,0.4666666666666667,0.4512822885834262,0.485096150439786,0.3723832775852535,,,,1.062556275266629,0.0006089672936015189,16.576358197334713,0.9
34,2017-01-16,bad_018,bad,True,False,,,,,13.5,13.0,13.5,13.0,0.5094339622641509,0.567839345922657,0.537554496623562,0.638503994287212,,,,1.3967596941304312,0.0006770606530423309,21.803202936849043,0.9
34,2017-01-16,bad_019,bad,False,False,,failure,0.39000000000000007,-0.6036941797076736,12.0,14.0,12.0,14.0,0.46153846153846156,0.4266699814415675,0.46630125377146947,0.33419701267179625,,,,1.125046708942092,0.0004964182775041577,17.635218559230964,0.9
34,2017-01-16,bad_020,bad,False,True,True,,,,11.5,11.0,12.5,11.0,0.5319148936170213,0.47709111645649016,0.5191972215359659,0.3788435379377136,0.3673469387755102,1.2648924660019571,0.0006165633122858898,1.2648928388408318,0.0006165633122858898,20.10937766550525,0.95
34,2017-01-16,bad_021,bad,True,False,,,,,11.0,13.0,11.5,13.0,0.46938775510204084,0.5690790946342387,0.5234047618903666,0.6756525377032737,,,,1.928193406123498,0.0008897568601230904,30.374125396645578,0.95
34,2017-01-16,bad_022,bad,False,False,,failure,0.5100000000000001,-1.6216450338949215,11.0,11.0,11.0,11.0,0.5,0.4485636525909152,0.4492139795422944,0.4470462230376971,,,,0.8379034179641005,0.0004795667621556395,13.01606725045671,0.8
34,2017-01-16,bad_023,bad,False,False,,success,0.8200000000000002,3.481321583503828,9.0,13.0,9.5,13.0,0.4222222222222222,0.4400464495477023,0.4162967205858832,0.49546248379194696,,,,0.7588827946471657,0.0004319541188134452,11.952177469208126,0.7
34,2017-01-16,bad_024,bad,False,False,,failure,0.39000000000000007,-3.473113683770663,10.5,11.0,10.5,11.0,0.4883720930232558,0.3669978582148087,0.37185584922565845,0.3556625458561593,,,,0.9857705504709156,0.0005132817797216045,15.78384466015625,0.85
34,2017-01-16,bad_025,bad,False,False,,success,0.9700000000000001,2.6856525896677823,9.0,11.0,9.5,11.0,0.4634146341463415,0.49740488024972257,0.5340918885096837,0.41180186097648014,,,,1.3741169211847915,0.0006341116509939555,21.75083637098259,0.9
34,2017-01-16,bad_026,bad,True,True,True,,,,9.5,11.0,10.5,11.0,0.4883720930232558,0.5315267897437501,0.5218604482290827,0.5540815866113076,0.14285714285714285,1.6069384799026911,0.0006234379382004229,1.606939064308424,0.0006234379382004229,25.997806052832978,1.0
34,2017-01-16,bad_027,bad,False,False,,success,0.8200000000000002,0.18603985185502836,9.0,10.0,9.5,10.0,0.48717948717948717,0.4056269616215195,0.43781241504477053,0.3305275703006006,,,,0.810323972889844,0.0005645222978438138,12.741796985754709,0.7
34,2017-01-16,bad_028,bad,False,True,False,,,,9.5,10.0,9.5,11.0,0.4634146341463415,0.4495571915222022,0.43710608300297493,0.47860977806706584,0.6530612244897959,0.8992657445257103,0.0005531615311480973,0.8992659527931518,0.0005531615311480973,14.255153316417466,0.75
34,2017-01-16,bad_029,bad,True,False,,,,,11.5,13.0,12.0,13.0,0.48,0.5460496312954276,0.5507784782774229,0.5350156550041053,,,,1.948274544744506,0.000902430078085812,30.730198498282824,0.95
34,2017-01-16,bad_030,bad,False,False,,failure,0.39000000000000007,-2.545221556883945,9.0,11.0,9.0,11.0,0.45,0.3111352143095445,0.3025884358613846,0.33107769735525105,,,,0.1640029749426543,0.00010338317542338933,2.511830039551938,0.5
34,2017-01-16,bad_031,bad,False,False,,success,0.8200000000000002,0.14887689087446176,14.0,11.0,14.5,11.0,0.5686274509803921,0.5042791999645291,0.5078859235031709,0.49586351170769816,,,,0.7461140737081158,0.0004849735456359984,11.774534320335139,0.7
34,2017-01-16,bad_032,bad,False,False,,failure,0.48000000000000004,-0.2691352489176069,8.5,10.0,8.5,10.0,0.4594594594594595,0.4812110780570263,0.4876010626840605,0.46630111392727996,,,,0.5897685246374064,0.00041552383936979004,9.268902515044024,0.65
34,2017-01-16,bad_033,bad,False,False,,failure,0.36000000000000004,-5.6124451827182895,7.0,12.0,7.0,12.0,0.3684210526315789,0.36660433863074765,0.3401334947661372,0.4283696409815055,,,,0.11321575883865491,8.137641257358891e-05,1.8591283643173675,0.55
34,2017-01-16,bad_034,bad,False,False,,failure,0.48000000000000004,-0.16161265363454902,9.5,11.0,9.5,11.0,0.4634146341463415,0.45391888992467,0.39406781773493144,0.5935713917007267,,,,0.561169792439162,0.0003754723141308117,8.921492874053042,0.65
34,2017-01-16,bad_035,bad,False,False,,success,0.9400000000000001,1.1588344106950075,10.5,11.0,11.0,11.0,0.5,0.4645245400677173,0.4154083437785939,0.579128998075672,,,,0.614045773535196,0.0004087585475150455,9.715108049545677,0.65
34,2017-01-16,bad_036,bad,False,False,,failure,0.48000000000000004,-4.150660156142749,9.5,12.0,9.5,12.0,0.4418604651162791,0.30230374202252597,0.2875363019021838,0.33676110230332434,,,,0.15112072310273061,6.146360068545742e-05,2.0437051219549494,0.45
34,2017-01-16,bad_037,bad,False,True,False,,,,6.0,10.0,6.0,11.0,0.35294117647058826,0.34775744193137986,0.330983539994837,0.38689654644998006,0.9795918367346939,0.33458711197297547,0.00018627910870510438,0.33458719955763333,0.00018627910870510438,5.462748260805388,0.8
34,2017-01-16,bad_038,bad,True,True,True,,,,14.0,12.0,15.0,12.0,0.5555555555555556,0.5933586602921954,0.5896405894206622,0.6020341589924395,0.12244897959183673,1.8996294773211613,0.0007792278670619917,1.8996301321452638,0.0007792278670619917,30.006089906732477,0.95
34,2017-01-16,bad_039,bad,False,False,,success,0.9400000000000001,3.43698228185751,11.5,10.0,12.0,10.0,0.5454545454545454,0.5089116750611222,0.47447865753053997,0.5892553826324809,,,,0.67993003066681,0.0003899863682642224,10.78866669390404,0.7
34,2017-01-16,bad_040,bad,False,False,,success,0.8200000000000002,0.7207029772366269,11.0,11.0,11.5,11.0,0.5111111111111111,0.4433528969204827,0.3731141305724118,0.6072433517326483,,,,0.4657681852007368,0.0002545298293815533,7.326532756393621,0.7
34,2017-01-16,bad_041,bad,True,True,True,,,,14.0,11.0,15.0,11.0,0.5769230769230769,0.5344157634701963,0.49472385463906376,0.6270302174095055,0.30612244897959184,1.3607504734899651,0.0006962882291863645,1.3607508493234362,0.0006962882291863645,21.365285955240864,0.8
34,2017-01-16,bad_042,bad,False,False,,failure,0.5100000000000001,-2.4786556360546257,9.0,10.0,9.0,10.0,0.47368421052631576,0.46460698138589074,0.47257519687375577,0.44601447858087245,,,,1.0979663766291325,0.0005301855403159313,17.679938510280518,0.8
34,2017-01-16,bad_043,bad,False,False,,failure,0.39000000000000007,-2.338059777930326,9.5,10.0,9.5,10.0,0.48717948717948717,0.4998530698937249,0.4866231634044008,0.5307228517021477,,,,0.6335546889546942,0.00041453652876352235,10.135734980145692,0.7
34,2017-01-16,bad_044,bad,True,False,,,,,9.5,11.0,10.0,11.0,0.47619047619047616,0.5120709630609243,0.46017137480072945,0.6331700023347123,,,,0.6177823893259731,0.0003748450939059237,9.93604875561503,0.65
34,2017-01-16,bad_045,bad,True,False,,,,,9.5,13.0,9.5,13.0,0.4222222222222222,0.5183774077707044,0.5210429871318812,0.5121577225946253,,,,1.0419793327001157,0.0006163463804018975,16.605743109572995,0.8
34,2017-01-16,bad_046,bad,False,False,,failure,0.39000000000000007,-0.15679869731877716,8.5,12.0,8.5,12.0,0.4146341463414634,0.492834302425736,0.4217613644889747,0.6586711576115124,,,,0.8183871411628915,0.0005018343170146443,12.902782676799978,0.8
34,2017-01-16,bad_047,bad,False,True,False,,,,13.0,14.0,13.0,15.0,0.4642857142857143,0.40092768444928417,0.4207378221859156,0.35470402973047765,0.7551020408163265,0.7898499196562526,0.0004234908552847547,0.7898501247608809,0.0004234908552847547,12.429206613257037,0.8
34,2017-01-16,bad_048,bad,False,True,False,,,,10.5,10.0,10.5,11.0,0.4883720930232558,0.4803080888272684,0.3709861223323001,0.7353926773155277,0.8571428571428571,0.6193049027561506,0.0004817831917441024,0.61930501645685,0.0004817831917441024,9.942413835989639,0.75
34,2017-01-16,bad_049,bad,True,True,True,,,,11.0,11.0,12.0,11.0,0.5217391304347826,0.5394382958111333,0.4817100669002774,0.6741374966031307,0.5102040816326531,1.1612206493500814,0.0005412003635624693,1.161221004514159,0.0005412003635624693,18.581206947229354,0.85
35,2017-02-14,good_000,good,True,True,True,,,,30.5,12.0,31.5,12.0,0.7241379310344828,0.5897492273590131,0.5014972790888071,0.795670439989494,0.20408163265306123,1.5498768814467507,0.0007967495824362993,1.5498773127848524,0.0007967495824362993,24.576105881634184,0.9
35,2017-02-14,good_001,good,True,True,False,,,,31.0,11.0,31.0,12.0,0.7209302325581395,0.5507457488199624,0.4637934542019978,0.7536344362618799,0.7755102040816326,0.846881218681141,0.0004750814248661352,0.8468814318920092,0.0004750814248661352,13.531231336830142,0.7
35,2017-02-14,good_002,good,True,True,True,,,,33.0,9.0,34.0,9.0,0.7906976744186046,0.5985810958132882,0.5151326403848662,0.7932941584796063,0.5102040816326531,1.111749897483814,0.0006266239534224189,1.111750174434016,0.0006266239534224189,17.71530685588104,0.9
35,2017-02-14,good_003,good,False,True,False,,,,33.0,10.0,33.0,11.0,0.75,0.48029813856466386,0.42745776966911053,0.6035923326542885,0.8571428571428571,0.7501469829884343,0.0004776931521298114,0.7501471502748677,0.0004776931521298114,12.052669444385492,0.85
35,2017-02-14,good_004,good,True,True,True,,,,32.0,11.0,33.0,11.0,0.75,0.628330064362193,0.5398292510143287,0.8348319621738765,0.10204081632653061,1.800961538172851,0.0008588460350748098,1.8009620689064119,0.0008588460350748098,28.223730219902574,0.95
35,2017-02-14,good_005,good,True,True,True,,,,33.5,9.0,34.5,9.0,0.7931034482758621,0.5516288403082792,0.4700572947266557,0.7419624466654006,0.5918367346938775,1.0467709012464925,0.0006288464721277816,1.0467711494548173,0.0006288464721277816,16.79171683414494,0.85
35,2017-02-14,good_006,good,True,True,True,,,,31.0,11.0,32.0,11.0,0.7441860465116279,0.5992771724975526,0.6096914147830085,0.5749772738314891,0.04081632653061224,2.2311134060673474,0.0009959401344346891,2.2311141133231853,0.0009959401344346891,35.2468783877182,0.95
35,2017-02-14,good_007,good,True,False,,,,,29.5,12.0,29.5,12.0,0.7108433734939759,0.579516348508286,0.5253947812033491,0.7058000055531387,,,,1.376066933600389,0.0007005263125340809,21.88300764920584,0.85
35,2017-02-14,good_008,good,True,True,True,,,,29.0,13.0,30.0,13.0,0.6976744186046512,0.5698764408964652,0.5168251602681421,0.6936627623625526,0.22448979591836735,1.4950869701630738,0.0008192788038392908,1.4950873560276017,0.0008192788038392908,23.723108592844962,0.9
35,2017-02-14,good_009,good,True,True,False,,,,36.0,6.0,36.0,7.0,0.8372093023255814,0.5850847495757033,0.48434472185848154,0.8201448142492208,0.42857142857142855,1.2778632568702235,0.0008579220288559619,1.2778635271648546,0.0008579220288559619,20.261102283116216,0.85
35,2017-02-14,good_010,good,True,True,False,,,,39.0,4.0,39.0,5.0,0.8863636363636364,0.644344354384164,0.5208357780487133,0.9325310325002161,0.8163265306122449,0.7670705606092248,0.0004748892161343811,0.7670707335065803,0.0004748892161343811,12.009579860919589,0.75
35,2017-02-14,good_011,good,True,True,False,,,,33.5,9.0,33.5,10.0,0.7701149425287356,0.5757413511961079,0.4825869595561726,0.7931015983559573,0.6122448979591837,1.0273676612116829,0.0006045698201770649,1.027367906022835,0.0006045698201770649,16.33255949673757,0.85
35,2017-02-14,good_012,good,True,True,True,,,,35.0,8.0,36.0,8.0,0.8181818181818182,0.6809264440516865,0.602837043584082,0.863135045142764,0.0,2.737973089767034,0.001011382428387583,2.737974138744466,0.001011382428387583,43.620017947009195,1.0
35,2017-02-14,good_013,good,True,True,True,,,,27.0,14.0,28.0,14.0,0.6666666666666666,0.5809038844043426,0.5462910259767608,0.6616672207353668,0.12244897959183673,1.7464244210091855,0.0007464989907152549,1.746425000332186,0.0007464989907152549,28.055438984836,0.9
35,2017-02-14,good_014,good,True,True,True,,,,32.0,10.0,33.0,10.0,0.7674418604651163,0.5348318718167744,0.48001872851522503,0.6627292061870563,0.6938775510204082,0.9594860845237626,0.0006088193814076519,0.9594863001102618,0.0006088193814076519,15.15912354906223,0.85
35,2017-02-14,good_015,good,True,False,,,,,30.5,12.0,31.0,12.0,0.7209302325581395,0.5764054860208578,0.5236986778352406,0.699388038453965,,,,1.5017705095817564,0.000901832612970798,23.74552473488798,0.8
35,2017-02-14,good_016,good,True,True,True,,,,37.0,6.0,38.0,6.0,0.8636363636363636,0.706205633068202,0.6139700846495085,0.9214219127118207,0.02040816326530612,2.562126159940508,0.0009717810401360548,2.5621271154830505,0.0009717810401360548,40.84255413594119,1.0
35,2017-02-14,good_017,good,True,True,False,,,,35.0,8.0,35.0,9.0,0.7954545454545454,0.6515278259983326,0.5527552244939816,0.8819972295084848,0.6530612244897959,0.9776688232881294,0.0006172794470570331,0.977669039889998,0.0006172794470570331,15.37755276822046,0.8
35,2017-02-14,good_018,good,True,True,True,,,,33.0,10.0,34.0,10.0,0.7727272727272727,0.6014463974493922,0.5311197772538945,0.7655418445722201,0.14285714285714285,1.7042713852210478,0.0007279421733834394,1.7042719486782905,0.0007279421733834394,27.183735395402756,0.95
35,2017-02-14,good_019,good,True,True,True,,,,34.0,9.0,35.0,9.0,0.7954545454545454,0.6455219812682473,0.5602299324255001,0.8445367619013241,0.3877551020408163,1.2965002123981888,0.0007244554007845274,1.2965005430563366,0.0007244554007845274,20.499705742356063,0.9
35,2017-02-14,medium_000,medium,True,False,,,,,19.0,15.0,19.5,15.0,0.5652173913043478,0.5654703209195513,0.524529749919129,0.6609983199205367,,,,2.1735838883685914,0.0007182843696331954,35.15328452050408,1.0
35,2017-02-14,medium_001,medium,False,False,,failure,0.39000000000000007,-4.6896377717184805,23.5,14.0,23.5,14.0,0.6266666666666667,0.440710657705503,0.4070894906768059,0.5191600474391298,,,,0.3089461038719813,0.00015457291280316973,4.757972856905133,0.6
35,2017-02-14,medium_002,medium,True,True,True,,,,23.0,14.0,24.0,14.0,0.631578947368421,0.5092351107650163,0.4412869555399084,0.6677808062902683,0.673469387755102,0.9642302453120574,0.000503647482616254,0.9642305062980597,0.000503647482616254,15.240163052753353,0.8
35,2017-02-14,medium_003,medium,False,True,False,,,,24.0,15.0,24.0,16.0,0.6,0.5043748576672997,0.4662744733956766,0.5932757543010873,0.9183673469387755,0.6570626628514152,0.00034406018250478866,0.6570628422568757,0.00034406018250478866,10.443885719429735,0.7
35,2017-02-14,medium_004,medium,True,True,False,,,,26.5,12.0,26.5,13.0,0.6708860759493671,0.5457834803682768,0.4410051567990814,0.7902662353630664,0.8979591836734694,0.7054807486252008,0.0004194179598231748,0.7054809184693748,0.0004194179598231748,11.396764656657307,0.7
35,2017-02-14,medium_005,medium,True,True,False,,,,23.0,13.0,23.0,14.0,0.6216216216216216,0.5563106705162291,0.5284492387937034,0.6213206778687888,0.7142857142857143,0.950126524443063,0.0005286912249642931,0.950126769768771,0.0005286912249642931,15.537718797846024,0.85
35,2017-02-14,medium_006,medium,False,True,False,,,,21.0,15.0,21.0,16.0,0.5675675675675675,0.47818580241364694,0.4081413256751881,0.6416229148033842,0.7346938775510204,0.9434664225032284,0.0005813025604392775,0.9434666398789264,0.0005813025604392775,14.830075927575875,0.8
35,2017-02-14,medium_007,medium,False,True,True,,,,15.0,16.0,16.0,16.0,0.5,0.48017671265105477,0.4691264284384329,0.5059607091471727,0.40816326530612246,1.2898577859212261,0.0005624147180680407,1.2898582062037138,0.0005624147180680407,20.66398366507504,0.9
35,2017-02-14,medium_008,medium,False,False,,failure,0.4200000000000001,-0.4733152690991034,20.5,16.0,20.5,16.0,0.5616438356164384,0.46053158296362817,0.47457653085025053,0.4277600378948429,,,,0.8034638810178761,0.00045504788728736016,12.66000585194347,0.8
35,2017-02-14,medium_009,medium,True,True,False,,,,26.0,13.0,26.0,14.0,0.65,0.5354391645248465,0.4579948033166697,0.7161426740105926,0.5510204081632653,1.0564488089390403,0.0005230177053558712,1.056449114912167,0.0005230177053558712,16.887554423491505,0.85
35,2017-02-14,medium_010,medium,False,False,,success,0.9400000000000001,5.7448572768114445,18.5,18.0,19.0,18.0,0.5135135135135135,0.4526622099109303,0.40254246735463645,0.569608275875616,,,,0.31571280359331666,0.0001900423804233569,4.964434599066127,0.55
35,2017-02-14,medium_011,medium,True,False,,,,,19.0,14.0,19.0,14.0,0.5757575757575758,0.5165142395025302,0.46558239353900566,0.6353552134174207,,,,1.1958023677497998,0.0005795313832840678,19.144968333458454,0.85
35,2017-02-14,medium_012,medium,True,False,,,,,22.0,14.0,22.5,14.0,0.6164383561643836,0.6217856841888698,0.5796803280487233,0.7200315151825454,,,,2.5669449804815563,0.0009632352590219649,39.78110922414766,0.95
35,2017-02-14,medium_013,medium,True,False,,,,,18.0,13.0,18.0,13.0,0.5806451612903226,0.6032187108894123,0.5868298923278226,0.6414592875331216,,,,1.7811783493923932,0.0009345180226082005,28.121725634920207,0.9
35,2017-02-14,medium_014,medium,True,True,True,,,,24.0,12.0,25.0,12.0,0.6756756756756757,0.601746366439557,0.5108620704736125,0.8138097236934277,0.4897959183673469,1.1399442944677716,0.0005581795635536285,1.1399446206724468,0.0005581795635536285,17.945583959911815,0.9
35,2017-02-14,medium_015,medium,True,False,,,,,20.0,14.0,20.5,14.0,0.5942028985507246,0.530358993558186,0.4603811064220157,0.6936407302092502,,,,1.062903480612287,0.00043906449072524687,16.86713607104852,0.8
35,2017-02-14,medium_016,medium,True,True,True,,,,25.5,15.0,26.5,15.0,0.6385542168674698,0.5288930505726253,0.5150862937851303,0.5611088164101136,0.24489795918367346,1.485989806651385,0.0007962064816534567,1.4859901975585657,0.0007962064816534567,23.617705004306544,0.9
35,2017-02-14,medium_017,medium,False,True,False,,,,15.5,16.0,15.5,17.0,0.47692307692307695,0.3847840691499008,0.3572941118550321,0.44892730283792787,0.8367346938775511,0.7595696682050518,0.00041523004756515824,0.7595698642291131,0.00041523004756515824,12.013524066249984,0.8
35,2017-02-14,medium_018,medium,True,True,True,,,,25.5,16.0,26.5,16.0,0.6235294117647059,0.5921769103351103,0.5411180528378653,0.7113142444953489,0.1836734693877551,1.594541597247522,0.0008661651404509984,1.5945420161321051,0.0008661651404509984,24.733639945554536,0.95
35,2017-02-14,medium_019,medium,False,False,,success,0.8500000000000002,2.162542936717628,18.0,16.0,18.5,16.0,0.5362318840579711,0.4814421037401396,0.5083322798299861,0.4186983595304979,,,,1.4623543891819732,0.0006920240653553606,23.182016729123124,0.95
35,2017-02-14,medium_020,medium,False,True,False,,,,23.5,14.0,23.5,15.0,0.6103896103896104,0.44742150042844797,0.4135369238705551,0.5264855123968648,1.0,0.41999794157590853,0.00015297568997541005,0.41999810433300383,0.00015297568997541005,6.715794896102368,0.65
35,2017-02-14,medium_021,medium,True,False,,,,,21.5,15.0,21.5,15.0,0.589041095890411,0.5442332599340203,0.510046795489169,0.6240016769720066,,,,1.4377503595109018,0.000810320425457372,22.632187282849113,0.85
35,2017-02-14,medium_022,medium,True,True,True,,,,26.5,14.0,27.5,14.0,0.6626506024096386,0.5275212564863981,0.47872677029487665,0.6413750575999483,0.5306122448979592,1.0953283377629417,0.000593826529685821,1.0953286253513461,0.000593826529685821,17.366621603424992,0.85
35,2017-02-14,medium_023,medium,False,True,False,,,,21.0,17.0,21.0,18.0,0.5384615384615384,0.4483175239162787,0.41297699291627166,0.5307787629162952,0.7551020408163265,0.8859705369125146,0.0005857479246108799,0.8859707238092941,0.0005857479246108799,13.931074268064727,0.7
35,2017-02-14,medium_024,medium,True,True,True,,,,20.0,14.0,21.0,14.0,0.6,0.5976287135724387,0.5338950157966965,0.7463406750491707,0.4489795918367347,1.2493899119731404,0.0007020986547775316,1.2493902241864603,0.0007020986547775316,19.705797740275283,0.8
35,2017-02-14,medium_025,medium,False,True,True,,,,20.5,17.0,21.5,17.0,0.5584415584415584,0.5032166059951466,0.4960494458504051,0.5199399796662103,0.08163265306122448,1.8255547102072152,0.000727071238300941,1.8255553577208812,0.000727071238300941,28.878218006277706,0.9
35,2017-02-14,medium_026,medium,True,True,True,,,,28.5,11.0,29.5,11.0,0.7283950617283951,0.5991397032250425,0.562786187888256,0.6839645723442112,0.16326530612244897,1.6000968381225524,0.0009397919941069241,1.6000972217080087,0.0009397919941069241,25.527914523431328,0.95
35,2017-02-14,medium_027,medium,False,True,True,,,,15.5,12.0,16.5,12.0,0.5789473684210527,0.49666360978584156,0.5051761452437129,0.47680102705080857,0.2857142857142857,1.422798035762502,0.0006997229926932228,1.4227984440871213,0.0006997229926932228,22.175379241240737,0.9
35,2017-02-14,medium_028,medium,True,True,True,,,,23.0,14.0,24.0,14.0,0.631578947368421,0.5269173986036554,0.5333768381000797,0.5118453731119985,0.32653061224489793,1.3312003317979493,0.0007562379842588102,1.3312006636360099,0.0007562379842588102,21.066605458311454,0.85
35,2017-02-14,medium_029,medium,True,True,True,,,,19.5,14.0,20.5,14.0,0.5942028985507246,0.5802022962202501,0.5277662877239708,0.7025529827115683,0.2653061224489796,1.4734329946232565,0.0007530017927248891,1.4734333991086301,0.0007530017927248891,23.55965213917068,0.95
35,2017-02-14,bad_000,bad,False,False,,success,0.9400000000000001,1.5454697275141598,15.5,16.0,16.0,16.0,0.5,0.4577914827834467,0.43547528719714074,0.5098626058181608,,,,0.8109747974317054,0.00043318046439960213,12.801631523080147,0.8
35,2017-02-14,bad_001,bad,False,False,,failure,0.5100000000000001,-1.1932988663008501,12.0,12.0,12.0,12.0,0.5,0.48958304686809573,0.49360148586697766,0.48020668920403786,,,,1.345615013805582,0.0006300277535585879,21.591716090211403,0.95
35,2017-02-14,bad_002,bad,False,False,,success,0.9400000000000001,5.766899746595243,8.0,11.0,8.5,11.0,0.4358974358974359,0.4975241923913254,0.5461838736136315,0.3839849362059444,,,,1.4283544823400727,0.0007915606126016746,22.544537280156558,0.9
35,2017-02-14,bad_003,bad,False,False,,failure,0.5100000000000001,-1.093149838226708,11.5,13.0,11.5,13.0,0.46938775510204084,0.4356014855239021,0.4520578733233592,0.39720324732516893,,,,0.7246780117767702,0.00035880369692795923,11.52574477751794,0.75
35,2017-02-14,bad_004,bad,True,False,,,,,10.5,11.0,11.0,11.0,0.5,0.5384109387275533,0.5637463485474726,0.4792949824810748,,,,2.4939362679527166,0.0010863014013907297,39.10369847983344,1.0
35,2017-02-14,bad_005,bad,False,True,True,,,,7.0,10.0,8.0,10.0,0.4444444444444444,0.47608257337183973,0.5595148533619758,0.2814072533948557,0.061224489795918366,1.9715803354570591,0.0008324348911822197,1.9715809945515503,0.0008324348911822197,31.17011966944256,0.95
35,2017-02-14,bad_006,bad,False,False,,success,0.8200000000000002,2.3521193864601884,10.5,15.0,11.0,15.0,0.4230769230769231,0.4605167568679879,0.4005124609405484,0.6005267806986802,,,,0.5613481700661083,0.000379444014431159,9.09100918892284,0.7
35,2017-02-14,bad_007,bad,True,False,,,,,10.0,11.0,10.5,11.0,0.4883720930232558,0.5172158942917191,0.4577446358629383,0.6559821639588744,,,,0.7724894956882576,0.0003905067068275321,12.317154210051964,0.7
35,2017-02-14,bad_008,bad,False,False,,failure,0.39000000000000007,-3.5837464724431527,7.0,9.0,7.0,9.0,0.4375,0.40870786726477004,0.45944663380735157,0.2903174119987466,,,,0.7119317570514542,0.0004049650692533979,11.394168412133961,0.7
35,2017-02-14,bad_009,bad,False,True,False,,,,12.0,12.0,12.0,13.0,0.48,0.41659450729545544,0.45780216209954816,0.3204433127525725,0.8775510204081632,0.7172925204746242,0.00036303276325044717,0.717292722960737,0.00036303276325044717,11.486750984109564,0.8
35,2017-02-14,bad_010,bad,False,False,,success,0.8200000000000002,3.4052080251017003,11.0,15.0,11.5,15.0,0.4339622641509434,0.4186247223071702,0.4007630358646984,0.46030199067293764,,,,0.3005257416256642,0.0001732183875589541,4.8038692886091345,0.5
35,2017-02-14,bad_011,bad,False,True,False,,,,7.5,11.0,7.5,12.0,0.38461538461538464,0.4050463102155758,0.4354728813538314,0.3340509775596462,0.9591836734693877,0.4725254388431172,0.00032445120856085355,0.4725255360292466,0.00032445120856085355,7.521003994939269,0.7
35,2017-02-14,bad_012,bad,False,False,,success,0.9400000000000001,5.6117715277755025,11.0,12.0,11.5,12.0,0.48936170212765956,0.45650320324388943,0.532487883095053,0.2792056169245078,,,,1.283370378420592,0.0006060544652489552,20.324240534545915,0.9
35,2017-02-14,bad_013,bad,False,False,,success,0.9400000000000001,3.8781459920051162,14.0,14.0,14.5,14.0,0.5087719298245614,0.408029418333421,0.37829611790143886,0.4774071193413796,,,,0.576879819134051,0.0003376243841743191,9.056874305161784,0.65
35,2017-02-14,bad_014,bad,False,False,,failure,0.39000000000000007,-2.337508218281698,7.5,9.0,7.5,9.0,0.45454545454545453,0.45777717250635663,0.4788557553407674,0.4085938125593982,,,,1.363238739021707,0.000660380787881099,21.423097461570052,0.85
35,2017-02-14,bad_015,bad,False,False,,failure,0.5100000000000001,-2.7926016020117572,9.0,10.0,9.0,10.0,0.47368421052631576,0.4560891253538749,0.45865859970704564,0.45009368519647663,,,,1.0286934761940731,0.0005353447865112435,16.299366910091372,0.8
35,2017-02-14,bad_016,bad,False,False,,success,0.9400000000000001,3.450732266394297,11.0,12.0,11.5,12.0,0.48936170212765956,0.47794928775061046,0.520458853050715,0.37876030205036665,,,,0.9444441015008468,0.000555892267794832,14.871560293347846,0.8
35,2017-02-14,bad_017,bad,False,False,,success,0.9400000000000001,2.4075600862048816,10.5,12.0,11.0,12.0,0.4782608695652174,0.4723663332341149,0.4512529414737597,0.5216309140082773,,,,0.5243502467857131,0.00029988976225547804,8.315655409474118,0.7
35,2017-02-14,bad_018,bad,True,True,True,,,,13.5,13.0,14.5,13.0,0.5272727272727272,0.5108752360702525,0.5081328225185189,0.5172742010242978,0.46938775510204084,1.204982030473259,0.0006149326255460409,1.2049823667420996,0.0006149326255460409,19.296982037658402,0.9
35,2017-02-14,bad_019,bad,True,False,,,,,12.0,14.0,12.5,14.0,0.4716981132075472,0.5497018514010674,0.5157749016203342,0.6288647342227784,,,,1.856486009824837,0.0008522855503447536,29.047723137759252,0.95
35,2017-02-14,bad_020,bad,False,False,,success,0.8500000000000002,3.5985889489355287,12.5,11.0,13.0,11.0,0.5416666666666666,0.4456434466480432,0.4677593417815048,0.3940396913366329,,,,1.0460735977233357,0.0006370760875105319,16.465502599147197,0.75
35,2017-02-14,bad_021,bad,True,True,True,,,,11.5,13.0,12.5,13.0,0.49019607843137253,0.5548757986687542,0.5170230800740165,0.6431988087231422,0.3469387755102041,1.3295699074520277,0.0005830699371094482,1.3295703365464364,0.0005830699371094482,20.950260657512676,0.85
35,2017-02-14,bad_022,bad,False,False,,failure,0.39000000000000007,-3.30215561039401,11.0,11.0,11.0,11.0,0.5,0.4535531721050866,0.44064115025748885,0.48368122308281497,,,,1.172374840875529,0.0006316520642634925,18.66895124286906,0.9
35,2017-02-14,bad_023,bad,False,False,,success,0.8500000000000002,5.686066583948545,9.5,13.0,10.0,13.0,0.43478260869565216,0.4878915134012812,0.5283234160696226,0.3935504071751511,,,,1.5919838379749365,0.0007670391242227033,24.989417351537693,0.95
35,2017-02-14,bad_024,bad,False,False,,success,0.8200000000000002,1.1335276090921838,10.5,11.0,11.0,11.0,0.5,0.44190591973733395,0.4548458615393015,0.41171272219940974,,,,0.7637982459549973,0.0004736906930705373,12.221613677408298,0.8
35,2017-02-14,bad_025,bad,False,False,,failure,0.5100000000000001,-1.793757963564019,9.5,11.0,9.5,11.0,0.4634146341463415,0.44166668798578335,0.42933124987566207,0.47044937690939986,,,,0.7975484506143985,0.0005122346787403446,12.742115230107348,0.75
35,2017-02-14,bad_026,bad,True,True,True,,,,10.5,11.0,11.5,11.0,0.5111111111111111,0.5227487674604585,0.5738736015408292,0.4034574879395937,0.30612244897959184,1.3945352076453696,0.0007252856183652676,1.394535586781497,0.0007252856183652676,21.90358886372367,0.9
35,2017-02-14,bad_027,bad,False,False,,failure,0.5100000000000001,-3.0110454849933035,9.5,10.0,9.5,10.0,0.48717948717948717,0.5039404874266066,0.4837163807845764,0.5511300695913436,,,,0.8334806950653451,0.0005623023109756709,13.174273760189354,0.85
35,2017-02-14,bad_028,bad,False,False,,success,0.9400000000000001,4.775937500163181,9.5,11.0,10.0,11.0,0.47619047619047616,0.45479695782773566,0.4535832014982696,0.4576290559298232,,,,0.6035671473122054,0.0004090128378314949,9.761397085253067,0.75
35,2017-02-14,bad_029,bad,False,True,False,,,,12.0,13.0,12.0,14.0,0.46153846153846156,0.37227766935026196,0.4032725173398593,0.29995635737453485,0.9387755102040817,0.5403418406322876,0.00032588697613538005,0.5403419662591925,0.00032588697613538005,8.507362622087747,0.55
35,2017-02-14,bad_030,bad,False,False,,success,0.9400000000000001,3.266325290418507,9.0,11.0,9.5,11.0,0.4634146341463415,0.4614905002807269,0.43783777550191033,0.516680191431299,,,,0.6187046847083579,0.00043168059695616775,9.840403687535087,0.7
35,2017-02-14,bad_031,bad,True,False,,,,,14.5,11.0,14.5,11.0,0.5686274509803921,0.6071862545699716,0.5964200691435233,0.6323073538983511,,,,3.272130669341277,0.0010636768065365673,52.2748695555591,1.0
35,2017-02-14,bad_032,bad,True,False,,,,,8.5,10.0,8.5,10.0,0.4594594594594595,0.5053604386097761,0.48155927582896396,0.5608964850983377,,,,0.9115442991722068,0.0004107981590868953,14.439207866622743,0.75
35,2017-02-14,bad_033,bad,False,False,,failure,0.36000000000000004,-2.7162543879310874,7.0,12.0,7.0,12.0,0.3684210526315789,0.45399902241251816,0.4814035773264449,0.3900550609466893,,,,0.7223630777478873,0.00047207928959128837,11.469065686426408,0.7
35,2017-02-14,bad_034,bad,False,False,,success,0.8200000000000002,2.592990604653636,9.5,11.0,10.0,11.0,0.47619047619047616,0.4993320578941486,0.48098318490356534,0.5421460948721764,,,,0.8307161424617974,0.0005948220166587129,13.158810383423015,0.85
35,2017-02-14,bad_035,bad,False,False,,failure,0.5100000000000001,-2.365940588236853,11.0,11.0,11.0,11.0,0.5,0.42534731667729875,0.458950547202931,0.346939778784157,,,,1.0557153122309269,0.0005544012031664391,16.70694643024538,0.8
35,2017-02-14,bad_036,bad,True,False,,,,,9.5,12.0,10.0,12.0,0.45454545454545453,0.5414822564938531,0.5417480956492815,0.5408619651311867,,,,1.4136497947026019,0.000874336871441961,22.405372594136118,0.9
35,2017-02-14,bad_037,bad,False,False,,success,0.8200000000000002,1.7444406463587399,6.0,11.0,6.5,11.0,0.37142857142857144,0.43103085423099424,0.5304788448394829,0.19898554281118735,,,,1.2104396926182956,0.000692709092227336,19.038293689662165,0.8
35,2017-02-14,bad_038,bad,True,True,True,,,,15.0,12.0,16.0,12.0,0.5714285714285714,0.5481412387285123,0.5229693414445516,0.6068756657244204,0.3673469387755102,1.3167955944675354,0.0006532855530755083,1.316795971985168,0.0006532855530755083,20.83988383856672,0.85
35,2017-02-14,bad_039,bad,False,False,,failure,0.5100000000000001,-7.09978299889147,12.0,10.0,12.0,10.0,0.5454545454545454,0.4886046310291833,0.4850850278308021,0.49681703849207287,,,,1.3982866629701003,0.0007361622193895132,22.005719684805708,0.9
35,2017-02-14,bad_040,bad,False,False,,success,0.8200000000000002,2.978445458298097,11.5,11.0,12.0,11.0,0.5217391304347826,0.4247269250934464,0.4655928066826619,0.329373201385277,,,,0.7526735054495756,0.0005705099191478564,11.872402655477858,0.8
35,2017-02-14,bad_041,bad,False,True,False,,,,15.0,11.0,15.0,12.0,0.5555555555555556,0.4217376898047359,0.34153510567427353,0.608877052775815,0.9795918367346939,0.4600955550778162,0.0002716315017847698,0.4600956658730684,0.0002716315017847698,7.3467265941768884,0.7
35,2017-02-14,bad_042,bad,True,False,,,,,9.0,10.0,9.5,10.0,0.48717948717948717,0.5257005754471531,0.4994030357949335,0.5870615013023324,,,,0.7119105964407934,0.0005045028328775697,11.34499881111371,0.75
35,2017-02-14,bad_043,bad,False,False,,failure,0.39000000000000007,-4.258176492500695,9.5,10.0,9.5,10.0,0.48717948717948717,0.47164336458087075,0.4317515855059051,0.5647241824224574,,,,0.6993658535706476,0.00042640051796932564,11.031484185786946,0.8
35,2017-02-14,bad_044,bad,True,True,False,,,,10.0,11.0,10.0,12.0,0.45454545454545453,0.5094657813030931,0.5197091403508942,0.4855646101915571,0.7959183673469388,0.7826107566480323,0.0005469364931419194,0.7826109166364872,0.0005469364931419194,12.523157322058893,0.7
35,2017-02-14,bad_045,bad,False,True,False,,,,9.5,13.0,9.5,14.0,0.40425531914893614,0.4658916959837756,0.48202297395553617,0.4282520473830011,0.5714285714285714,1.0535009519691376,0.000540128711976955,1.0535012411090567,0.000540128711976955,16.623808612365977,0.8
35,2017-02-14,bad_046,bad,False,False,,success,0.8200000000000002,3.8803622871935772,8.5,12.0,9.0,12.0,0.42857142857142855,0.48621101252931076,0.5534976027872658,0.32920896859408255,,,,1.6664740371608562,0.0008489555695824324,26.4802515216986,0.9
35,2017-02-14,bad_047,bad,False,False,,success,0.8200000000000002,1.204726948823435,13.0,15.0,13.5,15.0,0.47368421052631576,0.49144690682474135,0.5159894546118786,0.43418096198808787,,,,1.2618647550982907,0.0007318353959988323,20.082292966842562,0.9
35,2017-02-14,bad_048,bad,False,False,,success,0.8200000000000002,3.0213447653482035,10.5,11.0,11.0,11.0,0.5,0.4940496436161852,0.5182389146090929,0.43760801129940086,,,,1.0845940894222348,0.00058794254356067,17.358173474290343,0.85
35,2017-02-14,bad_049,bad,True,True,True,,,,12.0,11.0,13.0,11.0,0.5416666666666666,0.5048072402307805,0.45765255838472085,0.6148348312049197,0.6326530612244898,0.9921067735201992,0.0004614149250737842,0.992107075788083,0.0004614149250737842,15.691909561807469,0.8
36,2017-03-15,good_000,good,True,True,True,,,,31.5,12.0,32.5,12.0,0.7303370786516854,0.5410486906697349,0.5220505020275793,0.5853777975014313,0.46938775510204084,1.205853435244533,0.0006417129935620226,1.2058537569840817,0.0006417129935620226,19.451498248431765,0.9
36,2017-03-15,good_001,good,True,True,True,,,,31.0,12.0,32.0,12.0,0.7272727272727273,0.5871650563556629,0.5218380084497739,0.7395948348027371,0.32653061224489793,1.3352493622392223,0.0005677054527041239,1.3352498066049805,0.0005677054527041239,21.334239373987717,0.9
36,2017-03-15,good_002,good,True,True,False,,,,34.0,9.0,34.0,10.0,0.7727272727272727,0.5415130536705591,0.44929065450726313,0.7566986517182499,0.7142857142857143,0.835401294568545,0.0005248682694241202,0.835401482836828,0.0005248682694241202,13.373470298718741,0.8
36,2017-03-15,good_003,good,True,False,,,,,33.0,11.0,33.5,11.0,0.7528089887640449,0.5840618784179846,0.4794521081870272,0.8281513422902188,,,,1.065626082268281,0.000664885387552884,16.858359672648227,0.85
36,2017-03-15,good_004,good,True,True,True,,,,33.0,11.0,34.0,11.0,0.7555555555555555,0.6103987077728802,0.55413967668968,0.7416697803003474,0.12244897959183673,1.7542736684550473,0.0006614021341683188,1.75427432342616,0.0006614021341683188,28.029534066083322,0.95
36,2017-03-15,good_005,good,True,True,True,,,,34.5,9.0,35.5,9.0,0.797752808988764,0.6031012692998416,0.584152385349457,0.6473153318507393,0.061224489795918366,2.1180139330837533,0.000847776236964128,2.1180146824043478,0.000847776236964128,32.998603738344386,1.0
36,2017-03-15,good_006,good,True,True,False,,,,32.0,11.0,32.0,12.0,0.7272727272727273,0.5831075365959721,0.5126075825548331,0.7476074293586299,0.9387755102040817,0.5708739214555384,0.0004160532291938501,0.5708740300220859,0.0004160532291938501,9.00706369267018,0.6
36,2017-03-15,good_007,good,True,True,False,,,,29.5,12.0,29.5,13.0,0.6941176470588235,0.5149682592231176,0.44452699481666524,0.6793312095048397,0.8571428571428571,0.7210266626728403,0.0004649581232945185,0.7210268194145767,0.0004649581232945185,11.443879236842998,0.8
36,2017-03-15,good_008,good,True,True,False,,,,30.0,13.0,30.0,14.0,0.6818181818181818,0.5736958946307122,0.5101960823438279,0.7218621233001092,0.7346938775510204,0.8339417744745072,0.0004229454683877721,0.8339420052716339,0.0004229454683877721,13.181758143268615,0.75
36,2017-03-15,good_009,good,True,True,True,,,,36.0,7.0,37.0,7.0,0.8409090909090909,0.6583573629610954,0.5478762692457556,0.9161465816302214,0.30612244897959184,1.3567394718156998,0.0007077533924898722,1.356739838055804,0.0007077533924898722,21.41041700210544,0.9
36,2017-03-15,good_010,good,True,True,True,,,,39.0,5.0,40.0,5.0,0.8888888888888888,0.691482407525138,0.6045471036706046,0.8943314498523828,0.0,3.211513535376228,0.0009713176777760895,3.211515026773082,0.0009713176777760895,50.304730783323556,1.0
36,2017-03-15,good_011,good,True,True,True,,,,33.5,10.0,34.5,10.0,0.7752808988764045,0.6004330129210839,0.5214664326350219,0.7846883669218953,0.6122448979591837,0.9515565804679633,0.0005386832172601836,0.9515568196046368,0.0005386832172601836,14.951424176355195,0.85
36,2017-03-15,good_012,good,True,True,True,,,,36.0,8.0,37.0,8.0,0.8222222222222222,0.6068386009137704,0.5847767551186308,0.6583162411024297,0.02040816326530612,2.1929822607100378,0.0009132472577745712,2.1929830013693246,0.0009132472577745712,34.842298191284954,0.95
36,2017-03-15,good_013,good,True,True,True,,,,28.0,14.0,29.0,14.0,0.6744186046511628,0.6067936521306372,0.5868819409314776,0.653254311595343,0.10204081632653061,1.7800361156894553,0.000860951444086952,1.7800366329616644,0.000860951444086952,28.312871348530273,0.95
36,2017-03-15,good_014,good,True,True,False,,,,33.0,10.0,33.0,11.0,0.75,0.548592726003521,0.4262862531217969,0.8339744960608777,0.673469387755102,0.8862863308384392,0.0004172032631849813,0.8862865949428389,0.0004172032631849813,14.07398607745895,0.8
36,2017-03-15,good_015,good,True,True,False,,,,31.0,12.0,31.0,13.0,0.7045454545454546,0.533140604964884,0.43908235226275627,0.7526098612698489,0.6938775510204082,0.8451978209115573,0.0005718855710899486,0.8451979990833303,0.0005718855710899486,13.516087519501722,0.9
36,2017-03-15,good_016,good,True,True,True,,,,38.0,6.0,39.0,6.0,0.8666666666666667,0.5944118134533267,0.49153452900860706,0.834458810491006,0.42857142857142855,1.2487281105845858,0.0006106573788906753,1.2487284685152944,0.0006106573788906753,19.804834852109277,0.9
36,2017-03-15,good_017,good,True,True,False,,,,35.0,9.0,35.0,10.0,0.7777777777777778,0.6184943625959693,0.5473537830588058,0.7844890481826843,0.5102040816326531,1.090085657092772,0.0007538609560125712,1.0900858786991616,0.0007538609560125712,17.372249181757777,0.9
36,2017-03-15,good_018,good,True,True,False,,,,34.0,10.0,34.0,11.0,0.7555555555555555,0.6111457562213105,0.4865694200009275,0.9018238740688711,0.7755102040816326,0.7724297399221375,0.00046586031900746635,0.7724299193025964,0.00046586031900746635,12.219960758391714,0.8
36,2017-03-15,good_019,good,True,True,True,,,,35.0,9.0,36.0,9.0,0.8,0.6223344490867226,0.5304867685463593,0.8366457036809037,0.4489795918367347,1.2079158519096793,0.0007671353598378649,1.207916117120786,0.0007671353598378649,19.00089981155957,0.9
36,2017-03-15,medium_000,medium,True,True,True,,,,19.5,15.0,20.5,15.0,0.5774647887323944,0.5249822506359046,0.516978387511967,0.543657931258426,0.2653061224489796,1.3901318133682323,0.0006810015442980607,1.3901322111201326,0.0006810015442980607,22.2836889059001,0.9
36,2017-03-15,medium_001,medium,True,False,,,,,23.5,14.0,24.0,14.0,0.631578947368421,0.5529026496579216,0.47550178534583654,0.73350466638612,,,,0.9523781813470996,0.0005170224927818573,15.28085687579802,0.8
36,2017-03-15,medium_002,medium,True,True,True,,,,24.0,14.0,25.0,14.0,0.6410256410256411,0.5787114112392371,0.5447733194501914,0.6579002920803436,0.16326530612244897,1.569257384923608,0.0007848290691719678,1.56925782696101,0.0007848290691719678,24.7319086184969,0.95
36,2017-03-15,medium_003,medium,False,False,,failure,0.39000000000000007,-2.7278565321088593,24.0,16.0,24.0,16.0,0.6,0.4685738550945476,0.4643484960597962,0.4784330261756342,,,,0.9746424924955045,0.000536337488834026,15.37500374701221,0.7
36,2017-03-15,medium_004,medium,True,True,True,,,,26.5,13.0,27.5,13.0,0.6790123456790124,0.5605974460773586,0.5631574384356727,0.5546241305746261,0.24489795918367346,1.4672475143881436,0.0008151575731896917,1.4672478820250672,0.0008151575731896917,22.884710311413347,0.9
36,2017-03-15,medium_005,medium,True,True,True,,,,23.0,14.0,24.0,14.0,0.631578947368421,0.5608794205817101,0.5560510053370241,0.5721457228193109,0.04081632653061224,2.1689461447582725,0.0008214529885729623,2.1689469525673273,0.0008214529885729623,34.621021161465656,0.95
36,2017-03-15,medium_006,medium,False,False,,failure,0.39000000000000007,-0.35063080856150464,21.0,16.0,21.0,16.0,0.5675675675675675,0.41407048022373183,0.38441092696307116,0.4832761044986068,,,,0.5781617926263571,0.0003313102182817248,9.251287316592292,0.75
36,2017-03-15,medium_007,medium,False,False,,success,0.9400000000000001,6.086181773767507,16.0,16.0,16.5,16.0,0.5076923076923077,0.4174008005246726,0.3486987244787588,0.5777056446318048,,,,0.4469021844972199,0.0003043342173346006,6.933451905752504,0.7
36,2017-03-15,medium_008,medium,True,False,,,,,20.5,16.0,21.0,16.0,0.5675675675675675,0.5288201578400461,0.5210126225238216,0.54703774024457,,,,1.6106875230280695,0.0008067020625080266,25.341663495041672,0.9
36,2017-03-15,medium_009,medium,False,True,False,,,,26.0,14.0,26.0,15.0,0.6341463414634146,0.4363798868895731,0.34452046727998586,0.6507185326452766,0.8367346938775511,0.74267288915408,0.00043820315924512026,0.7426730645988178,0.00043820315924512026,11.857304278220552,0.8
36,2017-03-15,medium_010,medium,True,False,,,,,19.0,18.0,19.5,18.0,0.52,0.5318930701176814,0.5279901776597812,0.5409998191861153,,,,1.5278808272128024,0.0007461491521406953,24.078564076062843,0.9
36,2017-03-15,medium_011,medium,True,True,True,,,,19.0,14.0,20.0,14.0,0.5882352941176471,0.5470839586344989,0.5283509628089749,0.5907942822273885,0.5714285714285714,1.0295812552099437,0.00058100657578963,1.029581512536492,0.00058100657578963,16.627171325912606,0.8
36,2017-03-15,medium_012,medium,False,True,False,,,,22.5,14.0,22.5,15.0,0.6,0.48863833597638384,0.4355052040784452,0.6126156437382406,0.9795918367346939,0.4276703814334747,0.0002515014033436807,0.42767048382535156,0.0002515014033436807,6.891652657910112,0.7
36,2017-03-15,medium_013,medium,False,True,False,,,,18.0,13.0,18.0,14.0,0.5625,0.4880288353823773,0.47808350782202885,0.5112345996898572,0.8775510204081632,0.6678388365820346,0.00046289826878180676,0.6678389693331134,0.00046289826878180676,10.467069455222303,0.65
36,2017-03-15,medium_014,medium,True,True,False,,,,25.0,12.0,25.0,13.0,0.6578947368421053,0.5133763772154628,0.496545593624233,0.5526482055949989,0.7551020408163265,0.8250773166674861,0.0004494040183245917,0.8250775296301709,0.0004494040183245917,13.22930893281799,0.8
36,2017-03-15,medium_015,medium,True,True,True,,,,20.5,14.0,21.5,14.0,0.6056338028169014,0.5424490652011406,0.48854636341634483,0.6682220360323307,0.3877551020408163,1.3037384844489146,0.0006159460733738944,1.3037388710336546,0.0006159460733738944,20.68210087885953,0.85
36,2017-03-15,medium_016,medium,True,True,True,,,,26.5,15.0,27.5,15.0,0.6470588235294118,0.5362063028236271,0.5430525000338546,0.5202318426664296,0.3469387755102041,1.3179699630839419,0.0007973673341812671,1.317970268719805,0.0007973673341812671,21.065332396626854,0.9
36,2017-03-15,medium_017,medium,False,False,,success,0.8200000000000002,1.3409959102913405,15.5,17.0,16.0,17.0,0.48484848484848486,0.3823556235638325,0.40543509085434765,0.3285035332192972,,,,0.7161943958257018,0.00038666408061492597,11.389197215671224,0.75
36,2017-03-15,medium_018,medium,True,True,True,,,,26.5,16.0,27.5,16.0,0.632183908045977,0.5438805868777972,0.5083845642459546,0.6267046396854298,0.5306122448979592,1.0667277746489383,0.0005559354767325399,1.0667280627210196,0.0005559354767325399,16.950327246759798,0.85
36,2017-03-15,medium_019,medium,True,False,,,,,18.5,16.0,18.5,16.0,0.5362318840579711,0.5726931644605889,0.5926331568378296,0.5261665155803609,,,,2.0031010066006387,0.0008549395629664344,31.98793169094607,0.9
36,2017-03-15,medium_020,medium,False,False,,success,0.9400000000000001,6.910709784099609,23.5,15.0,24.0,15.0,0.6153846153846154,0.5065997967118886,0.4605749772577251,0.6139910421049368,,,,1.1163686246563223,0.0006197578953570876,17.687730248740415,0.85
36,2017-03-15,medium_021,medium,True,True,False,,,,21.5,15.0,21.5,16.0,0.5733333333333334,0.5258385411382257,0.44755462290677606,0.7085010170116083,0.9591836734693877,0.5251406245493975,0.0002856209762858621,0.5251407585568743,0.0002856209762858621,8.17322344474148,0.8
36,2017-03-15,medium_022,medium,True,True,True,,,,27.5,14.0,28.5,14.0,0.6705882352941176,0.5435046968974835,0.532550482605591,0.5690645302452325,0.08163265306122448,1.8882890871084275,0.0008803928353686517,1.8882896571754668,0.0008803928353686517,30.04697491687913,0.95
36,2017-03-15,medium_023,medium,False,False,,success,0.9400000000000001,0.25966679476950105,21.0,18.0,21.5,18.0,0.5443037974683544,0.4548936920334725,0.45891281546290585,0.4455157373647947,,,,0.7142334022642518,0.00041217281000989627,11.320950081733855,0.75
36,2017-03-15,medium_024,medium,False,True,False,,,,21.0,14.0,21.0,15.0,0.5833333333333334,0.4859061322004835,0.5347057498580867,0.37204035766607607,0.4897959183673469,1.1136632708800398,0.0006219704908814675,1.113663554148723,0.0006219704908814675,17.89824852312847,0.9
36,2017-03-15,medium_025,medium,True,False,,,,,21.5,17.0,21.5,17.0,0.5584415584415584,0.5301674915499547,0.4739559698068856,0.6613277089504495,,,,1.2668761272466516,0.0007794984343464823,20.22698241916478,0.85
36,2017-03-15,medium_026,medium,True,True,True,,,,29.5,11.0,30.5,11.0,0.7349397590361446,0.5497289587878033,0.5016446428599993,0.6619256959526792,0.2857142857142857,1.3865233384491265,0.0006148172443433731,1.3865237784248254,0.0006148172443433731,22.14659988545931,0.9
36,2017-03-15,medium_027,medium,True,False,,,,,16.5,12.0,16.5,12.0,0.5789473684210527,0.510347157355517,0.4561601178641005,0.6367835828354887,,,,0.8741427426164775,0.0004529569186240938,13.769408942713707,0.75
36,2017-03-15,medium_028,medium,True,True,False,,,,24.0,14.0,24.0,15.0,0.6153846153846154,0.5488952014110946,0.49998959849875807,0.6630082748732132,0.8163265306122449,0.753497880393737,0.00046519015201656615,0.7534980515964389,0.00046519015201656615,12.054983769656566,0.7
36,2017-03-15,medium_029,medium,True,True,True,,,,20.5,14.0,21.5,14.0,0.6056338028169014,0.5225715086238791,0.5157193185380394,0.5385599521575052,0.3673469387755102,1.3144560124444047,0.0006959129219838163,1.3144563620555991,0.0006959129219838163,20.937896387226687,0.9
36,2017-03-15,bad_000,bad,False,False,,success,0.8200000000000002,0.09291459131137003,16.0,16.0,16.5,16.0,0.5076923076923077,0.46890408017387386,0.4648483449125176,0.4783674624503721,,,,0.8798293615053923,0.0004281327493501916,13.79600460189232,0.75
36,2017-03-15,bad_001,bad,False,False,,success,0.9400000000000001,2.2181494263418244,12.0,12.0,12.5,12.0,0.5102040816326531,0.4828980980699924,0.4833547819005236,0.48183250246541964,,,,1.1626740940565383,0.0006898292701747616,18.40251446793408,0.8
36,2017-03-15,bad_002,bad,False,False,,success,0.8200000000000002,0.6631164611838898,8.5,11.0,9.0,11.0,0.45,0.43776407515329574,0.4185785106501885,0.4825303923272128,,,,0.7513461527288862,0.0005019443077309475,11.882164996908253,0.8
36,2017-03-15,bad_003,bad,True,False,,,,,11.5,13.0,12.0,13.0,0.48,0.5464493509842134,0.5483341191547212,0.5420515585863621,,,,2.1885054864131024,0.0007484204306942499,34.43515325085924,1.0
36,2017-03-15,bad_004,bad,False,True,False,,,,11.0,11.0,11.0,12.0,0.4782608695652174,0.3770967824683333,0.4265347889533362,0.26174143400332656,0.9183673469387755,0.585229663357886,0.0004203338662061819,0.585229779947912,0.0004203338662061819,9.360431569989675,0.7
36,2017-03-15,bad_005,bad,False,False,,failure,0.5400000000000001,-3.9741371111779245,8.0,10.0,8.0,10.0,0.4444444444444444,0.4743222082395664,0.4960872491890617,0.4235371126907441,,,,1.168420608105355,0.0005487279881440263,18.452846572374284,0.9
36,2017-03-15,bad_006,bad,False,False,,failure,0.5100000000000001,-0.8640579443308667,11.0,15.0,11.0,15.0,0.4230769230769231,0.4469385596288673,0.48089570674738114,0.3677052163523351,,,,1.0515929284306853,0.0006403882152517898,16.977840003508938,0.85
36,2017-03-15,bad_007,bad,False,True,False,,,,10.5,11.0,10.5,12.0,0.4666666666666667,0.4723493271663203,0.41930957153988396,0.5961087569613386,0.8979591836734694,0.6019835326179701,0.00046482251087489863,0.6019836435725688,0.00046482251087489863,9.683312940908289,0.65
36,2017-03-15,bad_008,bad,False,False,,failure,0.5100000000000001,-1.020608356891131,7.0,9.0,7.0,9.0,0.4375,0.42048605614410706,0.4425217115717485,0.3690695268129436,,,,0.7603390832287219,0.00041014795850439904,12.122179703366678,0.7
36,2017-03-15,bad_009,bad,False,False,,success,0.9400000000000001,3.066222851256313,12.0,13.0,12.5,13.0,0.49019607843137253,0.4763486206604235,0.4829838108014761,0.4608665103313006,,,,0.6487569921981273,0.0003277584475703759,10.038326105379644,0.75
36,2017-03-15,bad_010,bad,False,False,,failure,0.5100000000000001,-0.39407819394691046,11.5,15.0,11.5,15.0,0.4339622641509434,0.3868680247778809,0.43919207322812037,0.26477857839398894,,,,0.7281540310393265,0.0004416382932517542,11.529317899011188,0.8
36,2017-03-15,bad_011,bad,False,False,,failure,0.39000000000000007,-1.181382379001974,7.5,12.0,7.5,12.0,0.38461538461538464,0.4215880495791777,0.4847855189305704,0.2741272877592616,,,,1.4129200890491513,0.0006187229909107043,22.171114047047315,0.95
36,2017-03-15,bad_012,bad,False,False,,neutral,0.39000000000000007,-0.09999977509112057,11.5,12.0,11.5,12.0,0.48936170212765956,0.40655240521895997,0.4483558885064164,0.3090109442148951,,,,0.8338550707657392,0.00046512093920244733,13.240312347805533,0.8
36,2017-03-15,bad_013,bad,False,False,,success,0.9400000000000001,1.067709163815735,14.5,14.0,15.0,14.0,0.5172413793103449,0.4855840387562037,0.4534644101781018,0.5605298387717749,,,,0.8382254282851636,0.00046985783531170496,13.267877697701506,0.85
36,2017-03-15,bad_014,bad,False,False,,success,0.8200000000000002,3.0394179534050636,7.5,9.0,8.0,9.0,0.47058823529411764,0.41971157186546365,0.4769869488941806,0.2860690254651242,,,,1.0021013380408599,0.00048574730383243254,16.06958130795635,0.85
36,2017-03-15,bad_015,bad,False,False,,success,0.9400000000000001,1.3492142082612588,9.0,10.0,9.5,10.0,0.48717948717948717,0.4904255510602765,0.4705814040466212,0.5367285607588057,,,,0.8311176057480301,0.0005096386548065865,13.209482714348148,0.8
36,2017-03-15,bad_016,bad,False,False,,success,0.9400000000000001,2.064381462060524,11.5,12.0,12.0,12.0,0.5,0.4762589384097906,0.4224964861995042,0.6017046602337925,,,,0.5724074297826716,0.0003766838922343391,9.245391459931922,0.7
36,2017-03-15,bad_017,bad,False,False,,success,0.9400000000000001,0.7398034464011118,11.0,12.0,11.5,12.0,0.48936170212765956,0.5061935130502281,0.48242588952921395,0.5616513012659279,,,,1.3416586232745293,0.0008400279174982768,21.407497735645407,0.9
36,2017-03-15,bad_018,bad,False,True,True,,,,14.5,13.0,15.5,13.0,0.543859649122807,0.4571881470588115,0.49000794155825445,0.3806086265601114,0.6326530612244898,0.9202843807699223,0.0005288189534390395,0.9202846065647575,0.0005288189534390395,14.674875926760198,0.85
36,2017-03-15,bad_019,bad,False,True,True,,,,12.5,14.0,13.5,14.0,0.4909090909090909,0.48447252499160975,0.5484496224240669,0.3351926309825432,0.14285714285714285,1.572326389896271,0.0008196166431355151,1.5723268147501033,0.0008196166431355151,24.54829794919408,0.9
36,2017-03-15,bad_020,bad,False,False,,failure,0.5100000000000001,-3.1370610384574746,13.0,11.0,13.0,11.0,0.5416666666666666,0.39108106703831647,0.35861146218668105,0.46684347835879925,,,,0.45156882043488406,0.0002601408661263648,7.091409448977441,0.65
36,2017-03-15,bad_021,bad,False,True,True,,,,12.5,13.0,13.5,13.0,0.5094339622641509,0.49118507160303515,0.5459622360616084,0.36337168786636426,0.22448979591836735,1.4708659866550202,0.0007389604447839607,1.4708663964060342,0.0007389604447839607,22.96903120843194,0.95
36,2017-03-15,bad_022,bad,True,False,,,,,11.0,11.0,11.0,11.0,0.5,0.5313699328174545,0.5256965169359074,0.5446079032077312,,,,0.9635108293659755,0.0006358375128726188,15.253002934935811,0.75
36,2017-03-15,bad_023,bad,False,False,,success,0.9400000000000001,1.33960970530066,10.0,13.0,10.5,13.0,0.44680851063829785,0.4446841212137519,0.45036800876533895,0.4314217169267157,,,,0.6772019727870231,0.0003329045754851575,10.617757938592597,0.8
36,2017-03-15,bad_024,bad,False,False,,success,0.8500000000000002,3.1119792510556294,11.0,11.0,11.5,11.0,0.5111111111111111,0.473535538444975,0.49752750851300787,0.4175542749528985,,,,1.4089748547593381,0.0007410025656139302,22.344831548214287,0.9
36,2017-03-15,bad_025,bad,False,False,,failure,0.5100000000000001,-0.9964898276988237,9.5,11.0,9.5,11.0,0.4634146341463415,0.4185407334056341,0.44491039766228463,0.3570115168067827,,,,0.755725592619008,0.00048521741519472585,12.083682771595294,0.7
36,2017-03-15,bad_026,bad,False,True,False,,,,11.5,11.0,11.5,12.0,0.48936170212765956,0.4743410636072297,0.47745096665780384,0.4670846231558902,0.5510204081632653,1.0524623847203771,0.0006533034408019951,1.0524626200195928,0.0006533034408019951,16.55100880845694,0.85
36,2017-03-15,bad_027,bad,False,False,,success,0.9400000000000001,1.3080064017603803,9.5,10.0,10.0,10.0,0.5,0.47694861845000913,0.42197790076412606,0.6052136263837363,,,,0.5558803843173244,0.0003342973670691238,8.747334733113261,0.6
36,2017-03-15,bad_028,bad,False,False,,failure,0.39000000000000007,-0.11180493185830187,10.0,11.0,10.0,11.0,0.47619047619047616,0.44330075169361294,0.4260650985950182,0.4835172755903342,,,,0.6191606040928934,0.00043096889672627483,9.76026035214104,0.8
36,2017-03-15,bad_029,bad,True,False,,,,,12.0,14.0,12.5,14.0,0.4716981132075472,0.5912876338152975,0.5732401081738429,0.6333985269786915,,,,1.6383069416353004,0.0009259509012642823,25.722086362416096,0.95
36,2017-03-15,bad_030,bad,False,False,,failure,0.48000000000000004,-0.27767938680214854,9.5,11.0,9.5,11.0,0.4634146341463415,0.4457971122875616,0.3284887468942092,0.7195166315387173,,,,0.4857170341839976,0.00032649808728200664,7.82234513546939,0.6
36,2017-03-15,bad_031,bad,True,True,True,,,,14.5,11.0,15.5,11.0,0.5849056603773585,0.5798744876973607,0.514748960773453,0.7318340505198123,0.1836734693877551,1.5302953133048482,0.0006585691733510372,1.5302958108699425,0.0006585691733510372,24.173048518607036,0.9
36,2017-03-15,bad_032,bad,True,True,True,,,,8.5,10.0,9.5,10.0,0.48717948717948717,0.5376563313710268,0.5230962061842136,0.5716299568069242,0.20408163265306123,1.5125907178899511,0.0006815247569565356,1.512591188154477,0.0006815247569565356,24.042340391530562,0.9
36,2017-03-15,bad_033,bad,False,False,,success,0.8200000000000002,0.8645883924072564,7.0,12.0,7.5,12.0,0.38461538461538464,0.45885425314936173,0.4679050718871717,0.43773567609447195,,,,1.0637188757788139,0.0005170413665995659,16.945483997006807,0.8
36,2017-03-15,bad_034,bad,False,False,,failure,0.39000000000000007,-2.3424242428312,10.0,11.0,10.0,11.0,0.47619047619047616,0.43599042306008173,0.45968595483417296,0.38070084892053563,,,,1.268677445615921,0.000665765463901782,20.18647652002884,0.8
36,2017-03-15,bad_035,bad,False,False,,failure,0.5100000000000001,-0.17936858750378804,11.0,11.0,11.0,11.0,0.5,0.44763123663127513,0.4167218134141326,0.5197532241379411,,,,0.4902399632285574,0.0002188517713735022,7.9394384152780155,0.7
36,2017-03-15,bad_036,bad,True,True,True,,,,10.0,12.0,11.0,12.0,0.4782608695652174,0.5589477822177692,0.5400151444430773,0.6031239370253836,0.5918367346938775,1.0067776671177122,0.0006487529524093369,1.0067778866899055,0.0006487529524093369,16.061410706613913,0.75
36,2017-03-15,bad_037,bad,False,False,,success,0.8200000000000002,0.8144174039541099,6.5,11.0,7.0,11.0,0.3888888888888889,0.3878990282498215,0.42717578720178306,0.29625325736191127,,,,0.558560881676874,0.0003127666951590614,8.853091789681725,0.7
36,2017-03-15,bad_038,bad,False,True,True,,,,16.0,12.0,17.0,12.0,0.5862068965517241,0.48876611985307794,0.48008766808722314,0.5090158406400728,0.6530612244897959,0.9181200786995986,0.0004250444599441224,0.9181203573394772,0.0004250444599441224,14.670258944207704,0.9
36,2017-03-15,bad_039,bad,False,False,,success,0.8500000000000002,1.0604587164217918,12.0,10.0,12.5,10.0,0.5555555555555556,0.4724919238470461,0.43790075807938433,0.5532046439715903,,,,1.1050470139615718,0.0005661453559540682,17.258109257093643,0.85
36,2017-03-15,bad_040,bad,False,False,,success,0.8200000000000002,0.7140013242764525,12.0,11.0,12.5,11.0,0.5319148936170213,0.4412916351705992,0.39724674646301295,0.5440630421549673,,,,0.3961127728682502,0.0001807155392729263,6.329856122855659,0.65
36,2017-03-15,bad_041,bad,False,False,,success,0.9400000000000001,1.4786162458989054,15.0,12.0,15.5,12.0,0.5636363636363636,0.5061040027216557,0.4793912370107889,0.5684337893803451,,,,0.5140217846998824,0.00041617126220645903,8.145818088142194,0.7
36,2017-03-15,bad_042,bad,False,True,False,,,,9.5,10.0,9.5,11.0,0.4634146341463415,0.41280410425432124,0.3710760779441469,0.5101694989780615,1.0,0.40589904044415687,0.0003040100196653706,0.40589911642887644,0.0003040100196653706,6.423210845382773,0.65
36,2017-03-15,bad_043,bad,False,False,,failure,0.5100000000000001,-1.5458409217659437,9.5,10.0,9.5,10.0,0.48717948717948717,0.3816906066479668,0.33647824040406105,0.4871861278837469,,,,0.4620643270782961,0.0003150247232007639,7.132350245328301,0.65
36,2017-03-15,bad_044,bad,False,True,False,,,,10.0,12.0,10.0,13.0,0.43478260869565216,0.48017275951810384,0.4662720798401012,0.5126076787667768,0.7959183673469388,0.770983602074064,0.00041217227297879347,0.7709838041559307,0.00041217227297879347,11.980399448841139,0.85
36,2017-03-15,bad_045,bad,False,False,,failure,0.39000000000000007,-4.5695839340293105,9.5,14.0,9.5,14.0,0.40425531914893614,0.4364482431783057,0.4237858275796549,0.4659938795751578,,,,0.7723830058373437,0.0003246004497461861,12.080267612415202,0.75
36,2017-03-15,bad_046,bad,True,False,,,,,9.0,12.0,9.0,12.0,0.42857142857142855,0.515942370181483,0.48907700665466647,0.5786282184107219,,,,0.8162254804877181,0.0005983799828299379,12.966158711288603,0.75
36,2017-03-15,bad_047,bad,True,False,,,,,13.5,15.0,14.0,15.0,0.4827586206896552,0.5121413077805534,0.4648526460382465,0.6224815185126031,,,,0.9475988273627088,0.0007071061187433328,14.92966214714974,0.8
36,2017-03-15,bad_048,bad,True,False,,,,,11.0,11.0,11.0,11.0,0.5,0.5486320659722964,0.5550831632811679,0.5335795055849297,,,,2.042073445058838,0.0007434426967826827,32.315789988954904,0.95
36,2017-03-15,bad_049,bad,True,True,True,,,,13.0,11.0,14.0,11.0,0.56,0.538033519297139,0.5257825088973197,0.5666192102300512,0.40816326530612246,1.2778031125032219,0.0006579633248437785,1.277803459243427,0.0006579633248437785,20.202556005600503,0.85
