round,date,factor_id,group,selected,updated_in_b_step,selected_success,unselected_evaluation,unselected_score,unselected_improvement,alpha_before,beta_before,alpha_after,beta_after,success_rate_after,score_final,score_aggregate,score_bayesian,perf_rank_percentile_input,perf_icir_input,perf_ls_return_input,recent_icir_lookback,recent_ls_mean_lookback,recent_ls_sharpe_lookback,recent_win_rate_lookback
2,2014-06-19,good_000,good,True,True,False,,,,8.0,2.0,8.0,3.0,0.7272727272727273,0.5564428727549413,0.39015383243385715,0.9444506335041377,0.7241379310344828,0.7471393483497557,0.0005709095789440142,0.7471394865523241,0.0005709095789440142,11.888631621307978,0.85
2,2014-06-19,good_001,good,True,False,,,,,8.0,2.0,8.0,2.0,0.8,0.6031575265658975,0.4724521413982601,0.9081367586237181,,,,0.7377654862066317,0.0005609485802730337,11.746229532422957,0.8
2,2014-06-19,good_002,good,True,True,False,,,,8.0,2.0,8.0,3.0,0.7272727272727273,0.5211954200962584,0.5089280786290685,0.5498192168530349,0.6551724137931034,1.0665832136844273,0.0006260097457717986,1.0665834726905485,0.0006260097457717986,17.006592243223434,0.85
2,2014-06-19,good_003,good,True,False,,,,,8.0,2.0,8.5,2.0,0.8095238095238095,0.6143974873775059,0.5247642192863231,0.8235417795902656,,,,0.952625181645011,0.0006833984095562463,15.129524519494774,0.85
2,2014-06-19,good_004,good,True,True,True,,,,8.0,2.0,9.0,2.0,0.8181818181818182,0.6070204636390106,0.483932084712958,0.8942266811331336,0.27586206896551724,1.4261067561780203,0.0006439627930751015,1.426107200516234,0.0006439627930751015,22.56627043337833,0.95
2,2014-06-19,good_005,good,True,True,True,,,,8.0,2.0,9.0,2.0,0.8181818181818182,0.59878909218164,0.5195949840438573,0.7835753445031332,0.4482758620689655,1.2388780945369224,0.0006753423695980418,1.2388784136052318,0.0006753423695980418,19.497198447758024,0.8
2,2014-06-19,good_006,good,True,True,True,,,,8.0,2.0,9.0,2.0,0.8181818181818182,0.6363246858277734,0.5000488127341767,0.9543017230461656,0.5862068965517241,1.0970681736515546,0.0006786231084331317,1.0970684224950886,0.0006786231084331317,17.493873922047875,0.85
2,2014-06-19,good_007,good,True,True,False,,,,8.0,2.0,8.0,3.0,0.7272727272727273,0.5587671896872031,0.43623200514626514,0.8446826202827252,0.8620689655172413,0.6132016255414132,0.00039704545911398755,0.6132017589470771,0.00039704545911398755,9.794107708804196,0.75
2,2014-06-19,good_008,good,True,True,True,,,,8.0,2.0,9.0,2.0,0.8181818181818182,0.6097897780276396,0.5454341847289801,0.7599528290578451,0.6896551724137931,0.9976610623509427,0.000621818171508806,0.9976612883817367,0.000621818171508806,15.861140216786659,0.85
2,2014-06-19,good_009,good,True,True,False,,,,8.0,2.0,8.0,3.0,0.7272727272727273,0.5786883409190362,0.49487453329182207,0.7742538920492025,0.5172413793103449,1.209119415912891,0.0007127464746616447,1.2091197040883983,0.0007127464746616447,19.217873849888587,0.9
2,2014-06-19,good_010,good,True,True,True,,,,8.0,2.0,9.0,2.0,0.8181818181818182,0.6020258741355642,0.5233005906656573,0.7857182022320138,0.20689655172413793,1.4807015532910857,0.0007621126327335392,1.480701960894731,0.0007621126327335392,23.661280377616446,1.0
2,2014-06-19,good_011,good,True,True,False,,,,8.0,2.0,8.0,3.0,0.7272727272727273,0.5875661481888872,0.44663021563507377,0.9164166574811184,0.7586206896551724,0.744155260971304,0.0003684972924348657,0.7441554755641625,0.0003684972924348657,11.996418402675676,0.8
2,2014-06-19,good_012,good,True,True,True,,,,8.0,2.0,9.0,2.0,0.8181818181818182,0.65862729883377,0.569434072314853,0.8667448273779099,0.4827586206896552,1.2245735275426792,0.0006403628623954854,1.2245738599844933,0.0006403628623954854,19.454896353922344,0.95
2,2014-06-19,good_013,good,True,True,True,,,,8.0,2.0,9.0,2.0,0.8181818181818182,0.594280634243178,0.5383308608523552,0.7248301054884314,0.6206896551724138,1.086932338429002,0.0006670579620468343,1.0869325916266745,0.0006670579620468343,17.42030669071906,0.75
2,2014-06-19,good_014,good,True,True,True,,,,8.0,2.0,9.0,2.0,0.8181818181818182,0.6778221896640195,0.6043811762440419,0.8491845543106343,0.034482758620689655,3.2905420282080526,0.0009507461837878336,3.290543630005624,0.0009507461837878336,52.668502638625746,1.0
2,2014-06-19,good_015,good,True,True,True,,,,8.0,2.0,9.0,2.0,0.8181818181818182,0.6650156444482044,0.6269394659741931,0.753860060887564,0.0,4.103002555631947,0.0011451987656902294,4.103004623792535,0.0011451987656902294,65.91430584437778,1.0
2,2014-06-19,good_016,good,False,True,False,,,,8.0,2.0,8.0,3.0,0.7272727272727273,0.5126158158664749,0.42188580681758825,0.724319170313877,0.896551724137931,0.6035823915720604,0.0003965038335479092,0.603582521761539,0.0003965038335479092,9.528999033789797,0.75
2,2014-06-19,good_017,good,True,True,True,,,,8.0,2.0,9.0,2.0,0.8181818181818182,0.5982126619975057,0.5535114388158097,0.7025155160881299,0.3793103448275862,1.2649611321730776,0.0006935618012513205,1.2649614574458365,0.0006935618012513205,20.225173215218355,0.9
2,2014-06-19,good_018,good,False,True,False,,,,8.0,2.0,8.0,3.0,0.7272727272727273,0.5037121135501196,0.4620026891389284,0.6010341038428989,0.7931034482758621,0.7051189724878045,0.0005273795933033239,0.7051191054617986,0.0005273795933033239,11.186929258133238,0.75
2,2014-06-19,good_019,good,True,True,True,,,,8.0,2.0,9.0,2.0,0.8181818181818182,0.6302215696963922,0.5941946466669935,0.7142843900983227,0.06896551724137931,3.203929154553436,0.0010229237418341276,3.2039305691696125,0.0010229237418341276,50.32452574156131,1.0
2,2014-06-19,medium_000,medium,False,True,True,,,,5.0,5.0,6.0,5.0,0.5454545454545454,0.5101192398455408,0.5165672082957816,0.4950739801283123,0.13793103448275862,1.8615372188089756,0.0006621734963252318,1.8615379590389705,0.0006621734963252318,29.380224520244468,1.0
2,2014-06-19,medium_001,medium,False,False,,failure,0.5100000000000001,-4.62910222641284,5.0,5.0,5.0,5.0,0.5,0.40988779890954197,0.493974785777581,0.21368482955078424,,,,0.9701407413213846,0.000630495369456411,15.54438126159495,0.9
2,2014-06-19,medium_002,medium,False,False,,failure,0.5100000000000001,-7.850822347739083,5.0,5.0,5.0,5.0,0.5,0.46713063508687824,0.36474944912058727,0.7060200690082239,,,,0.6283336454776459,0.00043504004640813383,9.978993480020728,0.75
2,2014-06-19,medium_003,medium,False,False,,failure,0.5100000000000001,-3.769286882713544,5.0,5.0,5.0,5.0,0.5,0.40852681281920167,0.39952788040462983,0.4295243217865361,,,,0.27255714540378906,0.0001635417750067675,4.25029841435828,0.6
2,2014-06-19,medium_004,medium,False,False,,success,0.8200000000000002,3.409247283615045,5.0,5.0,5.5,5.0,0.5238095238095238,0.5157999136372753,0.510540111472505,0.5280727853550725,,,,1.5381648948528353,0.0006793720631115416,24.38015316973893,1.0
2,2014-06-19,medium_005,medium,True,True,True,,,,5.0,5.0,6.0,5.0,0.5454545454545454,0.5337948224014494,0.5161389202391807,0.5749919274467431,0.2413793103448276,1.4359600195359283,0.0005032105291781211,1.4359605973109917,0.0005032105291781211,22.400850460468227,0.9
2,2014-06-19,medium_006,medium,False,True,False,,,,5.0,5.0,5.0,6.0,0.45454545454545453,0.37767107596373245,0.41811787165951475,0.28329521934024043,0.9655172413793104,0.4597109950988727,0.00019807400383691057,0.45971114697339993,0.00019807400383691057,7.355796541504954,0.7
2,2014-06-19,medium_007,medium,False,False,,failure,0.5400000000000001,-0.7877484816569904,5.0,5.0,5.0,5.0,0.5,0.4384165202866471,0.41023947936260663,0.5041629491094083,,,,1.0922889445151798,0.0006499069615336546,17.420864093157785,0.85
2,2014-06-19,medium_008,medium,True,False,,,,,5.0,5.0,5.5,5.0,0.5238095238095238,0.5998812866203775,0.6156042771413831,0.5631943087380313,,,,3.322826576917962,0.0009851625258719698,51.3632173955031,1.0
2,2014-06-19,medium_009,medium,True,True,True,,,,5.0,5.0,6.0,5.0,0.5454545454545454,0.556942242541606,0.5457337718886761,0.5830953407317758,0.3448275862068966,1.3656861960099462,0.0007304899984834194,1.3656865567019492,0.0007304899984834194,21.703414572229516,0.85
2,2014-06-19,medium_010,medium,False,True,False,,,,5.0,5.0,5.0,6.0,0.45454545454545453,0.32743954209474635,0.3903388234412553,0.18067455228622553,0.9310344827586207,0.5325444983059676,0.000351467048625749,0.5325446128872708,0.000351467048625749,8.464726498480626,0.75
2,2014-06-19,medium_011,medium,False,True,True,,,,5.0,5.0,6.0,5.0,0.5454545454545454,0.4957800922520018,0.4973897973132284,0.4920241137758066,0.41379310344827586,1.2536879660435127,0.0005806709677406291,1.2536883481738534,0.0005806709677406291,19.93189622902512,0.95
2,2014-06-19,medium_012,medium,False,False,,success,0.9700000000000001,7.7930201748317245,5.0,5.0,5.5,5.0,0.5238095238095238,0.43858733590017535,0.4694556475109235,0.3665612754750963,,,,0.9153202909405785,0.0004549385102135772,14.545314951204052,0.85
2,2014-06-19,medium_013,medium,False,True,False,,,,5.0,5.0,5.0,6.0,0.45454545454545453,0.3978906954417881,0.39441531116020245,0.40599992543215474,1.0,0.3700804427646723,0.0002488109223160315,0.37008052028731947,0.0002488109223160315,5.866581810974812,0.7
2,2014-06-19,medium_014,medium,True,False,,,,,5.0,5.0,5.5,5.0,0.5238095238095238,0.5660008561109189,0.4908207597336473,0.7414210809912195,,,,1.2590667882810556,0.0009268639777307198,19.78041014143074,0.85
2,2014-06-19,medium_015,medium,True,True,True,,,,5.0,5.0,6.0,5.0,0.5454545454545454,0.5248515102309613,0.5786576527602256,0.39930384432934474,0.10344827586206896,2.1326696759572163,0.000954669950663393,2.132670347504576,0.000954669950663393,33.25164590892279,1.0
2,2014-06-19,medium_016,medium,True,False,,,,,5.0,5.0,5.5,5.0,0.5238095238095238,0.54063385540738,0.4975176891210521,0.6412382434088115,,,,1.1597079082414623,0.0006073533964927061,18.40680768119378,0.9
2,2014-06-19,medium_017,medium,False,False,,failure,0.5100000000000001,-4.72124050791993,5.0,5.0,5.0,5.0,0.5,0.4353816195054074,0.4453172732902483,0.41219842734077866,,,,0.5740732337963563,0.0004360635317961715,9.23598222280728,0.7
2,2014-06-19,medium_018,medium,False,False,,success,0.9700000000000001,1.2659204217087563,5.0,5.0,5.5,5.0,0.5238095238095238,0.4554870012074244,0.5796182323117597,0.16584746196397557,,,,1.7093685763231516,0.0008304642020151368,26.96493208231227,0.9
2,2014-06-19,medium_019,medium,True,True,True,,,,5.0,5.0,6.0,5.0,0.5454545454545454,0.5745907108861065,0.5051843473198833,0.7365388925406275,0.1724137931034483,1.6234345301452437,0.0007279367419847048,1.623435040443176,0.0007279367419847048,25.723478697013366,0.9
2,2014-06-19,medium_020,medium,False,False,,success,0.8200000000000002,1.5798454781804026,5.0,5.0,5.5,5.0,0.5238095238095238,0.4784964571922996,0.44529330369080256,0.5559704820291262,,,,0.470002863497613,0.00030963900637496035,7.320683000732227,0.75
2,2014-06-19,medium_021,medium,True,True,True,,,,5.0,5.0,6.0,5.0,0.5454545454545454,0.6329570810230739,0.565064645618839,0.7913727636329555,0.5517241379310345,1.1494650048425368,0.0007026867979886629,1.149465269242546,0.0007026867979886629,18.121836155003876,0.75
2,2014-06-19,medium_022,medium,False,False,,failure,0.4200000000000001,-3.0371152083089754,5.0,5.0,5.0,5.0,0.5,0.43169545709535007,0.4174559171107024,0.46492105039286136,,,,0.48310675329313335,0.0003280453575013456,7.886314641315669,0.75
2,2014-06-19,medium_023,medium,False,False,,success,0.8500000000000002,5.144726783143142,5.0,5.0,5.5,5.0,0.5238095238095238,0.49441221713845673,0.5469710572861819,0.3717749234604313,,,,1.6556870381549302,0.0007699957950640674,26.16652093966098,1.0
2,2014-06-19,medium_024,medium,True,True,False,,,,5.0,5.0,5.0,6.0,0.45454545454545453,0.5254501279557935,0.47821650759974,0.6356619087865851,0.8275862068965517,0.6635950267805811,0.00036513562282911884,0.6635951954466663,0.00036513562282911884,10.423511169348025,0.75
2,2014-06-19,medium_025,medium,True,False,,,,,5.0,5.0,5.0,5.0,0.5,0.5433384327379458,0.4473254520342109,0.7673687210466605,,,,0.8757963280514401,0.0005083247629784649,13.799131985667,0.75
2,2014-06-19,medium_026,medium,False,False,,failure,0.5100000000000001,-7.656840322160463,5.0,5.0,5.0,5.0,0.5,0.451070733135435,0.3197902585103021,0.7573918405940786,,,,0.23167693993816968,0.0001719929762469557,3.6744918518473453,0.5
2,2014-06-19,medium_027,medium,False,False,,failure,0.5100000000000001,-1.1460562992797776,5.0,5.0,5.0,5.0,0.5,0.4942085865383911,0.4857037989697781,0.5140530908651549,,,,1.0595855449235878,0.0004584692845132042,16.94356850453181,0.85
2,2014-06-19,medium_028,medium,True,False,,,,,5.0,5.0,5.5,5.0,0.5238095238095238,0.5734100460649272,0.5931877798647328,0.5272620005320474,,,,2.2406702082980514,0.0009291196748110386,35.69968867180987,1.0
2,2014-06-19,medium_029,medium,False,False,,success,0.8200000000000002,1.063367764871657,5.0,5.0,5.5,5.0,0.5238095238095238,0.45297508342360315,0.45376061397087,0.45114217881331387,,,,1.1874952313857337,0.0005956517800839304,18.904785327742214,0.8
2,2014-06-19,bad_000,bad,False,False,,failure,0.5100000000000001,-5.590013584598211,2.0,8.0,2.0,8.0,0.2,0.4535136117137103,0.535265572925985,0.2627590355517363,,,,0.8008034564457094,0.0005369270672938525,12.745472612028232,0.8
2,2014-06-19,bad_001,bad,False,False,,failure,0.5400000000000001,-0.2816436980706527,2.0,8.0,2.0,8.0,0.2,0.4488180488867117,0.5533959805988606,0.20480287489169746,,,,1.076037982139882,0.0007382255996816005,17.206130479712016,0.85
2,2014-06-19,bad_002,bad,False,False,,failure,0.5100000000000001,-5.01396413495641,2.0,8.0,2.0,8.0,0.2,0.3596040828693432,0.5029668037224214,0.02509106754549413,,,,1.4694425765140222,0.0007222323422316344,23.114910653534714,0.9
2,2014-06-19,bad_003,bad,False,False,,failure,0.39000000000000007,-7.781344710242479,2.0,8.0,2.0,8.0,0.2,0.3605220293042728,0.37665173141197206,0.3228860577196413,,,,0.29417901765489163,0.00017275922218253184,4.608540530747318,0.6
2,2014-06-19,bad_004,bad,False,False,,failure,0.5100000000000001,-1.54766146006628,2.0,8.0,2.0,8.0,0.2,0.44820773739764286,0.4603080865389656,0.4199735894012232,,,,1.1442781068131356,0.0007022505219753933,18.143462085703383,0.8
2,2014-06-19,bad_005,bad,False,False,,success,0.9700000000000001,0.9182630301786787,2.0,8.0,2.5,8.0,0.23809523809523808,0.3820188864140207,0.4711338696600149,0.1740839255067009,,,,1.0702756976685006,0.0006138797815287611,16.856254029645395,0.8
2,2014-06-19,bad_006,bad,False,False,,success,0.9400000000000001,0.28451643185348985,2.0,8.0,2.5,8.0,0.23809523809523808,0.3794113304600828,0.44324105165723227,0.23047531433340068,,,,0.6472501815022671,0.0004081016904720973,10.372610353668648,0.75
2,2014-06-19,bad_007,bad,False,False,,success,0.9400000000000001,8.325739266293965,2.0,8.0,2.5,8.0,0.23809523809523808,0.33383559856936934,0.434908288256042,0.09799932263380001,,,,0.8794539178241737,0.0004387343361801129,13.989188846968107,0.7
2,2014-06-19,bad_008,bad,True,False,,,,,2.0,8.0,2.5,8.0,0.23809523809523808,0.532853159541989,0.629182410428373,0.3080849074737598,,,,3.4394923275403513,0.0011567847873702223,54.551131642986874,1.0
2,2014-06-19,bad_009,bad,False,False,,success,0.8500000000000002,0.6310281687447201,2.0,8.0,2.5,8.0,0.23809523809523808,0.4252418466165604,0.5497799821116782,0.134652863794619,,,,0.9851708749174369,0.0006003145576353954,15.61591471857913,0.85
2,2014-06-19,bad_010,bad,False,False,,success,0.9400000000000001,1.0870869225493323,2.0,8.0,2.5,8.0,0.23809523809523808,0.4650768512980993,0.5463489057695214,0.2754420575314477,,,,1.1331234592042552,0.0007318959986232557,17.946334259662162,0.9
2,2014-06-19,bad_011,bad,False,False,,neutral,0.39000000000000007,-0.08997025518065982,2.0,8.0,2.0,8.0,0.2,0.37954186656724165,0.5025308181540777,0.09256764619795747,,,,1.0183252773550897,0.0004838925629120069,16.159208418702683,0.85
2,2014-06-19,bad_012,bad,False,False,,failure,0.39000000000000007,-0.9653053436913837,2.0,8.0,2.0,8.0,0.2,0.518496239259667,0.499186312848905,0.5635527342181118,,,,1.7592147805929663,0.0006635322727993493,28.131177818745684,1.0
2,2014-06-19,bad_013,bad,False,False,,failure,0.4200000000000001,-1.6897407499622261,2.0,8.0,2.0,8.0,0.2,0.4833356382931541,0.5982864298379935,0.21511712468852903,,,,2.1290379301218847,0.0009341147903404338,33.93025178641154,1.0
2,2014-06-19,bad_014,bad,False,False,,failure,0.5100000000000001,-2.480999734833759,2.0,8.0,2.0,8.0,0.2,0.3324739579460018,0.4358236274243865,0.09132472916310423,,,,0.45051152714275006,0.00027409551945984723,7.219097948458055,0.75
2,2014-06-19,bad_015,bad,False,False,,failure,0.39000000000000007,-1.6918711503031432,2.0,8.0,2.0,8.0,0.2,0.40381281213233616,0.42972523492049425,0.3433504922933006,,,,1.2254072356163115,0.0007459832776439065,19.277530346373275,0.9
2,2014-06-19,bad_016,bad,False,False,,failure,0.5100000000000001,-1.9124619125483662,2.0,8.0,2.0,8.0,0.2,0.3893007638217841,0.5197271678184117,0.08497248782965318,,,,1.347721801883603,0.0005803375528816142,21.41797562687219,1.0
2,2014-06-19,bad_017,bad,False,False,,failure,0.39000000000000007,-2.561997649293275,2.0,8.0,2.0,8.0,0.2,0.3326897300626912,0.43451016734324477,0.09510870974139962,,,,0.6277129767989383,0.0002963438623280649,10.139129925456524,0.75
2,2014-06-19,bad_018,bad,False,False,,failure,0.39000000000000007,-5.397686618637437,2.0,8.0,2.0,8.0,0.2,0.34190453381297,0.4154243639778058,0.17035826342835306,,,,0.5106298478196684,0.0003764438190920049,8.12839209075654,0.8
2,2014-06-19,bad_019,bad,False,False,,failure,0.5100000000000001,-6.612427342681997,2.0,8.0,2.0,8.0,0.2,0.2981398011327806,0.3528750142201167,0.1704243039289965,,,,0.3891801853516257,0.0002623662287835498,6.220095126518869,0.6
2,2014-06-19,bad_020,bad,False,False,,failure,0.48000000000000004,-4.921297126837658,2.0,8.0,2.0,8.0,0.2,0.3680161735323208,0.37509776086233065,0.3514924697622978,,,,0.4979439248897838,0.0003185391199637342,7.950082742780921,0.65
2,2014-06-19,bad_021,bad,False,False,,failure,0.5100000000000001,-9.614140372825958,2.0,8.0,2.0,8.0,0.2,0.4135890287933361,0.5337704790502513,0.13316564486053395,,,,1.3747074679983216,0.0008276069743731837,21.716299229532368,0.9
2,2014-06-19,bad_022,bad,False,False,,success,0.8500000000000002,6.251891688438391,2.0,8.0,2.5,8.0,0.23809523809523808,0.3331901126695581,0.4441527988299052,0.07427717829541494,,,,0.5610062974014436,0.00038877008576274427,8.808542599452245,0.75
2,2014-06-19,bad_023,bad,False,False,,failure,0.39000000000000007,-0.17446069663093056,2.0,8.0,2.0,8.0,0.2,0.37043833300128165,0.48287944254707504,0.10807574406109702,,,,0.4891534195936818,0.0003635422533291541,7.810900312406438,0.7
2,2014-06-19,bad_024,bad,False,False,,failure,0.39000000000000007,-5.27826036046369,2.0,8.0,2.0,8.0,0.2,0.24234639816244186,0.3245127645352998,0.050624876625773314,,,,0.24703612860648116,0.00015958031252774016,3.840449554967689,0.5
2,2014-06-19,bad_025,bad,False,False,,failure,0.39000000000000007,-5.01147436329569,2.0,8.0,2.0,8.0,0.2,0.27838047087390727,0.39435099407248203,0.007782583410566128,,,,1.1460033720513854,0.0007749295385975445,18.069687855771686,0.75
2,2014-06-19,bad_026,bad,False,False,,success,0.8200000000000002,3.3017675679973024,2.0,8.0,2.5,8.0,0.23809523809523808,0.36583672389582256,0.32514561779932144,0.4607826381209919,,,,0.3853141899508433,0.00023826002148454219,6.182744330362597,0.45
2,2014-06-19,bad_027,bad,False,False,,success,0.8200000000000002,0.31865507647064817,2.0,8.0,2.5,8.0,0.23809523809523808,0.23039017589065755,0.31283958835337944,0.03800821347763984,,,,0.23777078719672246,0.00012513073890874681,3.6989918268845003,0.5
2,2014-06-19,bad_028,bad,False,False,,failure,0.5400000000000001,-3.6623471937245426,2.0,8.0,2.0,8.0,0.2,0.46592280074858816,0.5591566168745049,0.24837722978811586,,,,1.5687743502101021,0.0008519679954232671,24.924146380984723,0.9
2,2014-06-19,bad_029,bad,False,True,True,,,,2.0,8.0,3.0,8.0,0.2727272727272727,0.42007747756032926,0.5485177718049901,0.12038345765612082,0.3103448275862069,1.3808622734808866,0.0006903462547119165,1.3808626653370186,0.0006903462547119165,21.8150060530977,0.85
2,2014-06-19,bad_030,bad,False,False,,failure,0.5400000000000001,-1.3036056099779927,2.0,8.0,2.0,8.0,0.2,0.32267253892775405,0.4338672595905516,0.06321819071455985,,,,0.7546200183270684,0.0004511534789632841,11.92339759840421,0.7
2,2014-06-19,bad_031,bad,False,False,,success,0.8200000000000002,2.9275011224251557,2.0,8.0,2.5,8.0,0.23809523809523808,0.3607777744430911,0.49028990600921774,0.058582800788795845,,,,0.9882545922443368,0.00046797658223104755,15.855734779587724,0.85
2,2014-06-19,bad_032,bad,False,False,,failure,0.39000000000000007,-4.704229428048947,2.0,8.0,2.0,8.0,0.2,0.4270946546688632,0.5340589207064994,0.17751136724771205,,,,2.039339614341902,0.0009271740839290894,31.78764263285084,1.0
2,2014-06-19,bad_033,bad,False,False,,success,0.8200000000000002,0.14067754312213765,2.0,8.0,2.5,8.0,0.23809523809523808,0.43660106967895057,0.4343465658237895,0.4418615786743265,,,,0.5656322001744786,0.0003846062974698142,9.002735576851682,0.85
2,2014-06-19,bad_034,bad,False,False,,success,0.8200000000000002,4.980093803108346,2.0,8.0,2.5,8.0,0.23809523809523808,0.43159457211116437,0.49491714049576696,0.2838419125470917,,,,0.9666941898968611,0.0005275828934502274,15.33904575164772,0.9
2,2014-06-19,bad_035,bad,False,False,,failure,0.5100000000000001,-10.929709770318752,2.0,8.0,2.0,8.0,0.2,0.2839235408402599,0.39059940711213476,0.03501318620588518,,,,0.25696082122479125,0.0001423407203472286,4.09099163277514,0.6
2,2014-06-19,bad_036,bad,False,False,,success,0.9400000000000001,5.4634627545317755,2.0,8.0,2.5,8.0,0.23809523809523808,0.3625589828603895,0.383574948097902,0.31352173063952715,,,,0.3808735303211182,0.00024401344490706557,5.929629507979919,0.7
2,2014-06-19,bad_037,bad,False,False,,failure,0.5100000000000001,-0.7161971564106295,2.0,8.0,2.0,8.0,0.2,0.37984661120917285,0.4510398606911909,0.2137290290844643,,,,0.752362601051206,0.0004974311866198092,12.011616422340301,0.75
2,2014-06-19,bad_038,bad,False,False,,success,0.8200000000000002,2.719186760158081,2.0,8.0,2.5,8.0,0.23809523809523808,0.46210189796217294,0.5230040244893738,0.31999693606537116,,,,0.8610736423794259,0.0005601914517964214,13.686953764906676,0.8
2,2014-06-19,bad_039,bad,False,False,,failure,0.5400000000000001,-2.1324020352399344,2.0,8.0,2.0,8.0,0.2,0.4257972120291472,0.5091189587205261,0.2313798030825965,,,,0.7267874092277984,0.0004936382172312376,11.547777264182475,0.7
2,2014-06-19,bad_040,bad,False,False,,neutral,0.5100000000000001,-0.028670452263312995,2.0,8.0,2.0,8.0,0.2,0.42791097071145445,0.4563001925274237,0.36166945314085974,,,,0.8881630717287444,0.00046832943123088734,14.130252426501396,0.75
2,2014-06-19,bad_041,bad,False,False,,failure,0.39000000000000007,-4.487149821612562,2.0,8.0,2.0,8.0,0.2,0.47331117892042984,0.5573394870222439,0.2772451266828638,,,,1.9375671467310436,0.0008818478577428988,30.436402359229984,0.95
2,2014-06-19,bad_042,bad,False,False,,failure,0.5100000000000001,-6.252686273193618,2.0,8.0,2.0,8.0,0.2,0.35815365116770304,0.4943467683651903,0.040369711040232716,,,,0.5888345764796473,0.00034452676018726134,9.54038767737594,0.7
2,2014-06-19,bad_043,bad,False,False,,failure,0.5100000000000001,-3.51658666988952,2.0,8.0,2.0,8.0,0.2,0.37972436217608274,0.4882302487739977,0.12654396011428123,,,,1.0698635885078667,0.000426058528118446,17.06619879625196,0.85
2,2014-06-19,bad_044,bad,False,False,,failure,0.39000000000000007,-1.5415281927280517,2.0,8.0,2.0,8.0,0.2,0.40800815736592494,0.48574677392471516,0.2266180520620813,,,,0.9189137953531294,0.00043197671758524387,14.844429444056894,0.8
2,2014-06-19,bad_045,bad,False,False,,failure,0.5100000000000001,-0.18497299518737975,2.0,8.0,2.0,8.0,0.2,0.40057139077828974,0.4408199481488325,0.30665809024702334,,,,0.9781837596000883,0.0005812175525829399,15.486559320301556,0.8
2,2014-06-19,bad_046,bad,False,False,,failure,0.39000000000000007,-4.606328651453268,2.0,8.0,2.0,8.0,0.2,0.412865305534063,0.4909290442109816,0.23071658195458628,,,,0.7379803448964402,0.0004529682260727023,11.610722877035725,0.75
2,2014-06-19,bad_047,bad,False,False,,failure,0.5100000000000001,-9.43936225240114,2.0,8.0,2.0,8.0,0.2,0.38119866386467083,0.4341482830088518,0.25764955252824867,,,,0.4266439132436431,0.00033283855016271016,6.706315637087931,0.65
2,2014-06-19,bad_048,bad,False,False,,success,0.9400000000000001,0.5292465337212917,2.0,8.0,2.5,8.0,0.23809523809523808,0.49262905059526807,0.5232412340276045,0.4212006225864832,,,,1.7260703301731546,0.0008922187592636379,27.765694523663168,1.0
2,2014-06-19,bad_049,bad,False,False,,success,0.8200000000000002,3.104244087713994,2.0,8.0,2.5,8.0,0.23809523809523808,0.33948059216815674,0.4174283002753224,0.1576026065847703,,,,0.9046309349457974,0.0005284444080780497,14.194303358011,0.8
3,2014-07-18,good_000,good,True,True,True,,,,8.0,3.0,9.0,3.0,0.75,0.5802822998132842,0.542089362143299,0.6693991543765831,0.5172413793103449,1.0511937648979415,0.0006745607394866339,1.0511939951874685,0.0006745607394866339,16.664382659402555,0.85
3,2014-07-18,good_001,good,False,True,False,,,,8.0,2.0,8.0,3.0,0.7272727272727273,0.5017932338558273,0.423194979218222,0.6851891613435732,0.7241379310344828,0.8383011073125083,0.0004950270401641845,0.8383013074235025,0.0004950270401641845,13.025677129374962,0.8
3,2014-07-18,good_002,good,True,True,True,,,,8.0,3.0,9.0,3.0,0.75,0.5969892221748394,0.5484960895336992,0.7101398650041665,0.1724137931034483,1.4657874092622682,0.0006206872866648339,1.4657879001972414,0.0006206872866648339,23.27272346697587,0.9
3,2014-07-18,good_003,good,True,True,True,,,,8.5,2.0,9.5,2.0,0.8260869565217391,0.615609729584546,0.5450466250705187,0.7802569734506098,0.10344827586206896,1.6773250858656723,0.0008144180247956125,1.6773255756276968,0.0008144180247956125,26.55863678515435,1.0
3,2014-07-18,good_004,good,False,True,False,,,,9.0,2.0,9.0,3.0,0.75,0.4901879907788169,0.4227239865588614,0.6476040006253799,0.9310344827586207,0.5186613049871804,0.0003513789308219726,0.5186614119967211,0.0003513789308219726,8.13607562051336,0.75
3,2014-07-18,good_005,good,False,True,False,,,,9.0,2.0,9.0,3.0,0.75,0.5080703418484072,0.4361903713432532,0.6757902730270997,0.7931034482758621,0.7712658292643569,0.00047804213010853606,0.7712660045729802,0.00047804213010853606,12.252101944935793,0.75
3,2014-07-18,good_006,good,True,True,True,,,,9.0,2.0,10.0,2.0,0.8333333333333334,0.6208308617865126,0.5609226979351024,0.7606165774398032,0.034482758620689655,1.9684013047701132,0.000901317522768013,1.9684019172719065,0.000901317522768013,31.15745047334524,0.95
3,2014-07-18,good_007,good,False,True,False,,,,8.0,3.0,8.0,4.0,0.6666666666666666,0.47653674427693293,0.4187706293889831,0.6113243456821492,0.896551724137931,0.5687253477363526,0.0003968350914864777,0.5687254647909068,0.0003968350914864777,9.147476605078618,0.7
3,2014-07-18,good_008,good,True,True,False,,,,9.0,2.0,9.0,3.0,0.75,0.6095960111348151,0.5209252047298341,0.8164945594131042,0.8275862068965517,0.7455675471325688,0.0005438409141796507,0.7455676915953406,0.0005438409141796507,11.820924902035781,0.75
3,2014-07-18,good_009,good,True,True,True,,,,8.0,3.0,9.0,3.0,0.75,0.6087782851880712,0.5792153518215655,0.6777584630432515,0.3103448275862069,1.299229962080941,0.0008517177427197732,1.2992302442113381,0.0008517177427197732,21.033174743294456,0.95
3,2014-07-18,good_010,good,True,True,True,,,,9.0,2.0,10.0,2.0,0.8333333333333334,0.6158812080655277,0.5518584094017047,0.7652677382811149,0.13793103448275862,1.6737704610539579,0.0007442929222303111,1.6737709994755585,0.0007442929222303111,26.82099510202565,0.95
3,2014-07-18,good_011,good,True,True,True,,,,8.0,3.0,9.0,3.0,0.75,0.5969339780236047,0.46654903331808417,0.9011655156698193,0.3793103448275862,1.158867383232378,0.0006904764187588561,1.158867658922885,0.0006904764187588561,18.611633277630574,0.85
3,2014-07-18,good_012,good,True,True,True,,,,9.0,2.0,10.0,2.0,0.8333333333333334,0.6604579103907309,0.545082355487723,0.9296675384977495,0.5517241379310345,1.0360909693053035,0.0006568826603082793,1.0360911997630273,0.0006568826603082793,16.382466860896432,0.9
3,2014-07-18,good_013,good,True,True,True,,,,9.0,2.0,10.0,2.0,0.8333333333333334,0.6596011838213425,0.5416188447211671,0.9348933083884186,0.4827586206896552,1.061386383623605,0.0006300358875839344,1.0613866369744402,0.0006300358875839344,16.78999938871291,0.8
3,2014-07-18,good_014,good,True,True,True,,,,9.0,2.0,10.0,2.0,0.8333333333333334,0.6580398462076241,0.5689515178218408,0.8659126124411186,0.4482758620689655,1.090875968836391,0.000677527226422322,1.0908762166330588,0.000677527226422322,17.22707569289516,0.85
3,2014-07-18,good_015,good,True,True,True,,,,9.0,2.0,10.0,2.0,0.8333333333333334,0.6376539583523899,0.5854434250133294,0.7594785361435316,0.0,2.851470101586956,0.0011071024609917385,2.8514711462893505,0.0011071024609917385,44.57393216888951,1.0
3,2014-07-18,good_016,good,True,False,,,,,8.0,3.0,8.5,3.0,0.7391304347826086,0.6092963299307049,0.5166175801111668,0.8255467461762942,,,,1.5659954358492278,0.0006870515250258235,24.852543325991764,0.9
3,2014-07-18,good_017,good,True,True,True,,,,9.0,2.0,10.0,2.0,0.8333333333333334,0.6231706498167907,0.5260677905053827,0.8497439882100762,0.06896551724137931,1.8067375492089068,0.0008256458687675202,1.806738110722725,0.0008256458687675202,28.671553529284605,0.95
3,2014-07-18,good_018,good,False,False,,success,0.9400000000000001,0.5673627950490641,8.0,3.0,8.5,3.0,0.7391304347826086,0.48760627796740663,0.4430533644744443,0.5915630761176521,,,,0.9787092862718814,0.0006503795242209004,15.501638950487166,0.8
3,2014-07-18,good_019,good,False,True,False,,,,9.0,2.0,9.0,3.0,0.75,0.48183129367371524,0.39955594451734033,0.6738071083719235,0.7586206896551724,0.7716090335120823,0.00047436411106312697,0.7716092131767303,0.00047436411106312697,12.181693589327908,0.75
3,2014-07-18,medium_000,medium,False,False,,success,0.8500000000000002,0.3195018158153573,6.0,5.0,6.5,5.0,0.5652173913043478,0.49032563037217103,0.4446079092459032,0.5970003130001293,,,,0.8245221334537349,0.0004910821562101993,13.258889447239481,0.7
3,2014-07-18,medium_001,medium,True,False,,,,,5.0,5.0,5.5,5.0,0.5238095238095238,0.5337970783766176,0.5267877225356081,0.5501522420056397,,,,1.4077227471318208,0.0006542592206684259,21.99399277953316,0.95
3,2014-07-18,medium_002,medium,True,False,,,,,5.0,5.0,5.5,5.0,0.5238095238095238,0.5205623194407378,0.5631929252392076,0.4210909059109749,,,,1.6463709072337445,0.000883380612272277,26.194243084255966,0.9
3,2014-07-18,medium_003,medium,False,False,,success,0.8200000000000002,1.4826151017026348,5.0,5.0,5.5,5.0,0.5238095238095238,0.4223845958106961,0.40256077889226466,0.46864016862036956,,,,0.6240306486756002,0.0004234509909875714,9.957545228470186,0.75
3,2014-07-18,medium_004,medium,False,False,,failure,0.5100000000000001,-6.041136382413143,5.5,5.0,5.5,5.0,0.5238095238095238,0.5120180576878983,0.49570034138785535,0.5500927290546654,,,,0.9233233820562113,0.0005026565976259238,14.597091662665795,0.8
3,2014-07-18,medium_005,medium,True,True,True,,,,6.0,5.0,7.0,5.0,0.5833333333333334,0.5602676436346526,0.5142639885407432,0.6676095055204416,0.20689655172413793,1.449945331603994,0.0006247874187806993,1.4499458091968211,0.0006247874187806993,22.968587594618036,0.9
3,2014-07-18,medium_006,medium,True,False,,,,,5.0,6.0,5.5,6.0,0.4782608695652174,0.5299758345336008,0.47982316991690344,0.6469987186392281,,,,1.5648516573422928,0.0004924534969500828,24.325852753475235,0.95
3,2014-07-18,medium_007,medium,False,False,,success,0.9700000000000001,5.39866003972044,5.0,5.0,5.5,5.0,0.5238095238095238,0.5023974214879483,0.5264677178253265,0.44623339670073275,,,,1.5167640233612472,0.000842535486584644,24.019216456827547,0.95
3,2014-07-18,medium_008,medium,True,True,True,,,,5.5,5.0,6.5,5.0,0.5652173913043478,0.5328442082039602,0.5222219233750923,0.5576295394713188,0.2413793103448276,1.4491111352277266,0.0006326476581356046,1.4491116100339612,0.0006326476581356046,23.14468679354794,0.95
3,2014-07-18,medium_009,medium,True,True,True,,,,6.0,5.0,7.0,5.0,0.5833333333333334,0.5146597002852148,0.5380628414989949,0.46005237078639477,0.27586206896551724,1.334114446770004,0.0006261520596843623,1.3341148516457622,0.0006261520596843623,20.87222719341874,1.0
3,2014-07-18,medium_010,medium,False,False,,failure,0.39000000000000007,-0.11539363668887859,5.0,6.0,5.0,6.0,0.45454545454545453,0.35712898106974234,0.42177044683040094,0.20629889429487236,,,,0.7618934830916333,0.0004982796365937498,12.240294714241161,0.75
3,2014-07-18,medium_011,medium,True,False,,,,,6.0,5.0,6.5,5.0,0.5652173913043478,0.5978757044156305,0.6232710706834883,0.538619849790629,,,,3.7142130957616577,0.00105476028776096,57.63552179089,1.0
3,2014-07-18,medium_012,medium,True,False,,,,,5.5,5.0,6.0,5.0,0.5454545454545454,0.5621287379103921,0.612361852170253,0.4449181379707167,,,,2.662517667228869,0.0011756545368215323,41.912219406604926,1.0
3,2014-07-18,medium_013,medium,False,False,,success,0.9400000000000001,2.032705185839575,5.0,6.0,5.5,6.0,0.4782608695652174,0.4177677449089059,0.4030273580835709,0.4521619808346878,,,,0.6200854692458999,0.00035733635044833825,10.006185022404589,0.8
3,2014-07-18,medium_014,medium,False,True,True,,,,5.5,5.0,6.5,5.0,0.5652173913043478,0.5021755708703961,0.4649880538123291,0.5889464440058859,0.41379310344827586,1.122544664598711,0.0004467956986623796,1.1225450687363248,0.0004467956986623796,18.07532900403235,0.85
3,2014-07-18,medium_015,medium,True,True,True,,,,6.0,5.0,7.0,5.0,0.5833333333333334,0.541271268294856,0.5207768347913596,0.5890916131363474,0.5862068965517241,0.9702041062489523,0.0005775275060100845,0.9702043392861472,0.0005775275060100845,15.605942360838526,0.85
3,2014-07-18,medium_016,medium,False,True,True,,,,5.5,5.0,6.5,5.0,0.5652173913043478,0.4896779619196828,0.5153226661822483,0.42984031864036354,0.6551724137931034,0.8614934921524652,0.00048158639077421214,0.8614937109382657,0.00048158639077421214,13.799899029365074,0.8
3,2014-07-18,medium_017,medium,True,False,,,,,5.0,5.0,5.5,5.0,0.5238095238095238,0.5169746517994758,0.5787835312200459,0.37275393315147887,,,,2.091075142926003,0.0008677165274949432,33.36051860393666,0.95
3,2014-07-18,medium_018,medium,False,False,,failure,0.5400000000000001,-2.457361896363338,5.5,5.0,5.5,5.0,0.5238095238095238,0.44669386407480516,0.5125891459672319,0.29293820632580947,,,,0.9435030465670492,0.0005797122712553846,14.958132736931846,0.7
3,2014-07-18,medium_019,medium,False,True,False,,,,6.0,5.0,6.0,6.0,0.5,0.36753121795993154,0.39112595681580886,0.31247682729621795,0.9655172413793104,0.33661300378715053,0.00019268849677556423,0.3366130852780425,0.00019268849677556423,5.12426065849189,0.65
3,2014-07-18,medium_020,medium,True,False,,,,,5.5,5.0,6.0,5.0,0.5454545454545454,0.5315255969211715,0.4753608099471589,0.6625767665272011,,,,0.8307601113359872,0.00039059795865286305,13.222140821495326,0.8
3,2014-07-18,medium_021,medium,False,True,False,,,,6.0,5.0,6.0,6.0,0.5,0.49846874570974176,0.4549598810655505,0.5999894298795214,1.0,0.27630333208377755,0.00018026997137970908,0.27630339362493594,0.00018026997137970908,4.476211895344186,0.7
3,2014-07-18,medium_022,medium,False,False,,success,0.8200000000000002,5.504595470333086,5.0,5.0,5.5,5.0,0.5238095238095238,0.45771284938279455,0.3877281242658652,0.6210105413222964,,,,0.860353264071813,0.0005850556486615523,13.62377966693685,0.85
3,2014-07-18,medium_023,medium,True,False,,,,,5.5,5.0,5.5,5.0,0.5238095238095238,0.6107285034557653,0.5789211544041548,0.6849456512428568,,,,1.4484805893054722,0.0007183603137649144,23.128950062991677,0.85
3,2014-07-18,medium_024,medium,False,True,False,,,,5.0,6.0,5.0,7.0,0.4166666666666667,0.435075651135314,0.4751221184030997,0.3416338941771474,0.8620689655172413,0.6573444239123359,0.00042932454008706434,0.6573445671180546,0.00042932454008706434,10.47114618877354,0.75
3,2014-07-18,medium_025,medium,False,True,True,,,,5.0,5.0,6.0,5.0,0.5454545454545454,0.49079129184959086,0.5367658167052782,0.38351740051965383,0.3448275862068966,1.2278307258975782,0.0006258206686613575,1.2278310686790326,0.0006258206686613575,19.4716709473768,0.9
3,2014-07-18,medium_026,medium,True,False,,,,,5.0,5.0,5.5,5.0,0.5238095238095238,0.5476115943275233,0.5106519212041634,0.6338508316153632,,,,1.3468705616455103,0.0008943860460750169,21.507932921990648,0.85
3,2014-07-18,medium_027,medium,False,False,,failure,0.5100000000000001,-1.778733303043765,5.0,5.0,5.0,5.0,0.5,0.4979002884895942,0.4759072180464671,0.549217452856891,,,,1.106806138539982,0.0006135610159539737,17.592197172625852,0.8
3,2014-07-18,medium_028,medium,True,True,True,,,,5.5,5.0,6.5,5.0,0.5652173913043478,0.6275081724495954,0.5412217954581034,0.8288430520964102,0.6896551724137931,0.8450941208137801,0.0006544001615480602,0.8450942749500873,0.0006544001615480602,13.318478341366262,0.85
3,2014-07-18,medium_029,medium,False,False,,failure,0.5100000000000001,-5.990179344641234,5.5,5.0,5.5,5.0,0.5238095238095238,0.49910633628195683,0.4570597996907481,0.5972149216614439,,,,0.5796637051196794,0.00040181993353248497,9.174444935291987,0.65
3,2014-07-18,bad_000,bad,False,False,,failure,0.39000000000000007,-0.2958324064269675,2.0,8.0,2.0,8.0,0.2,0.3481330201938808,0.4922221116024644,0.011925140240519203,,,,1.6635919196120859,0.0009140401551088167,26.248495831815987,0.9
3,2014-07-18,bad_001,bad,False,False,,success,0.8200000000000002,0.3641685850254106,2.0,8.0,2.5,8.0,0.23809523809523808,0.2876274966334928,0.3345684216810052,0.17809867152263065,,,,0.26484939806993824,0.0001488094194281952,4.216971117062524,0.55
3,2014-07-18,bad_002,bad,False,False,,failure,0.5100000000000001,-3.7989612228742544,2.0,8.0,2.0,8.0,0.2,0.3010243496850675,0.35190117777753044,0.18231175080265408,,,,0.1481673072433308,8.662734148776085e-05,2.178513529325978,0.65
3,2014-07-18,bad_003,bad,False,False,,failure,0.5100000000000001,-0.11532623650965945,2.0,8.0,2.0,8.0,0.2,0.37793541727597424,0.414728023831228,0.2920860019803823,,,,0.5910789379834945,0.0004880247049049007,9.44291851493455,0.75
3,2014-07-18,bad_004,bad,False,False,,success,0.8200000000000002,1.9869467946777064,2.0,8.0,2.5,8.0,0.23809523809523808,0.4167796427439177,0.4481500798935678,0.3435819560614008,,,,0.6388215649194336,0.0003021771759592252,10.056176098686244,0.7
3,2014-07-18,bad_005,bad,False,False,,failure,0.5400000000000001,-0.5575175011052806,2.5,8.0,2.5,8.0,0.23809523809523808,0.4376685005294659,0.5206277750510161,0.24409685997918204,,,,1.1747303537612857,0.000684653702944822,18.668352297033184,0.9
3,2014-07-18,bad_006,bad,False,False,,failure,0.5100000000000001,-6.401377160725261,2.5,8.0,2.5,8.0,0.23809523809523808,0.5032981936281704,0.5122436623188121,0.48242543335000665,,,,0.9738725862068829,0.0005352592363742339,15.392097397971614,0.8
3,2014-07-18,bad_007,bad,False,False,,success,0.9700000000000001,6.3074955946892,2.5,8.0,3.0,8.0,0.2727272727272727,0.3239600196295417,0.4015790932534087,0.14284884784051885,,,,0.9924723206685672,0.0007021501474292111,15.6841301807688,0.85
3,2014-07-18,bad_008,bad,False,True,False,,,,2.5,8.0,2.5,9.0,0.21739130434782608,0.4229684313734292,0.49884522037909973,0.2459225903601981,0.6206896551724138,0.9275585680557497,0.000561780117864568,0.9275587855179271,0.000561780117864568,14.86319016744345,0.85
3,2014-07-18,bad_009,bad,False,False,,failure,0.39000000000000007,-3.7457042595875265,2.5,8.0,2.5,8.0,0.23809523809523808,0.3680923668112712,0.43533930715383234,0.21118283934529525,,,,0.5135533793547858,0.0003217326030647092,8.102285115907305,0.8
3,2014-07-18,bad_010,bad,False,False,,success,0.9400000000000001,5.469456345452855,2.5,8.0,3.0,8.0,0.2727272727272727,0.4277766940761928,0.4344157261472123,0.41228561924381396,,,,0.7989963842319517,0.00043858536239701356,12.536711998208364,0.8
3,2014-07-18,bad_011,bad,False,False,,success,0.9700000000000001,7.654639548168376,2.0,8.0,2.5,8.0,0.23809523809523808,0.428061941665815,0.4799150404200998,0.30707137790581723,,,,1.444846847002883,0.0006974768714833274,22.94325218978151,0.9
3,2014-07-18,bad_012,bad,False,False,,success,0.9400000000000001,0.9039590777507556,2.0,8.0,2.5,8.0,0.23809523809523808,0.44746408779253233,0.4578418699056461,0.42324926286193354,,,,1.0020136041492949,0.0005779973746838673,15.818891231430149,0.85
3,2014-07-18,bad_013,bad,False,False,,failure,0.4200000000000001,-2.198253086385165,2.0,8.0,2.0,8.0,0.2,0.28166920210173807,0.3512481746348746,0.11931826619108607,,,,0.33422949117580414,0.000205907811540057,5.205657872161701,0.6
3,2014-07-18,bad_014,bad,False,False,,success,0.9400000000000001,8.483592494422268,2.0,8.0,2.5,8.0,0.23809523809523808,0.4215066462471801,0.45080598995931337,0.3531415109188692,,,,0.8503737614251556,0.0005066207092584951,13.487345823646558,0.75
3,2014-07-18,bad_015,bad,False,False,,failure,0.39000000000000007,-9.97744931315134,2.0,8.0,2.0,8.0,0.2,0.332199837070118,0.42546774792073155,0.11457471175201975,,,,0.5476844976354245,0.0003903158298502314,8.756894243982362,0.75
3,2014-07-18,bad_016,bad,False,False,,failure,0.5100000000000001,-3.31502707512486,2.0,8.0,2.0,8.0,0.2,0.31003007488434375,0.39696992975773315,0.10717041351310179,,,,0.9444350368576679,0.0004763012840967116,15.05932956493737,0.85
3,2014-07-18,bad_017,bad,False,False,,success,0.8500000000000002,6.005994910110786,2.0,8.0,2.5,8.0,0.23809523809523808,0.4676708509764976,0.5605885536421368,0.2508628780900062,,,,1.501199402472101,0.0007899179093723118,23.789364659154426,0.85
3,2014-07-18,bad_018,bad,False,False,,failure,0.39000000000000007,-4.3211539867995725,2.0,8.0,2.0,8.0,0.2,0.395608394138091,0.530444350747362,0.08099116204979212,,,,2.0253611372513385,0.0009197307075349403,31.96473449822256,1.0
3,2014-07-18,bad_019,bad,False,False,,success,0.9400000000000001,2.234834067515962,2.0,8.0,2.5,8.0,0.23809523809523808,0.3423971753397093,0.4018331856369312,0.20371315131285841,,,,0.4260122477992253,0.0002664930000227507,6.624536973613617,0.7
3,2014-07-18,bad_020,bad,False,False,,failure,0.36000000000000004,-8.175289578432213,2.0,8.0,2.0,8.0,0.2,0.3140134159804323,0.3903440526569327,0.13590859706859804,,,,0.5643976721952342,0.0004046618976004603,8.909847998737536,0.65
3,2014-07-18,bad_021,bad,False,False,,failure,0.5100000000000001,-1.7362657429785884,2.0,8.0,2.0,8.0,0.2,0.35905059176360743,0.35048499882109424,0.3790369752961383,,,,0.4323834832242187,0.0003201567973840313,6.87761023615689,0.7
3,2014-07-18,bad_022,bad,False,False,,failure,0.5100000000000001,-1.173972666462035,2.5,8.0,2.5,8.0,0.23809523809523808,0.3701992330132972,0.4365036659947006,0.21548888939002278,,,,0.6140905327557319,0.00040387578631018145,9.86409916349027,0.75
3,2014-07-18,bad_023,bad,False,False,,failure,0.5100000000000001,-0.948273681876941,2.0,8.0,2.0,8.0,0.2,0.34480191851998976,0.4215523941926211,0.16571747528385003,,,,0.4272568794818267,0.0003030934956930877,6.829197770192986,0.7
3,2014-07-18,bad_024,bad,False,False,,failure,0.5100000000000001,-2.7387558999955104,2.0,8.0,2.0,8.0,0.2,0.42979840367346805,0.5577314095961952,0.13128805652043835,,,,1.5511404838127398,0.0008779296817156631,24.587184332889688,0.85
3,2014-07-18,bad_025,bad,False,False,,failure,0.39000000000000007,-0.5576813089484034,2.0,8.0,2.0,8.0,0.2,0.3552759856914016,0.3944120240476503,0.2639585628601549,,,,0.14230808606661005,8.496419051764129e-05,2.254991021628566,0.55
3,2014-07-18,bad_026,bad,True,False,,,,,2.5,8.0,3.0,8.0,0.2727272727272727,0.6094626135552466,0.5477489472251293,0.7534611683255202,,,,2.084170401021901,0.0009248533359372833,33.85923954339076,1.0
3,2014-07-18,bad_027,bad,True,False,,,,,2.5,8.0,3.0,8.0,0.2727272727272727,0.5295134848026383,0.5714714176371398,0.4316116415221347,,,,1.7696810636654858,0.0009336214542677685,28.00666453259665,0.95
3,2014-07-18,bad_028,bad,False,False,,failure,0.39000000000000007,-4.813446212288056,2.0,8.0,2.0,8.0,0.2,0.25210281068071033,0.3333097307412224,0.06261999720618215,,,,0.15638264136925306,8.052678860681678e-05,2.4557232967221196,0.65
3,2014-07-18,bad_029,bad,False,False,,success,0.8200000000000002,0.7688265920244675,3.0,8.0,3.5,8.0,0.30434782608695654,0.26099086207162403,0.34238793234177345,0.07106436477460877,,,,0.4146523765412691,0.00031531251914809804,6.491512551578196,0.6
3,2014-07-18,bad_030,bad,False,False,,success,0.9700000000000001,0.14388169784379556,2.0,8.0,2.5,8.0,0.23809523809523808,0.3995566797301333,0.5326769986313649,0.08894260229392631,,,,1.8969127928706568,0.0006779551619997307,30.820757434582262,1.0
3,2014-07-18,bad_031,bad,False,False,,success,0.8200000000000002,3.546326130588511,2.5,8.0,3.0,8.0,0.2727272727272727,0.3726527666664724,0.4937362284889522,0.09012468908068624,,,,0.786316401847682,0.0005354434864085408,12.277516613552782,0.9
3,2014-07-18,bad_032,bad,False,False,,failure,0.5400000000000001,-8.857842572248032,2.0,8.0,2.0,8.0,0.2,0.42114633167033877,0.4206626466517879,0.4222749300469576,,,,0.6919428396048577,0.0004218536669162682,10.824916944524338,0.8
3,2014-07-18,bad_033,bad,False,False,,failure,0.39000000000000007,-3.1237601267148136,2.5,8.0,2.5,8.0,0.23809523809523808,0.3125284059428745,0.3864453451273292,0.14005554784581362,,,,0.5581443666130509,0.00038130731889337845,8.87371152563656,0.7
3,2014-07-18,bad_034,bad,False,False,,success,0.9700000000000001,0.4650276250159635,2.5,8.0,3.0,8.0,0.2727272727272727,0.3952670078926248,0.4775865332792765,0.20318811532377073,,,,1.1639614569677708,0.0006352012906035258,18.68005437429673,0.9
3,2014-07-18,bad_035,bad,False,False,,success,0.9400000000000001,0.7910415580388701,2.0,8.0,2.5,8.0,0.23809523809523808,0.48721207473834816,0.5381065547328524,0.368458288084505,,,,1.540974113367082,0.0006943549933496345,24.21572539746113,0.95
3,2014-07-18,bad_036,bad,False,False,,success,0.91,2.623162385007376,2.5,8.0,3.0,8.0,0.2727272727272727,0.3295145383716761,0.3645062910365491,0.24786711548697254,,,,0.7236432426856736,0.00040632427169427527,11.509369625272154,0.7
3,2014-07-18,bad_037,bad,False,False,,failure,0.5100000000000001,-3.8890541176397733,2.0,8.0,2.0,8.0,0.2,0.4018969079553117,0.43682998720569965,0.32038638970440647,,,,0.5704589304108926,0.00036027487604021926,9.044624749089405,0.75
3,2014-07-18,bad_038,bad,False,False,,success,0.8200000000000002,4.20323699556333,2.5,8.0,3.0,8.0,0.2727272727272727,0.3680484682744542,0.4901661387200831,0.0831072372346536,,,,0.8578696745954105,0.0005233543768000675,13.301796363892105,0.8
3,2014-07-18,bad_039,bad,False,False,,failure,0.5100000000000001,-4.13653180508723,2.0,8.0,2.0,8.0,0.2,0.31671619197397943,0.36926702682212076,0.19409757732831642,,,,0.6701571454029669,0.00037488694121406724,10.486836874905364,0.7
3,2014-07-18,bad_040,bad,False,False,,failure,0.5100000000000001,-2.0018973050504627,2.0,8.0,2.0,8.0,0.2,0.2177843691750383,0.2845607235719682,0.06197287558220191,,,,0.2874851087157895,0.0001723736497488849,4.721830340216461,0.65
3,2014-07-18,bad_041,bad,False,False,,failure,0.39000000000000007,-9.314432479967863,2.0,8.0,2.0,8.0,0.2,0.3314406509887711,0.4276165088521779,0.10703031597415534,,,,0.20595305640296435,0.0001337182333917321,3.288871889438283,0.6
3,2014-07-18,bad_042,bad,False,False,,failure,0.5100000000000001,-3.309098322675098,2.0,8.0,2.0,8.0,0.2,0.4557405681263518,0.501551418263174,0.34884858447376677,,,,0.7901470891143565,0.0004757879748776797,12.352429771839928,0.85
3,2014-07-18,bad_043,bad,False,False,,success,0.9700000000000001,7.642534887362757,2.0,8.0,2.5,8.0,0.23809523809523808,0.460187988422844,0.5610617928561171,0.22481577807854003,,,,1.6238957275049417,0.0007199159357338997,25.839447847577905,0.95
3,2014-07-18,bad_044,bad,False,False,,success,0.8500000000000002,2.46075085660091,2.0,8.0,2.5,8.0,0.23809523809523808,0.32507824385215833,0.4213791328936377,0.10037616942203995,,,,0.9195493546581178,0.00041828639643913247,14.573790623589428,0.8
3,2014-07-18,bad_045,bad,False,False,,success,0.9700000000000001,1.8120913355636503,2.0,8.0,2.5,8.0,0.23809523809523808,0.4880989462778894,0.5764209626899012,0.2820142413165286,,,,1.6454816834156731,0.0009016413461296693,26.235035002466777,0.9
3,2014-07-18,bad_046,bad,False,False,,success,0.9400000000000001,0.9767121786101995,2.0,8.0,2.5,8.0,0.23809523809523808,0.41262066207302855,0.46150647835424896,0.29855375741684764,,,,1.1833464024758618,0.0006184581983491345,18.8092786202108,0.8
3,2014-07-18,bad_047,bad,False,False,,failure,0.5100000000000001,-0.9935859096530777,2.0,8.0,2.0,8.0,0.2,0.4079920864272163,0.4416711092631116,0.3294076998101273,,,,0.7362512487852726,0.0003607495823649626,11.783015653279005,0.7
3,2014-07-18,bad_048,bad,False,False,,failure,0.4200000000000001,-6.877686565452478,2.5,8.0,2.5,8.0,0.23809523809523808,0.4696781043944319,0.4879026286946112,0.4271542143606804,,,,1.3796272098701907,0.0006675904727310798,22.32225686945445,0.85
3,2014-07-18,bad_049,bad,False,False,,failure,0.5100000000000001,-5.129536537961002,2.5,8.0,2.5,8.0,0.23809523809523808,0.3682122303305504,0.33958173352005133,0.4350167228883817,,,,0.7300362799042106,0.0004010092240651703,11.865342505040033,0.8
4,2014-08-18,good_000,good,False,True,False,,,,9.0,3.0,9.0,4.0,0.6923076923076923,0.48125454155440517,0.4784605121679328,0.48777394345617414,0.6551724137931034,1.0760122779402785,0.0006249397657738212,1.0760125323693468,0.0006249397657738212,16.99597116104113,0.8
4,2014-08-18,good_001,good,True,False,,,,,8.0,3.0,8.5,3.0,0.7391304347826086,0.5556361798237532,0.44757309590949423,0.8077833756236908,,,,0.46720803727468047,0.00023589785847521802,7.385473807262434,0.8
4,2014-08-18,good_002,good,True,True,True,,,,9.0,3.0,10.0,3.0,0.7692307692307693,0.606163545636228,0.5411095847743947,0.7579561209805055,0.2413793103448276,1.6330653816999428,0.0008554110765601898,1.6330658086448442,0.0008554110765601898,25.475803556722347,0.95
4,2014-08-18,good_003,good,True,True,False,,,,9.5,2.0,9.5,3.0,0.76,0.6073975284255209,0.47272138764253846,0.9216418569191464,0.8620689655172413,0.6997029338375648,0.00046183680054656076,0.6997030797096635,0.00046183680054656076,11.06973217816365,0.75
4,2014-08-18,good_004,good,True,False,,,,,9.0,3.0,9.0,3.0,0.75,0.6035095507931263,0.5041021949765047,0.8354600476985767,,,,1.4200164842341596,0.0005674705850626258,22.42921576385908,0.95
4,2014-08-18,good_005,good,False,False,,neutral,0.4200000000000001,-0.0730737255077969,9.0,3.0,9.0,3.0,0.75,0.5058506411526882,0.5443356640804814,0.4160522543211706,,,,1.7281510486525282,0.0008381575564413567,27.674735670411728,0.95
4,2014-08-18,good_006,good,True,True,False,,,,10.0,2.0,10.0,3.0,0.7692307692307693,0.6181590861986983,0.544281995886406,0.7905389635940472,0.7931034482758621,0.9212088077088788,0.0005902531715381634,0.9212090049394406,0.0005902531715381634,14.520546980168666,0.75
4,2014-08-18,good_007,good,True,False,,,,,8.0,4.0,8.0,4.0,0.6666666666666666,0.652143941296618,0.5764486805833995,0.8287662162941282,,,,2.504869948662657,0.0009424934596032898,39.19758797006575,0.95
4,2014-08-18,good_008,good,True,True,True,,,,9.0,3.0,10.0,3.0,0.7692307692307693,0.6108488267722668,0.5468518090443955,0.7601752014706334,0.5172413793103449,1.1928528291613707,0.0006365796540222916,1.1928531386457435,0.0006365796540222916,19.1594033876993,0.9
4,2014-08-18,good_009,good,True,True,True,,,,9.0,3.0,10.0,3.0,0.7692307692307693,0.6293908532733319,0.5674219423878879,0.7739849786727013,0.20689655172413793,1.8221987605326408,0.0008038124846920467,1.8221993327809067,0.0008038124846920467,29.15479615605815,0.95
4,2014-08-18,good_010,good,True,True,True,,,,10.0,2.0,11.0,2.0,0.8461538461538461,0.6904350067150772,0.564481339839605,0.9843268960911791,0.3103448275862069,1.483954548165799,0.0007609292844704799,1.483954946938367,0.0007609292844704799,23.351435413142404,0.85
4,2014-08-18,good_011,good,True,True,True,,,,9.0,3.0,10.0,3.0,0.7692307692307693,0.5765172345350502,0.4996564485636694,0.7558590684682723,0.3793103448275862,1.3897448146246016,0.0008167216915137096,1.3897451419223514,0.0008167216915137096,22.40860383509144,0.85
4,2014-08-18,good_012,good,True,True,True,,,,10.0,2.0,11.0,2.0,0.8461538461538461,0.628783284613629,0.549285440653065,0.814278253854945,0.27586206896551724,1.5530744036522253,0.0007623441036153919,1.5530748377832913,0.0007623441036153919,24.391107070485646,0.95
4,2014-08-18,good_013,good,True,True,True,,,,10.0,2.0,11.0,2.0,0.8461538461538461,0.6404465450021222,0.5297149952229222,0.8988201611535889,0.5862068965517241,1.1678233547749022,0.0005876743023834807,1.1678236735817706,0.0005876743023834807,18.50260956706968,0.9
4,2014-08-18,good_014,good,True,True,True,,,,10.0,2.0,11.0,2.0,0.8461538461538461,0.636233729405574,0.5782034639952426,0.7716376820296809,0.41379310344827586,1.3716070730847272,0.0007452785429441941,1.3716074221422936,0.0007452785429441941,21.76827866128358,0.85
4,2014-08-18,good_015,good,True,True,True,,,,10.0,2.0,11.0,2.0,0.8461538461538461,0.6397908767565208,0.5215270119898455,0.91573989454543,0.5517241379310345,1.18327704529337,0.0006358666112845641,1.1832773522917484,0.0006358666112845641,18.8536351161236,0.85
4,2014-08-18,good_016,good,False,True,False,,,,8.5,3.0,8.5,4.0,0.68,0.49508459845695424,0.41776186925871606,0.6755042999195101,0.896551724137931,0.6462388652543222,0.00042366222251001415,0.6462390017033663,0.00042366222251001415,10.250116311101243,0.75
4,2014-08-18,good_017,good,True,True,True,,,,10.0,2.0,11.0,2.0,0.8461538461538461,0.635077119829139,0.5339721210760574,0.8709887835863296,0.1724137931034483,1.871393098685364,0.0007224640328158092,1.8713937670250815,0.0007224640328158092,30.004976860306545,1.0
4,2014-08-18,good_018,good,True,False,,,,,8.5,3.0,8.5,3.0,0.7391304347826086,0.5725928026266106,0.5412333144192959,0.6457649417770116,,,,1.7001775265289278,0.0007506185842910227,27.094202415321924,0.95
4,2014-08-18,good_019,good,True,False,,,,,9.0,3.0,9.5,3.0,0.76,0.538038524039902,0.4727098951986608,0.6904719913361316,,,,0.9229697524737354,0.0005800323477245131,14.604904354845665,0.75
4,2014-08-18,medium_000,medium,True,False,,,,,6.5,5.0,7.0,5.0,0.5833333333333334,0.5517143405203744,0.5182467452059724,0.629805396253979,,,,1.351381355985602,0.0005943897028130908,21.30445620209525,0.85
4,2014-08-18,medium_001,medium,False,True,False,,,,5.5,5.0,5.5,6.0,0.4782608695652174,0.451438540180256,0.4187442371151542,0.5277252473321602,0.9655172413793104,0.4838833858648534,0.0003043033342318961,0.4838834924408931,0.0003043033342318961,7.721502021733535,0.7
4,2014-08-18,medium_002,medium,True,True,True,,,,5.5,5.0,6.5,5.0,0.5652173913043478,0.5122758271445886,0.5626932280988425,0.3946352249179967,0.10344827586206896,2.0935785135217895,0.0007606294010372117,2.093579312083293,0.0007606294010372117,33.17177417199776,1.0
4,2014-08-18,medium_003,medium,False,False,,failure,0.39000000000000007,-0.8530960613579879,5.5,5.0,5.5,5.0,0.5238095238095238,0.47986770155063474,0.5178806240850194,0.39117088230373714,,,,1.464770397610465,0.0007182690842424037,23.08788020191982,0.95
4,2014-08-18,medium_004,medium,False,False,,failure,0.5100000000000001,-7.412917551898673,5.5,5.0,5.5,5.0,0.5238095238095238,0.4666751581851262,0.4643446203693342,0.47211307975530764,,,,0.7805393896582231,0.0005047422573436972,12.448843646626928,0.85
4,2014-08-18,medium_005,medium,True,True,True,,,,7.0,5.0,8.0,5.0,0.6153846153846154,0.6235219676225627,0.5882007712846116,0.7059380924111156,0.034482758620689655,2.5359406387104286,0.0008905935200541828,2.535941640940246,0.0008905935200541828,39.90228052693058,1.0
4,2014-08-18,medium_006,medium,True,True,True,,,,5.5,6.0,6.5,6.0,0.52,0.5118544786045417,0.4747996493397485,0.5983157468890593,0.4482758620689655,1.3531251381794602,0.0005866221233622109,1.3531255669394144,0.0005866221233622109,21.349313119775008,0.9
4,2014-08-18,medium_007,medium,False,False,,success,0.9700000000000001,0.1326107563298251,5.5,5.0,6.0,5.0,0.5454545454545454,0.42661635189249014,0.41882918907454436,0.4447863984676971,,,,0.7704666261884652,0.0003787060620611856,12.215615992589772,0.85
4,2014-08-18,medium_008,medium,False,True,True,,,,6.5,5.0,7.5,5.0,0.6,0.46200691298968194,0.4890061785658273,0.39900862664534287,0.6206896551724138,1.142272365816602,0.0007802329815278598,1.1422725972464984,0.0007802329815278598,18.21187090509768,0.9
4,2014-08-18,medium_009,medium,True,True,True,,,,7.0,5.0,8.0,5.0,0.6153846153846154,0.629513656655392,0.5965404185874227,0.7064512121473208,0.0,2.8442005515256676,0.0008796270385639518,2.844201827391826,0.0008796270385639518,44.06498057331201,1.0
4,2014-08-18,medium_010,medium,False,False,,success,0.9400000000000001,1.089783610922666,5.0,6.0,5.5,6.0,0.4782608695652174,0.44182514905733417,0.4590917405832492,0.4015364354968659,,,,1.153788177366916,0.0006498647916551111,18.235824098772966,0.8
4,2014-08-18,medium_011,medium,False,True,True,,,,6.5,5.0,7.5,5.0,0.6,0.5021777911052396,0.5595483742103208,0.3683130971933836,0.4827586206896552,1.2987774772195797,0.0006091953788152002,1.298777858660671,0.0006091953788152002,20.73928750207108,0.9
4,2014-08-18,medium_012,medium,True,True,False,,,,6.0,5.0,6.0,6.0,0.5,0.5434063069469174,0.4681868426466076,0.7189183903143069,0.8275862068965517,0.7984870930864498,0.00044147777658913503,0.7984872937784435,0.00044147777658913503,12.688468620565445,0.65
4,2014-08-18,medium_013,medium,False,False,,success,0.9400000000000001,0.13174349039952915,5.5,6.0,6.0,6.0,0.5,0.432380477554449,0.4573178066410886,0.37419337635229,,,,0.9223574546092191,0.0005293213328732562,14.624022972133393,0.8
4,2014-08-18,medium_014,medium,False,False,,success,0.9700000000000001,4.222397254054982,6.5,5.0,7.0,5.0,0.5833333333333334,0.5066024707134412,0.4571193147757346,0.6220631679014235,,,,1.0893902366858335,0.0005929468494069734,17.061581419083485,0.8
4,2014-08-18,medium_015,medium,False,True,False,,,,7.0,5.0,7.0,6.0,0.5384615384615384,0.4405325886162264,0.4810327982857169,0.34603209938741536,1.0,0.43555501620648474,0.0003255404108764648,0.4355550976685806,0.0003255404108764648,7.0221489526502365,0.65
4,2014-08-18,medium_016,medium,True,False,,,,,6.5,5.0,6.5,5.0,0.5652173913043478,0.6012245639128007,0.5659609639124648,0.6835062972469177,,,,2.162530839827554,0.0008191641326023213,33.98192720849747,1.0
4,2014-08-18,medium_017,medium,True,True,True,,,,5.5,5.0,6.5,5.0,0.5652173913043478,0.592952009573944,0.5394208541833782,0.7178580388185976,0.3448275862068966,1.4131322650257452,0.0007493271702285931,1.4131326323038418,0.0007493271702285931,22.47036868418528,0.85
4,2014-08-18,medium_018,medium,False,False,,failure,0.5400000000000001,-0.5347846413158379,5.5,5.0,5.5,5.0,0.5238095238095238,0.46828547357265693,0.49240003284693407,0.4120181685993436,,,,0.9307712857620292,0.0004925235853518355,14.823608556617621,0.8
4,2014-08-18,medium_019,medium,False,False,,success,0.9400000000000001,1.6194340585115015,6.0,6.0,6.5,6.0,0.52,0.4236489989895952,0.4530407255184884,0.35506830375551124,,,,0.5365616337844284,0.00033646993347786043,8.491187757574194,0.65
4,2014-08-18,medium_020,medium,True,True,True,,,,6.0,5.0,7.0,5.0,0.5833333333333334,0.5478742894164064,0.5662109069682497,0.5050888484621053,0.06896551724137931,2.17844151290925,0.0007772567753645695,2.1784423514399642,0.0007772567753645695,34.039102696647255,1.0
4,2014-08-18,medium_021,medium,False,False,,failure,0.5100000000000001,-3.7784156210379933,6.0,6.0,6.0,6.0,0.5,0.4314252477377878,0.5049938056812316,0.25976527920308556,,,,1.232851015154248,0.0006784433360007506,19.388478677404336,0.85
4,2014-08-18,medium_022,medium,True,False,,,,,5.5,5.0,5.5,5.0,0.5238095238095238,0.5455678712556502,0.5275672824651256,0.5875692451002077,,,,1.4764677464613387,0.0008641787076744719,23.527790369111933,0.95
4,2014-08-18,medium_023,medium,False,True,False,,,,5.5,5.0,5.5,6.0,0.4782608695652174,0.4923738886427098,0.4478034076247477,0.5963716776846215,0.7586206896551724,0.9229414502670749,0.000484746447107954,0.9229416928821809,0.000484746447107954,14.672346054619549,0.85
4,2014-08-18,medium_024,medium,False,False,,failure,0.5100000000000001,-4.68312750086055,5.0,7.0,5.0,7.0,0.4166666666666667,0.42003478482034784,0.49426132673958467,0.24683952034212864,,,,1.1600021138769467,0.0005922337140017389,18.451579924326502,0.9
4,2014-08-18,medium_025,medium,True,False,,,,,6.0,5.0,6.0,5.0,0.5454545454545454,0.5675633941620537,0.55823962853612,0.5893188472892323,,,,1.4790708648887885,0.000740448831878281,23.297787958595908,0.9
4,2014-08-18,medium_026,medium,True,True,False,,,,5.5,5.0,5.5,6.0,0.4782608695652174,0.5153963079636734,0.45019158165064294,0.6675406693607447,0.6896551724137931,1.0652146908573268,0.0006431297875452939,1.0652149354783826,0.0006431297875452939,17.016987242003797,0.9
4,2014-08-18,medium_027,medium,False,False,,failure,0.39000000000000007,-1.5564496157010694,5.0,5.0,5.0,5.0,0.5,0.4476794230391091,0.47597963743196287,0.3816455894557837,,,,0.8591520817806112,0.0006893412715337579,13.551985001696838,0.8
4,2014-08-18,medium_028,medium,False,True,False,,,,6.5,5.0,6.5,6.0,0.52,0.497906645419335,0.49097797609345867,0.5140735405130464,0.7241379310344828,0.9533091515296925,0.0005034084552475984,0.9533094038097603,0.0005034084552475984,15.503529972411823,0.8
4,2014-08-18,medium_029,medium,True,False,,,,,5.5,5.0,6.0,5.0,0.5454545454545454,0.5508310317345155,0.5091415682048963,0.6481064466369604,,,,1.6671137437587968,0.0005019907097829249,26.526978414078506,0.95
4,2014-08-18,bad_000,bad,False,False,,success,0.8500000000000002,4.317603858508662,2.0,8.0,2.5,8.0,0.23809523809523808,0.4888650711446396,0.5503704315577161,0.34535256351412774,,,,1.8444965308234227,0.0007138273255666046,29.20553470273088,1.0
4,2014-08-18,bad_001,bad,False,False,,success,0.9400000000000001,15.583262685688226,2.5,8.0,3.0,8.0,0.2727272727272727,0.4603204618929826,0.45516857442897224,0.47234153264234,,,,0.7747805414848917,0.0004591942926272138,12.293822459702714,0.85
4,2014-08-18,bad_002,bad,False,False,,success,0.91,5.163883531911907,2.0,8.0,2.5,8.0,0.23809523809523808,0.2962299828635062,0.3302930271664637,0.2167495461566055,,,,0.43389575454197554,0.0002777991241756841,6.880366611250619,0.6
4,2014-08-18,bad_003,bad,False,False,,failure,0.36000000000000004,-0.8732955396380788,2.0,8.0,2.0,8.0,0.2,0.2769343963582258,0.35514007190165797,0.09445448675688413,,,,0.17599488787351716,0.00011827311459310936,2.859630637478595,0.5
4,2014-08-18,bad_004,bad,False,False,,success,0.8200000000000002,0.21498770757428076,2.5,8.0,3.0,8.0,0.2727272727272727,0.394502295324183,0.44723296046264843,0.2714640766677638,,,,0.47945947462623345,0.00028177497075739037,7.472225800064681,0.65
4,2014-08-18,bad_005,bad,False,False,,failure,0.5400000000000001,-3.7449822577970906,2.5,8.0,2.5,8.0,0.23809523809523808,0.47833563558322767,0.5615436031059899,0.28418371136344905,,,,2.232518121074141,0.0008163702903390727,35.7930178353005,1.0
4,2014-08-18,bad_006,bad,False,False,,success,0.9400000000000001,1.9189314205572146,2.5,8.0,3.0,8.0,0.2727272727272727,0.4584871802786374,0.5241917823352104,0.305176442146634,,,,1.4694174074444497,0.0007441846288820421,23.35718407980882,0.9
4,2014-08-18,bad_007,bad,False,False,,failure,0.5100000000000001,-0.3647496996957642,3.0,8.0,3.0,8.0,0.2727272727272727,0.39777019589175594,0.33937609694595466,0.534023093431959,,,,0.5055619767533316,0.00033274619281728013,7.91759094913933,0.7
4,2014-08-18,bad_008,bad,False,False,,success,0.9700000000000001,1.8655032636623616,2.5,9.0,3.0,9.0,0.25,0.33126698393886767,0.421490715451586,0.12074494374252483,,,,0.5750423109828964,0.00030977944072004844,9.19614684722687,0.7
4,2014-08-18,bad_009,bad,False,False,,failure,0.39000000000000007,-1.1652191597101194,2.5,8.0,2.5,8.0,0.23809523809523808,0.4419218924457823,0.5365173894917595,0.2211990660051689,,,,1.9866997058283862,0.0009459663714927357,31.283462551664307,1.0
4,2014-08-18,bad_010,bad,False,False,,success,0.8200000000000002,2.3892613881508,3.0,8.0,3.5,8.0,0.30434782608695654,0.32215859473082975,0.35640393853839963,0.2422527925131667,,,,0.571041043454778,0.00034689598701636415,9.000884102804434,0.75
4,2014-08-18,bad_011,bad,False,False,,failure,0.5400000000000001,-1.2184862700696044,2.5,8.0,2.5,8.0,0.23809523809523808,0.45475008916672277,0.48026499228060526,0.39521531523433034,,,,0.9792493910505625,0.0005271357352383157,15.320706859856395,0.95
4,2014-08-18,bad_012,bad,False,False,,success,0.8200000000000002,1.0462057741619475,2.5,8.0,3.0,8.0,0.2727272727272727,0.3738247578798263,0.41024995447713997,0.2888326324860943,,,,0.44193878481445564,0.00023778078869978432,7.040740666889183,0.75
4,2014-08-18,bad_013,bad,False,False,,success,0.8200000000000002,1.9846666210753057,2.0,8.0,2.5,8.0,0.23809523809523808,0.30540995799421833,0.37549982549198724,0.14186693383275747,,,,0.15704194221794418,6.835558001233927e-05,2.5958748174948485,0.6
4,2014-08-18,bad_014,bad,False,False,,failure,0.5100000000000001,-4.725941107080857,2.5,8.0,2.5,8.0,0.23809523809523808,0.33041653487324313,0.30426867741594954,0.39142820227359487,,,,0.19075814147449302,0.00011092281441474978,2.8813956226974677,0.5
4,2014-08-18,bad_015,bad,False,False,,failure,0.39000000000000007,-3.660924419368186,2.0,8.0,2.0,8.0,0.2,0.29586810311507306,0.39026928402896877,0.07559868098264985,,,,0.31694551419591316,0.00018309893447324735,5.195969077926614,0.6
4,2014-08-18,bad_016,bad,False,False,,success,0.9700000000000001,7.36140128043256,2.0,8.0,2.5,8.0,0.23809523809523808,0.38181242940147053,0.46179200649735164,0.19519341617774807,,,,0.9233760020784905,0.00047538567414340087,14.74686779833879,0.85
4,2014-08-18,bad_017,bad,False,False,,failure,0.5100000000000001,-0.9763606132782314,2.5,8.0,2.5,8.0,0.23809523809523808,0.4277599414093482,0.4555881542582442,0.3628274447619242,,,,0.6248448917418891,0.00031628321209886234,9.938710300796052,0.75
4,2014-08-18,bad_018,bad,False,False,,failure,0.4200000000000001,-2.3000987437460623,2.0,8.0,2.0,8.0,0.2,0.43279915519277434,0.5701310885129187,0.11235797744577099,,,,2.3136832249696244,0.0007558386501537544,36.18134187733316,0.95
4,2014-08-18,bad_019,bad,False,False,,success,0.91,0.847450959438163,2.5,8.0,3.0,8.0,0.2727272727272727,0.46883987621368906,0.40662888336040925,0.6139988595380087,,,,0.5995312219277193,0.00041672944557061606,9.407718211917357,0.75
4,2014-08-18,bad_020,bad,False,False,,failure,0.5100000000000001,-1.2422494009611427,2.0,8.0,2.0,8.0,0.2,0.46001926716821084,0.5770319954578267,0.18698956782577408,,,,1.9813073407036872,0.0009114030009564104,31.58591008406051,1.0
4,2014-08-18,bad_021,bad,False,False,,success,0.9400000000000001,4.317799563542877,2.0,8.0,2.5,8.0,0.23809523809523808,0.4591961378266347,0.4631058793419708,0.4500734076241839,,,,1.0263549893924673,0.000518258043056969,16.396897302903398,0.8
4,2014-08-18,bad_022,bad,False,False,,failure,0.5100000000000001,-3.2845180244002563,2.5,8.0,2.5,8.0,0.23809523809523808,0.3521355318663543,0.44938735647271544,0.12521460778484514,,,,0.8976256659014632,0.0004460642073387417,14.297759643835645,0.8
4,2014-08-18,bad_023,bad,False,False,,success,0.9400000000000001,8.227191986148426,2.0,8.0,2.5,8.0,0.23809523809523808,0.31863815592842193,0.44117681430560585,0.03271461971499286,,,,1.1921163176451204,0.0007653436259344684,18.812727743664304,0.95
4,2014-08-18,bad_024,bad,False,False,,failure,0.39000000000000007,-11.26407624282723,2.0,8.0,2.0,8.0,0.2,0.340675426502353,0.4246818983357341,0.14466032555779712,,,,0.7160279404210127,0.00044777547070805665,11.487277480709695,0.75
4,2014-08-18,bad_025,bad,False,False,,success,0.8200000000000002,6.311607979225911,2.0,8.0,2.5,8.0,0.23809523809523808,0.2607302615404384,0.3502473441318695,0.0518570688270991,,,,0.8199605734191002,0.0005893658183667417,12.996038807323801,0.8
4,2014-08-18,bad_026,bad,False,True,True,,,,3.0,8.0,4.0,8.0,0.3333333333333333,0.4578864814472456,0.5496079992081592,0.2438696066717807,0.13793103448275862,2.021213554836923,0.0007239895990178297,2.0212143338827824,0.0007239895990178297,31.75481526710268,0.95
4,2014-08-18,bad_027,bad,False,True,False,,,,3.0,8.0,3.0,9.0,0.25,0.3862067473232128,0.3816887838090768,0.3967486621895304,0.9310344827586207,0.5147623541914764,0.0001805679828812751,0.5147625562154946,0.0001805679828812751,8.152476321358748,0.75
4,2014-08-18,bad_028,bad,False,False,,success,0.9400000000000001,5.49514180593448,2.0,8.0,2.5,8.0,0.23809523809523808,0.33567039316213027,0.4621509326321456,0.04054913439876129,,,,0.7632158368021531,0.0005269583354059183,12.028628128659067,0.75
4,2014-08-18,bad_029,bad,False,False,,success,0.9400000000000001,6.039616816288884,3.5,8.0,4.0,8.0,0.3333333333333333,0.41540747521553756,0.4696107159416645,0.2889332468545748,,,,0.9155027073588229,0.0004959227856619717,14.559443636260783,0.8
4,2014-08-18,bad_030,bad,False,False,,failure,0.4200000000000001,-1.869413745432908,2.5,8.0,2.5,8.0,0.23809523809523808,0.47120006026388006,0.46676649883680477,0.4815450369270557,,,,0.8469707691477502,0.0005010423793943787,13.661819444014679,0.75
4,2014-08-18,bad_031,bad,False,False,,failure,0.39000000000000007,-0.2513095103189613,3.0,8.0,3.0,8.0,0.2727272727272727,0.4079108265549832,0.4366239391515354,0.3409135638296947,,,,0.8222086222289086,0.00034280671519376795,13.314921915067153,0.8
4,2014-08-18,bad_032,bad,False,False,,success,0.9400000000000001,1.5924267455343681,2.0,8.0,2.5,8.0,0.23809523809523808,0.3687780889726072,0.45261095261448303,0.1731680738082305,,,,0.8637368254252705,0.0005027516262362592,13.644264621268718,0.7
4,2014-08-18,bad_033,bad,False,False,,success,0.9400000000000001,2.7866264013567132,2.5,8.0,3.0,8.0,0.2727272727272727,0.36218946262348595,0.45195483039328666,0.15273693782728429,,,,0.7253193853727746,0.0004337150186696996,11.468773656826531,0.75
4,2014-08-18,bad_034,bad,False,False,,failure,0.5400000000000001,-2.664571588933299,3.0,8.0,3.0,8.0,0.2727272727272727,0.35513895235948345,0.47204712229717755,0.08235322250486395,,,,1.079722191378082,0.000537431611254017,17.00818685809183,0.75
4,2014-08-18,bad_035,bad,False,False,,failure,0.5400000000000001,-5.834461760000522,2.5,8.0,2.5,8.0,0.23809523809523808,0.4370449606066367,0.5658870988587168,0.1364133046851166,,,,2.596394244102057,0.0009270649770119837,41.50903059758036,0.95
4,2014-08-18,bad_036,bad,False,False,,success,0.9400000000000001,1.7798963002475574,3.0,8.0,3.5,8.0,0.30434782608695654,0.37389202384621384,0.4661490835591545,0.1586255511826856,,,,0.9697495016790151,0.0005771851136921401,15.301289999988276,0.85
4,2014-08-18,bad_037,bad,False,False,,success,0.9400000000000001,0.6397050376090192,2.0,8.0,2.5,8.0,0.23809523809523808,0.4204161295751222,0.5571918058256711,0.10127288499050834,,,,1.502638057007292,0.0007189290678027199,24.00288510241804,0.95
4,2014-08-18,bad_038,bad,False,False,,failure,0.39000000000000007,-1.2973505257405265,3.0,8.0,3.0,8.0,0.2727272727272727,0.4068220056298717,0.4977652147419149,0.1946211843684378,,,,1.2311230719592325,0.000574848679003708,19.440895805594756,0.9
4,2014-08-18,bad_039,bad,False,False,,success,0.9400000000000001,4.998030246016,2.0,8.0,2.5,8.0,0.23809523809523808,0.41757252220083374,0.45715116180841564,0.32522236311647595,,,,0.4735214194475307,0.0003256019145775985,7.522603823503548,0.7
4,2014-08-18,bad_040,bad,False,False,,failure,0.39000000000000007,-3.461438888234781,2.0,8.0,2.0,8.0,0.2,0.41877839737939326,0.5113661815449256,0.2027402343264844,,,,1.0330135549699195,0.0005440234290208467,16.44951944702082,0.85
4,2014-08-18,bad_041,bad,False,False,,success,0.9400000000000001,12.816054003655736,2.0,8.0,2.5,8.0,0.23809523809523808,0.44225888489617754,0.5047428731253883,0.2964629123613523,,,,1.0890780086478333,0.0006474840383422215,17.157488140925448,0.85
4,2014-08-18,bad_042,bad,False,False,,failure,0.48000000000000004,-4.943914167800841,2.0,8.0,2.0,8.0,0.2,0.21970742062355714,0.2921628656436821,0.050644715576598914,,,,-0.061255284948438245,-4.859917709857491e-05,-1.1515478149304432,0.5
4,2014-08-18,bad_043,bad,False,False,,failure,0.5400000000000001,-0.5355395492491368,2.5,8.0,2.5,8.0,0.23809523809523808,0.4047094957057648,0.42793986980016036,0.3505052894855085,,,,0.6730514946830086,0.00037205490539944387,10.779060846876957,0.85
4,2014-08-18,bad_044,bad,False,False,,failure,0.5100000000000001,-5.567815183980613,2.5,8.0,2.5,8.0,0.23809523809523808,0.3489428591916684,0.4089421959344699,0.2089444067917984,,,,0.44403912388370714,0.0002871472895198034,7.069016216490547,0.6
4,2014-08-18,bad_045,bad,False,False,,success,0.8500000000000002,0.7240759723270713,2.5,8.0,3.0,8.0,0.2727272727272727,0.49819331429276587,0.5173124062842709,0.45358209964592094,,,,1.1022166942731617,0.0005252557228024436,17.725582267914902,0.85
4,2014-08-18,bad_046,bad,False,False,,failure,0.5100000000000001,-0.8655306630179211,2.5,8.0,2.5,8.0,0.23809523809523808,0.4793104742056029,0.45554301206993647,0.5347678858554912,,,,0.41744887760911964,0.00028266501383017944,6.519311538892381,0.6
4,2014-08-18,bad_047,bad,False,False,,success,0.9400000000000001,0.5216493623200193,2.0,8.0,2.5,8.0,0.23809523809523808,0.44012597176761104,0.43876815145140924,0.4432942191720821,,,,0.8258205270526072,0.00047799590035394,13.139616057251201,0.7
4,2014-08-18,bad_048,bad,False,False,,failure,0.5400000000000001,-3.3185929108470873,2.5,8.0,2.5,8.0,0.23809523809523808,0.37472047906473815,0.5115160410164518,0.05553083451073986,,,,1.2394680507896665,0.0005327228411015685,19.916265105543488,0.85
4,2014-08-18,bad_049,bad,False,False,,success,0.9400000000000001,0.18286440789945857,2.5,8.0,3.0,8.0,0.2727272727272727,0.44369503582285597,0.5385983899985944,0.22225387607946623,,,,1.2034528426480748,0.0006589367804351184,19.188859512806015,0.85
5,2014-09-16,good_000,good,True,False,,,,,9.0,4.0,9.0,4.0,0.6923076923076923,0.6196089177302715,0.6211574083664695,0.6159957729124761,,,,2.996974371222521,0.0010979149101927137,47.2690654661709,1.0
5,2014-09-16,good_001,good,False,True,False,,,,8.5,3.0,8.5,4.0,0.68,0.5079113504141193,0.47228218442668607,0.5910460710514636,0.7241379310344828,1.0587854975485946,0.0006322617192012295,1.0587857488422339,0.0006322617192012295,16.843173734442153,0.85
5,2014-09-16,good_002,good,True,True,True,,,,10.0,3.0,11.0,3.0,0.7857142857142857,0.6383379720669691,0.5839348144164834,0.7652786732514358,0.10344827586206896,2.4368240355290354,0.0008494048686118194,2.4368250313630346,0.0008494048686118194,39.80360998782541,1.0
5,2014-09-16,good_003,good,True,True,False,,,,9.5,3.0,9.5,4.0,0.7037037037037037,0.5817483545711037,0.5108692006512372,0.7471330470507925,0.896551724137931,0.930372762043851,0.00048642158999800234,0.9303730165104859,0.00048642158999800234,14.69928306729503,0.8
5,2014-09-16,good_004,good,True,True,True,,,,9.0,3.0,10.0,3.0,0.7692307692307693,0.5792851624788478,0.48073964710112616,0.8092246983601982,0.3103448275862069,1.4216765851033264,0.0008495584413671682,1.4216769183247489,0.0008495584413671682,22.31103665120671,0.85
5,2014-09-16,good_005,good,True,False,,,,,9.0,3.0,9.5,3.0,0.76,0.6058091756585658,0.5607273075443469,0.7110002012584102,,,,1.5849537397220972,0.00074174702489315,25.4381992824294,0.95
5,2014-09-16,good_006,good,True,True,False,,,,10.0,3.0,10.0,4.0,0.7142857142857143,0.5708277956355292,0.45789504433942785,0.8343375486597661,0.8275862068965517,0.9828130668535052,0.0006651372092583189,0.9828132737997493,0.0006651372092583189,15.773045717535965,0.85
5,2014-09-16,good_007,good,False,True,False,,,,8.0,4.0,8.0,5.0,0.6153846153846154,0.46012001453754436,0.4099119351032491,0.5772721998842334,0.5862068965517241,1.194137787782552,0.0006389440985476993,1.1941381058017404,0.0006389440985476993,19.21090973744527,0.9
5,2014-09-16,good_008,good,True,True,True,,,,10.0,3.0,11.0,3.0,0.7857142857142857,0.6603160137032468,0.5878338313104794,0.8294411059530374,0.13793103448275862,2.3371528988079624,0.0010143999227734473,2.337153664203338,0.0010143999227734473,37.21120691038909,1.0
5,2014-09-16,good_009,good,True,True,True,,,,10.0,3.0,11.0,3.0,0.7857142857142857,0.6427634046070783,0.540307404000114,0.8818274060233283,0.27586206896551724,1.4587746866740068,0.000643614745438176,1.458775154161826,0.000643614745438176,23.122617109111413,0.9
5,2014-09-16,good_010,good,True,True,True,,,,11.0,2.0,12.0,2.0,0.8571428571428571,0.6553860585438478,0.5959705156927633,0.7940223251963786,0.034482758620689655,3.051497284603795,0.0009365848104857522,3.051498683017946,0.0009365848104857522,49.23776326273908,1.0
5,2014-09-16,good_011,good,False,True,False,,,,10.0,3.0,10.0,4.0,0.7142857142857143,0.500479265694579,0.46350614289598696,0.5867498855579607,0.9655172413793104,0.6009489946834471,0.00039525046499391727,0.6009491235075044,0.00039525046499391727,9.572013090701603,0.75
5,2014-09-16,good_012,good,True,True,False,,,,11.0,2.0,11.0,3.0,0.7857142857142857,0.5983699913976619,0.4788986280544675,0.8771365058651155,0.9310344827586207,0.8286031136123334,0.000499885267174955,0.8286033094692722,0.000499885267174955,13.16801585844404,0.7
5,2014-09-16,good_013,good,True,True,True,,,,11.0,2.0,12.0,2.0,0.8571428571428571,0.6248880903022627,0.591913918406898,0.7018278247247802,0.1724137931034483,1.7176949905171262,0.000986597445320896,1.7176954152924497,0.000986597445320896,27.35266641958974,0.9
5,2014-09-16,good_014,good,True,True,True,,,,11.0,2.0,12.0,2.0,0.8571428571428571,0.6799902843706258,0.6291424844364948,0.7986351508835985,0.06896551724137931,2.814969763463417,0.001075707092903659,2.814970807596468,0.001075707092903659,44.135585976166404,1.0
5,2014-09-16,good_015,good,True,True,False,,,,11.0,2.0,11.0,3.0,0.7857142857142857,0.6169747089156972,0.5034052152554415,0.8819701941229608,0.5172413793103449,1.227118873656176,0.0008085377964844324,1.227119138293073,0.0008085377964844324,19.53121681477243,0.8
5,2014-09-16,good_016,good,True,False,,,,,8.5,4.0,8.5,4.0,0.68,0.6015241853698734,0.5450739886214618,0.7332413111161671,,,,1.526846787287559,0.0007899303262488063,24.036448649052115,0.9
5,2014-09-16,good_017,good,True,True,True,,,,11.0,2.0,12.0,2.0,0.8571428571428571,0.6205537112636285,0.5035498736396302,0.8935626657196244,0.3793103448275862,1.3809265742163446,0.0006955663391158009,1.3809269622452927,0.0006955663391158009,22.00108652859413,0.8
5,2014-09-16,good_018,good,True,True,False,,,,8.5,3.0,8.5,4.0,0.68,0.5578525810443067,0.4686868088262012,0.7659060495532195,0.7931034482758621,1.0324978423876303,0.0006371271375079552,1.03249807836463,0.0006371271375079552,16.389675280920233,0.8
5,2014-09-16,good_019,good,False,True,False,,,,9.5,3.0,9.5,4.0,0.7037037037037037,0.45424908846370016,0.41256642999908666,0.5515086248811316,0.5517241379310345,1.1981009125264201,0.000787827453375511,1.198101170553684,0.000787827453375511,19.136872838460352,0.9
5,2014-09-16,medium_000,medium,False,True,False,,,,7.0,5.0,7.0,6.0,0.5384615384615384,0.4306428112550491,0.46795188613789673,0.34358830319507133,0.8620689655172413,0.9594036533070397,0.0005059763607263048,0.9594039100473417,0.0005059763607263048,15.231255665910703,0.9
5,2014-09-16,medium_001,medium,False,False,,failure,0.5100000000000001,-2.6266019742514146,5.5,6.0,5.5,6.0,0.4782608695652174,0.4849866405990033,0.4862556865830552,0.4820255333028825,,,,1.005992690885705,0.0005378981003203421,16.065456235836667,0.85
5,2014-09-16,medium_002,medium,True,True,True,,,,6.5,5.0,7.5,5.0,0.6,0.6015951720337043,0.5853806830361173,0.6394289796947408,0.41379310344827586,1.3276606972930667,0.0008008809450394496,1.327661009191679,0.0008008809450394496,21.03003845719123,0.9
5,2014-09-16,medium_003,medium,False,False,,failure,0.39000000000000007,-0.7291636318576025,5.5,5.0,5.5,5.0,0.5238095238095238,0.47474957255509015,0.4498908963095638,0.5327531504613183,,,,0.6954061207590724,0.0004850513437124868,11.184723430678048,0.7
5,2014-09-16,medium_004,medium,True,False,,,,,5.5,5.0,5.5,5.0,0.5238095238095238,0.5608380302816377,0.571858872263522,0.535122732323908,,,,1.9331089263792942,0.0008727026659505243,31.02007353642657,0.95
5,2014-09-16,medium_005,medium,True,True,True,,,,8.0,5.0,9.0,5.0,0.6428571428571429,0.5974329110253275,0.6126587273227155,0.561906006331422,0.0,3.1253243194849385,0.0009296835673197289,3.1253258032653974,0.0009296835673197289,49.6214415152723,1.0
5,2014-09-16,medium_006,medium,True,True,False,,,,6.5,6.0,6.5,7.0,0.48148148148148145,0.5381631923656847,0.4705954799798593,0.6958211879326104,0.6206896551724138,1.1655191448682987,0.0006981263601717877,1.165519420598949,0.0006981263601717877,18.486521503066424,0.85
5,2014-09-16,medium_007,medium,True,False,,,,,6.0,5.0,6.0,5.0,0.5454545454545454,0.5316499265011952,0.4872790490072093,0.6351819739871625,,,,0.6667985742497029,0.0004563641973989455,10.613142870418196,0.75
5,2014-09-16,medium_008,medium,True,False,,,,,7.5,5.0,8.0,5.0,0.6153846153846154,0.6288600495336756,0.5793902709826251,0.7442895328194602,,,,1.7184151351482897,0.0009191735515171485,27.132965014847517,0.9
5,2014-09-16,medium_009,medium,True,True,True,,,,8.0,5.0,9.0,5.0,0.6428571428571429,0.6045089316309644,0.5795081442912344,0.6628441020903346,0.20689655172413793,1.6999780816565382,0.0007626575898039483,1.6999786170761164,0.0007626575898039483,26.58059139151928,1.0
5,2014-09-16,medium_010,medium,True,False,,,,,5.5,6.0,5.5,6.0,0.4782608695652174,0.5276112717759824,0.5590739898469845,0.4541982629436443,,,,1.4427484746317625,0.0008883095094972288,23.16449068090399,0.9
5,2014-09-16,medium_011,medium,True,False,,,,,7.5,5.0,7.5,5.0,0.6,0.5970415049259167,0.5291715942386461,0.7554046298628815,,,,1.1979538199055682,0.0006143525736043003,18.667621408309813,0.9
5,2014-09-16,medium_012,medium,False,True,False,,,,6.0,6.0,6.0,7.0,0.46153846153846156,0.4516948718659672,0.5273533265634014,0.27515847757195416,0.7586206896551724,1.0338020861004187,0.0006062945134753732,1.0338023351618868,0.0006062945134753732,16.375666494605795,0.8
5,2014-09-16,medium_013,medium,False,False,,failure,0.5100000000000001,-2.25483944184856,6.0,6.0,6.0,6.0,0.5,0.4530038293850239,0.3796731433158307,0.6241087635464748,,,,0.8199113945441499,0.0005930896852679739,13.0505073078648,0.85
5,2014-09-16,medium_014,medium,True,False,,,,,7.0,5.0,7.5,5.0,0.6,0.5388630445050195,0.4648321914600573,0.7116017016099314,,,,0.7624026213925837,0.00037834557108346593,12.111712478682637,0.75
5,2014-09-16,medium_015,medium,False,False,,failure,0.39000000000000007,-2.665116234590201,7.0,6.0,7.0,6.0,0.5384615384615384,0.49764919318603573,0.4660543288722765,0.5713705432514742,,,,1.1954464885127152,0.0005905410661696654,19.02800269768712,0.85
5,2014-09-16,medium_016,medium,False,True,True,,,,6.5,5.0,7.5,5.0,0.6,0.5063324667122772,0.5196567062071685,0.4752425745575307,0.4827586206896552,1.2919623616726938,0.000755602520424555,1.291962676887904,0.000755602520424555,20.878294477881063,0.85
5,2014-09-16,medium_017,medium,True,True,True,,,,6.5,5.0,7.5,5.0,0.6,0.5242035669384862,0.5052274959524634,0.5684810659058729,0.6551724137931034,1.1502114922454834,0.0005522032095600109,1.1502118283663991,0.0005522032095600109,17.958267658433243,0.9
5,2014-09-16,medium_018,medium,False,False,,success,0.9400000000000001,0.3925955004770856,5.5,5.0,6.0,5.0,0.5454545454545454,0.44406822846408966,0.4162903245694064,0.5088833375516839,,,,0.8746421507587652,0.0005680853654122288,13.993816058257877,0.9
5,2014-09-16,medium_019,medium,False,False,,failure,0.5100000000000001,-1.6565103391045568,6.5,6.0,6.5,6.0,0.52,0.509808783104003,0.47048052045605426,0.6015747292825501,,,,1.3676532666322023,0.0007229313412382836,21.648790506013345,0.85
5,2014-09-16,medium_020,medium,True,True,True,,,,7.0,5.0,8.0,5.0,0.6153846153846154,0.519333602686708,0.5152982777990687,0.5287493607578667,0.6896551724137931,1.116608046620617,0.0006271988711532061,1.1166083282490882,0.0006271988711532061,17.719269155712674,0.9
5,2014-09-16,medium_021,medium,False,False,,success,0.9400000000000001,0.7221814673386575,6.0,6.0,6.5,6.0,0.52,0.45493832931247347,0.45040997128881843,0.4655044980343354,,,,0.9447558324058011,0.0006182366111561627,15.024131672984726,0.75
5,2014-09-16,medium_022,medium,False,True,False,,,,5.5,5.0,5.5,6.0,0.4782608695652174,0.37134452211597885,0.37259549581110685,0.36842558349401355,1.0,0.3291789357827244,0.00022768175596626965,0.3291790034657218,0.00022768175596626965,5.23225067621338,0.65
5,2014-09-16,medium_023,medium,True,False,,,,,5.5,6.0,6.0,6.0,0.5,0.5819213437009112,0.5685297185379372,0.613168469081184,,,,1.6626242505893052,0.0009469697315137386,26.44339098033612,0.9
5,2014-09-16,medium_024,medium,False,False,,failure,0.5100000000000001,-2.255797580847968,5.0,7.0,5.0,7.0,0.4166666666666667,0.37367409445207567,0.366918057858298,0.3894381798375571,,,,0.6448437309814727,0.0004330183587119256,10.409896671256215,0.75
5,2014-09-16,medium_025,medium,False,True,True,,,,6.0,5.0,7.0,5.0,0.5833333333333334,0.48961578969209574,0.510877088606264,0.4400060922257032,0.2413793103448276,1.5526192221598434,0.0008725749392177497,1.5526196101498526,0.0008725749392177497,24.64974221141282,0.9
5,2014-09-16,medium_026,medium,False,True,True,,,,5.5,6.0,6.5,6.0,0.52,0.5067906928116072,0.5400349026918373,0.4292208697577369,0.3448275862068966,1.3840511357071124,0.0006389036770935461,1.384051563058659,0.0006389036770935461,22.476892848153742,0.95
5,2014-09-16,medium_027,medium,False,False,,failure,0.39000000000000007,-1.4266813604741344,5.0,5.0,5.0,5.0,0.5,0.47283681291481566,0.47788383372076026,0.46106043103427824,,,,0.9558107723332885,0.0004695686964172218,15.436899343084622,0.9
5,2014-09-16,medium_028,medium,False,False,,failure,0.39000000000000007,-1.7233805931196997,6.5,6.0,6.5,6.0,0.52,0.5004881329010368,0.4742723600241344,0.5616582696138088,,,,0.9532110018018656,0.00045435895224034737,15.118218212896144,0.85
5,2014-09-16,medium_029,medium,True,True,True,,,,6.0,5.0,7.0,5.0,0.5833333333333334,0.531657166714548,0.5461008741047401,0.49795518280409984,0.4482758620689655,1.2953552304535825,0.0007044917400461734,1.295355570440407,0.0007044917400461734,20.763539385395692,0.85
5,2014-09-16,bad_000,bad,False,False,,success,0.8500000000000002,4.199881883452605,2.5,8.0,3.0,8.0,0.2727272727272727,0.43702657812045864,0.510922344970305,0.26460312213748394,,,,0.9941990210148455,0.0005294561274366234,15.61698621222454,0.85
5,2014-09-16,bad_001,bad,False,False,,success,0.9400000000000001,2.0641695522950414,3.0,8.0,3.5,8.0,0.30434782608695654,0.4210364534357852,0.46579319239955724,0.31660406252031714,,,,0.6647331305056468,0.00041776858148744956,10.487428000317372,0.7
5,2014-09-16,bad_002,bad,False,False,,success,0.91,0.3431817867911491,2.5,8.0,3.0,8.0,0.2727272727272727,0.37686617223060814,0.3661916575637276,0.4017733731199961,,,,0.3933711949362277,0.0002442215282310662,6.101619042841916,0.6
5,2014-09-16,bad_003,bad,False,False,,success,0.9400000000000001,2.6609496343678956,2.0,8.0,2.5,8.0,0.23809523809523808,0.42530647832900503,0.5200248858372338,0.20429686080980464,,,,1.6215252351644647,0.0007502372926640153,25.802173582508917,0.9
5,2014-09-16,bad_004,bad,False,False,,failure,0.39000000000000007,-2.565048495165968,3.0,8.0,3.0,8.0,0.2727272727272727,0.3831300275260495,0.4854511249576688,0.1443808001856047,,,,0.8131276387709185,0.00039795563127216336,12.979786758399161,0.75
5,2014-09-16,bad_005,bad,False,False,,failure,0.5400000000000001,-2.6841698686892954,2.5,8.0,2.5,8.0,0.23809523809523808,0.37111341167260525,0.49075483086004407,0.09195010023524815,,,,0.805426389617099,0.000473874270615493,12.792117432730775,0.75
5,2014-09-16,bad_006,bad,False,False,,failure,0.5100000000000001,-1.8683506396584448,3.0,8.0,3.0,8.0,0.2727272727272727,0.5041420678236155,0.5132833366779345,0.4828124404968714,,,,0.7481098296389432,0.0005008816177244303,11.830142593116275,0.75
5,2014-09-16,bad_007,bad,False,False,,success,0.8200000000000002,1.8663884837532976,3.0,8.0,3.5,8.0,0.30434782608695654,0.43631381361113875,0.4845795876921597,0.32369367408875654,,,,0.8625693677842542,0.00037342532525499686,13.755080374193682,0.8
5,2014-09-16,bad_008,bad,False,False,,success,0.9400000000000001,5.452712493707608,3.0,9.0,3.5,9.0,0.28,0.4320984655099528,0.4597905525368652,0.3674835957804906,,,,0.8492431875791125,0.0005730648021819396,13.588392513974398,0.8
5,2014-09-16,bad_009,bad,False,False,,failure,0.39000000000000007,-5.161140947827761,2.5,8.0,2.5,8.0,0.23809523809523808,0.431104258637257,0.47328522678320556,0.3326819996300438,,,,0.6663981632877193,0.000403076104752427,10.537029207286471,0.75
5,2014-09-16,bad_010,bad,False,False,,failure,0.39000000000000007,-0.9679392824319564,3.5,8.0,3.5,8.0,0.30434782608695654,0.511186009446994,0.4382707507518443,0.6813216130690103,,,,0.7741993939883833,0.0005110765023328526,12.395042143095885,0.8
5,2014-09-16,bad_011,bad,False,False,,failure,0.5100000000000001,-3.9808691619860355,2.5,8.0,2.5,8.0,0.23809523809523808,0.32341950361413063,0.36083460888433505,0.23611759131698704,,,,0.5975288662548034,0.00036982188525646226,9.28391808062523,0.7
5,2014-09-16,bad_012,bad,False,False,,failure,0.39000000000000007,-1.7154864763674595,3.0,8.0,3.0,8.0,0.2727272727272727,0.4630854124376056,0.5507183016034374,0.2586086710506648,,,,1.488732512037473,0.0007783665068747946,23.547720971586397,0.9
5,2014-09-16,bad_013,bad,False,False,,failure,0.5100000000000001,-3.552652072427307,2.5,8.0,2.5,8.0,0.23809523809523808,0.4962490638618986,0.4716944560323675,0.5535431487974712,,,,1.6155596683998044,0.0007636008481964313,25.63729154059936,0.95
5,2014-09-16,bad_014,bad,False,False,,failure,0.36000000000000004,-4.293661626369712,2.5,8.0,2.5,8.0,0.23809523809523808,0.2905057053728589,0.38169880754081753,0.07772180031428888,,,,0.46428357286508726,0.0002544299059370323,7.2653894786131215,0.65
5,2014-09-16,bad_015,bad,False,False,,success,0.91,0.5079259379707679,2.0,8.0,2.5,8.0,0.23809523809523808,0.3405596523582015,0.39023889555192304,0.22464141823951797,,,,0.3531944922859765,0.00024917177902966154,5.681153127937903,0.7
5,2014-09-16,bad_016,bad,False,False,,success,0.9400000000000001,2.6350247845261947,2.5,8.0,3.0,8.0,0.2727272727272727,0.4069676962599648,0.42698922929926264,0.36025078583493675,,,,0.6332489614492408,0.00039568728215729713,9.977479299255343,0.75
5,2014-09-16,bad_017,bad,False,False,,neutral,0.5100000000000001,-0.06601304750465431,2.5,8.0,2.5,8.0,0.23809523809523808,0.3217559618752246,0.3932683362143027,0.15489375508404254,,,,0.3537927951524231,0.00023497167457466224,5.825527229947292,0.65
5,2014-09-16,bad_018,bad,False,False,,success,0.8500000000000002,5.777575289859584,2.0,8.0,2.5,8.0,0.23809523809523808,0.44163340218131386,0.49819326225983207,0.3096603953314381,,,,1.23133974735516,0.0007764664066938285,19.615404520429056,0.85
5,2014-09-16,bad_019,bad,False,False,,failure,0.48000000000000004,-2.0557355435839213,3.0,8.0,3.0,8.0,0.2727272727272727,0.2806813933090142,0.3637713907452663,0.08680473262442587,,,,0.23246398037639787,0.0001454188328879084,3.662189562607114,0.65
5,2014-09-16,bad_020,bad,False,False,,failure,0.4200000000000001,-1.9027386566019402,2.0,8.0,2.0,8.0,0.2,0.37983122216917214,0.45752141709882765,0.1985541006666427,,,,0.9686736433871062,0.0006819329141550091,15.197776208193632,0.75
5,2014-09-16,bad_021,bad,False,False,,failure,0.5100000000000001,-3.7392926538462916,2.5,8.0,2.5,8.0,0.23809523809523808,0.34383208215079464,0.43351450772214883,0.13457308915096827,,,,0.7795500027707641,0.00036842605079690627,12.593693125510487,0.85
5,2014-09-16,bad_022,bad,False,False,,failure,0.39000000000000007,-0.9164555889375805,2.5,8.0,2.5,8.0,0.23809523809523808,0.35192411868391543,0.44082746098531056,0.14448298664732687,,,,0.969276638905667,0.0005156866382340889,15.413533217838067,0.75
5,2014-09-16,bad_023,bad,False,False,,success,0.9400000000000001,2.2578480206968834,2.5,8.0,3.0,8.0,0.2727272727272727,0.4596509712419753,0.5015212990472706,0.36195353969628624,,,,1.12494067333467,0.0007132121399247816,17.866030403398334,0.9
5,2014-09-16,bad_024,bad,False,False,,success,0.9400000000000001,0.6840075915522306,2.0,8.0,2.5,8.0,0.23809523809523808,0.3636673602284365,0.4547919509994736,0.15104331509601673,,,,0.6328437162783559,0.00035187391434498725,9.962892709934833,0.8
5,2014-09-16,bad_025,bad,False,False,,success,0.8200000000000002,4.139364958317145,2.5,8.0,3.0,8.0,0.2727272727272727,0.40643834957517044,0.47467260765208125,0.24722508072904537,,,,0.7023068613597662,0.00039998121336820396,11.250122785346969,0.75
5,2014-09-16,bad_026,bad,False,False,,success,0.9700000000000001,1.5505270479529827,4.0,8.0,4.5,8.0,0.36,0.48831874203883197,0.5221744128201498,0.40932217688242384,,,,0.8092817748210898,0.0005496129854841889,12.735830354943152,0.75
5,2014-09-16,bad_027,bad,False,False,,success,0.8200000000000002,2.399995033301593,3.0,9.0,3.5,9.0,0.28,0.3772964633492003,0.4028699468288844,0.3176250018966042,,,,0.5172410773969407,0.000343092036739051,8.104166875386113,0.7
5,2014-09-16,bad_028,bad,False,False,,success,0.9400000000000001,4.593258090470542,2.5,8.0,3.0,8.0,0.2727272727272727,0.41274775720775725,0.459206021820035,0.3043451397791091,,,,0.8007938369610594,0.0005445417558226993,12.732392873184853,0.8
5,2014-09-16,bad_029,bad,False,False,,success,0.9400000000000001,0.9687534630926962,4.0,8.0,4.5,8.0,0.36,0.5005727452991896,0.46484398962838613,0.5839398418643978,,,,0.8161967745677252,0.00048459575901553634,13.018360263639817,0.8
5,2014-09-16,bad_030,bad,False,False,,success,0.8200000000000002,1.2758377145570847,2.5,8.0,3.0,8.0,0.2727272727272727,0.4265638805091023,0.45237006807735314,0.3663494428498505,,,,0.5231287128130616,0.0002827056124671436,8.310204785674625,0.7
5,2014-09-16,bad_031,bad,False,False,,failure,0.39000000000000007,-0.7797295468530336,3.0,8.0,3.0,8.0,0.2727272727272727,0.4151873406908842,0.5264349956477099,0.15560947912495757,,,,2.0187511734949672,0.0008168262385757476,31.63944477968867,1.0
5,2014-09-16,bad_032,bad,False,False,,failure,0.5100000000000001,-1.0010448498173758,2.5,8.0,2.5,8.0,0.23809523809523808,0.30490601912903514,0.3323762980850138,0.24080870156508513,,,,0.09503733874271339,4.402708547468899e-05,1.531852610337273,0.6
5,2014-09-16,bad_033,bad,False,False,,success,0.9400000000000001,3.536664657870034,3.0,8.0,3.5,8.0,0.30434782608695654,0.42391953978003233,0.5421547848000802,0.14803730139992066,,,,1.1291285148809136,0.0008005986598154915,18.065363677390906,0.9
5,2014-09-16,bad_034,bad,False,False,,failure,0.5400000000000001,-0.6188519966463417,3.0,8.0,3.0,8.0,0.2727272727272727,0.37482013204728093,0.423260274668387,0.2617931325980335,,,,0.8530186149820156,0.0005390457571584559,13.76478699831865,0.8
5,2014-09-16,bad_035,bad,False,False,,success,0.8500000000000002,2.2275248402571606,2.5,8.0,3.0,8.0,0.2727272727272727,0.4588203130366201,0.4937141936431725,0.3774012582879978,,,,0.7222632531304577,0.00039790148251219484,11.337599643591249,0.75
5,2014-09-16,bad_036,bad,False,False,,success,0.9400000000000001,2.763374551546974,3.5,8.0,4.0,8.0,0.3333333333333333,0.4201839390305333,0.422991814060475,0.4136322306273362,,,,0.3110711753023933,0.00021902672632075402,4.851939884493314,0.7
5,2014-09-16,bad_037,bad,False,False,,failure,0.5100000000000001,-5.286281605439058,2.5,8.0,2.5,8.0,0.23809523809523808,0.2813290163139137,0.3838485786566809,0.04211670418079033,,,,0.4127583373566515,0.00024305996110291633,6.772266978847502,0.65
5,2014-09-16,bad_038,bad,False,False,,success,0.8200000000000002,2.9063276388843917,3.0,8.0,3.5,8.0,0.30434782608695654,0.44382583574633044,0.4744772060313277,0.37230597174800356,,,,0.7484108414934445,0.0004442918828526881,11.95346659380412,0.8
5,2014-09-16,bad_039,bad,False,False,,failure,0.5100000000000001,-1.680967227021469,2.5,8.0,2.5,8.0,0.23809523809523808,0.46216891013333433,0.5491124016543498,0.25930076325096496,,,,1.4945536509564843,0.000743716461232751,23.8704338996698,0.85
5,2014-09-16,bad_040,bad,False,False,,failure,0.5100000000000001,-0.7379029407978379,2.0,8.0,2.0,8.0,0.2,0.40729254856733965,0.5162708815163354,0.1530097716863498,,,,0.9530055614504518,0.0005913340299351117,15.146106510346598,0.85
5,2014-09-16,bad_041,bad,False,False,,success,0.8200000000000002,0.15348702798597458,2.5,8.0,3.0,8.0,0.2727272727272727,0.4848569836566434,0.519031990241104,0.4051153016262354,,,,1.5957004309916243,0.0006915579677919123,25.310717651441436,0.95
5,2014-09-16,bad_042,bad,False,False,,failure,0.36000000000000004,-1.8959470240334468,2.0,8.0,2.0,8.0,0.2,0.3930863287069136,0.4856150771605432,0.17718591564844482,,,,1.0346154097402207,0.0004586216065836562,16.65421268308271,0.9
5,2014-09-16,bad_043,bad,False,False,,failure,0.39000000000000007,-5.585925081261948,2.5,8.0,2.5,8.0,0.23809523809523808,0.291546054522748,0.3249264448001592,0.2136584772087886,,,,0.191761313218035,0.0001264946045846276,3.0776777614591473,0.6
5,2014-09-16,bad_044,bad,False,False,,failure,0.39000000000000007,-1.547199835731135,2.5,8.0,2.5,8.0,0.23809523809523808,0.39628718590819717,0.48017387585225835,0.20055157603872106,,,,1.4608209222362278,0.0006916664526653903,23.13779241478156,0.9
5,2014-09-16,bad_045,bad,False,False,,success,0.8500000000000002,2.296413956996574,3.0,8.0,3.5,8.0,0.30434782608695654,0.42458628456947367,0.45496840256971816,0.35369467590223647,,,,1.0101190730674208,0.0005434451747220608,16.082693085964312,0.9
5,2014-09-16,bad_046,bad,False,False,,failure,0.39000000000000007,-3.832895469136929,2.5,8.0,2.5,8.0,0.23809523809523808,0.29762143166511945,0.3363813290883332,0.2071816710109541,,,,0.4387735478529725,0.00034403996668119134,6.790522839282545,0.8
5,2014-09-16,bad_047,bad,False,False,,neutral,0.5100000000000001,-0.01904378899919834,2.5,8.0,2.5,8.0,0.23809523809523808,0.3935505447622501,0.46473959904917084,0.22744275142610185,,,,0.6721098258337364,0.0004102564704356336,10.63899909843322,0.75
5,2014-09-16,bad_048,bad,False,False,,success,0.8500000000000002,0.24456877024286428,2.5,8.0,3.0,8.0,0.2727272727272727,0.3763019355707191,0.47758353774599605,0.13997819716173981,,,,1.1485005269430046,0.0005917852721603717,18.282747339682718,0.85
5,2014-09-16,bad_049,bad,False,False,,failure,0.5400000000000001,-2.095780523493417,3.0,8.0,3.0,8.0,0.2727272727272727,0.4450877928562728,0.523418277791183,0.2623166613414825,,,,1.5470863985036927,0.000780287447092854,24.368430464995118,0.95
6,2014-10-15,good_000,good,False,True,False,,,,9.0,4.0,9.0,5.0,0.6428571428571429,0.4829401904563683,0.49122015135245045,0.4636202816988435,0.7931034482758621,0.8823672769809623,0.00040129432754206146,0.88236755121382,0.00040129432754206146,13.752785264645,0.75
6,2014-10-15,good_001,good,False,False,,failure,0.5100000000000001,-2.2459652215408568,8.5,4.0,8.5,4.0,0.68,0.49567204617350935,0.4257145367131826,0.6589062349142718,,,,0.7689675673375346,0.0004079456063248549,12.29034120159917,0.75
6,2014-10-15,good_002,good,True,True,True,,,,11.0,3.0,12.0,3.0,0.8,0.6501583355882555,0.5759853547268842,0.8232286242647888,0.5172413793103449,1.2616304967861156,0.0007445577876978945,1.261630800580655,0.0007445577876978945,20.134586681794744,0.85
6,2014-10-15,good_003,good,True,True,True,,,,9.5,4.0,10.5,4.0,0.7241379310344828,0.6125128268733595,0.47452629106345634,0.9344814104298005,0.4482758620689655,1.2918148917876175,0.0007095080344362105,1.2918152211397547,0.0007095080344362105,20.77950992708513,0.9
6,2014-10-15,good_004,good,True,True,True,,,,10.0,3.0,11.0,3.0,0.7857142857142857,0.602439565958551,0.5620205617166021,0.6967505758564319,0.4827586206896552,1.2634520925970372,0.0006802997992909209,1.2634524268274991,0.0006802997992909209,19.910279173478447,0.85
6,2014-10-15,good_005,good,True,True,True,,,,9.5,3.0,10.5,3.0,0.7777777777777778,0.5926099204354536,0.5177182819159445,0.767357076980975,0.41379310344827586,1.3145050567995171,0.0006175398771386726,1.3145054510052243,0.0006175398771386726,21.068506870815735,0.85
6,2014-10-15,good_006,good,True,True,True,,,,10.0,4.0,11.0,4.0,0.7333333333333333,0.5630111332712787,0.49518851369494044,0.7212639122827349,0.3103448275862069,1.6367726668915203,0.0007690535306295586,1.6367731577223903,0.0007690535306295586,26.06246938758261,0.95
6,2014-10-15,good_007,good,True,False,,,,,8.0,5.0,8.5,5.0,0.6296296296296297,0.62102371323831,0.5575661769596394,0.7690912978885412,,,,1.596383805402322,0.0008774176542913445,25.658158516090825,0.95
6,2014-10-15,good_008,good,False,True,True,,,,11.0,3.0,12.0,3.0,0.8,0.5246603529416879,0.4964383262248103,0.5905117486144023,0.6896551724137931,1.1607545833235802,0.0005370436715282934,1.1607549373077821,0.0005370436715282934,17.9679130026972,0.9
6,2014-10-15,good_009,good,True,True,True,,,,11.0,3.0,12.0,3.0,0.8,0.6191867955491605,0.5369185655023845,0.8111459989916378,0.5517241379310345,1.261272580864507,0.0006378533485000232,1.2612729326050676,0.0006378533485000232,19.884323897316115,0.95
6,2014-10-15,good_010,good,True,True,True,,,,12.0,2.0,13.0,2.0,0.8666666666666667,0.662680530558551,0.591034479947133,0.8298546486518601,0.06896551724137931,2.28962874856908,0.0009044948105152017,2.289629564617833,0.0009044948105152017,37.310720523955375,1.0
6,2014-10-15,good_011,good,True,False,,,,,10.0,4.0,10.0,4.0,0.7142857142857143,0.5827417903990941,0.46760523298287504,0.8513937577036056,,,,0.48450610857957177,0.0002878201407700821,7.7475119641735715,0.7
6,2014-10-15,good_012,good,False,True,False,,,,11.0,3.0,11.0,4.0,0.7333333333333333,0.5229611749025442,0.40625319510048763,0.7952797944406766,1.0,0.612303822972673,0.0004238142847673884,0.6123039473834243,0.0004238142847673884,9.752711875332881,0.75
6,2014-10-15,good_013,good,True,True,True,,,,12.0,2.0,13.0,2.0,0.8666666666666667,0.7001316578336034,0.5733305573372047,0.9960008923252005,0.2413793103448276,1.738178057435581,0.0007524943533900916,1.7381786270284567,0.0007524943533900916,27.69725463840917,0.9
6,2014-10-15,good_014,good,True,True,True,,,,12.0,2.0,13.0,2.0,0.8666666666666667,0.7087352376902847,0.6411370132245114,0.8664644281104226,0.034482758620689655,2.8322219559398047,0.0010788123520018224,2.8322230047681742,0.0010788123520018224,44.94170546886767,1.0
6,2014-10-15,good_015,good,True,True,False,,,,11.0,3.0,11.0,4.0,0.7333333333333333,0.5712460627486514,0.4983993548595045,0.7412217144899943,0.7586206896551724,1.0920355925429894,0.0005948477401606906,1.0920358757227402,0.0005948477401606906,17.215945895525557,0.85
6,2014-10-15,good_016,good,True,True,True,,,,8.5,4.0,9.5,4.0,0.7037037037037037,0.581693699654038,0.6107507640448974,0.5138938827420332,0.0,3.5136741318450477,0.0010281367610805755,3.5136758267279857,0.0010281367610805755,56.657416113024645,1.0
6,2014-10-15,good_017,good,True,True,True,,,,12.0,2.0,13.0,2.0,0.8666666666666667,0.6236550392818636,0.5999229958208563,0.6790298073575473,0.10344827586206896,2.206462214541423,0.0009137195930610734,2.2064629666719418,0.0009137195930610734,35.17756900023251,0.95
6,2014-10-15,good_018,good,True,True,True,,,,8.5,4.0,9.5,4.0,0.7037037037037037,0.6055402517285322,0.5203688938899198,0.8042734200186279,0.6206896551724138,1.1769250536570337,0.0007026480122850844,1.1769253318931108,0.0007026480122850844,18.758671673025543,0.85
6,2014-10-15,good_019,good,True,False,,,,,9.5,4.0,10.0,4.0,0.7142857142857143,0.6158232542213826,0.5745302642555554,0.7121735641416463,,,,1.401445720980356,0.0008882524851696737,22.571737712868703,0.85
6,2014-10-15,medium_000,medium,False,False,,failure,0.4200000000000001,-2.1529471170913155,7.0,6.0,7.0,6.0,0.5384615384615384,0.49440745776432093,0.46985625411189963,0.5516935996199706,,,,0.963793247615325,0.0005994707699314072,15.382736459638037,0.85
6,2014-10-15,medium_001,medium,False,False,,failure,0.39000000000000007,-3.259802999512118,5.5,6.0,5.5,6.0,0.4782608695652174,0.46809565588695357,0.4199804050294136,0.5803645745545469,,,,0.7720630399912564,0.0003655449217371324,12.310246472199516,0.75
6,2014-10-15,medium_002,medium,True,True,True,,,,7.5,5.0,8.5,5.0,0.6296296296296297,0.6199065970109712,0.5795976271370807,0.713960860050049,0.1724137931034483,2.069606087457571,0.0009061287402145089,2.0696067547630834,0.0009061287402145089,32.61388066926944,1.0
6,2014-10-15,medium_003,medium,False,False,,success,0.8500000000000002,1.9210652972611655,5.5,5.0,6.0,5.0,0.5454545454545454,0.4712639486024844,0.4865719670876203,0.43554523880383406,,,,1.5186425699396886,0.0007630109481347941,23.59363949293963,0.95
6,2014-10-15,medium_004,medium,False,True,True,,,,5.5,5.0,6.5,5.0,0.5652173913043478,0.5141980698883617,0.5759029875632152,0.37021992864703673,0.27586206896551724,1.710042444773229,0.0006765018539559339,1.7100430570546457,0.0006765018539559339,26.663597283790732,0.95
6,2014-10-15,medium_005,medium,True,True,False,,,,9.0,5.0,9.0,6.0,0.6,0.5329667800472729,0.47036129103161034,0.6790462544171523,0.8620689655172413,0.7362508693553966,0.0003353726691724534,0.7362510988593796,0.0003353726691724534,11.660864046586676,0.7
6,2014-10-15,medium_006,medium,True,True,True,,,,6.5,7.0,7.5,7.0,0.5172413793103449,0.5598754340568863,0.5910713236959486,0.4870850248990745,0.20689655172413793,1.8723642022582019,0.0009471529770708904,1.8723647245637371,0.0009471529770708904,29.67336500314234,0.95
6,2014-10-15,medium_007,medium,False,True,False,,,,6.0,5.0,6.0,6.0,0.5,0.4237532906696047,0.4191754857608537,0.43443483545669037,0.9655172413793104,0.6687614262030954,0.00027215572115555595,0.668761659901796,0.00027215572115555595,10.607228181585064,0.85
6,2014-10-15,medium_008,medium,False,True,False,,,,8.0,5.0,8.0,6.0,0.5714285714285714,0.43416935012545443,0.4453344136342766,0.4081175352715361,0.9310344827586207,0.6947417757818033,0.0003653628618739372,0.6947419627729519,0.0003653628618739372,11.088047951029692,0.75
6,2014-10-15,medium_009,medium,True,True,True,,,,9.0,5.0,10.0,5.0,0.6666666666666666,0.568154203641188,0.5189943855700703,0.6828604458071295,0.3448275862068966,1.4417162832630321,0.0006160367518809485,1.4417167577351706,0.0006160367518809485,23.270899523839926,0.95
6,2014-10-15,medium_010,medium,False,True,True,,,,5.5,6.0,6.5,6.0,0.52,0.5146936390266722,0.624960033768734,0.25740538462852824,0.13793103448275862,2.1177298746884317,0.0010208669273114328,2.1177304925512455,0.0010208669273114328,33.204395083963185,0.95
6,2014-10-15,medium_011,medium,True,True,True,,,,7.5,5.0,8.5,5.0,0.6296296296296297,0.5321948857700384,0.5365358651390622,0.5220659339089829,0.5862068965517241,1.230192179576242,0.0006603738349525359,1.2301925024929097,0.0006603738349525359,19.39673925872964,0.9
6,2014-10-15,medium_012,medium,True,False,,,,,6.0,7.0,6.5,7.0,0.48148148148148145,0.555219383563718,0.4907203577851013,0.7057171103804907,,,,1.2230436227882233,0.0006060071950146816,19.168552363952912,0.9
6,2014-10-15,medium_013,medium,True,False,,,,,6.0,6.0,6.0,6.0,0.5,0.5920154900960632,0.5303877595480531,0.7358135280414202,,,,1.2300490718005648,0.0006194644498506509,19.6560315367912,0.85
6,2014-10-15,medium_014,medium,False,True,False,,,,7.5,5.0,7.5,6.0,0.5555555555555556,0.5095231906934039,0.4869145756229037,0.5622766258579045,0.7241379310344828,1.0944025304715865,0.0006053970889947963,1.0944028101007888,0.0006053970889947963,17.25624967545117,0.85
6,2014-10-15,medium_015,medium,False,False,,failure,0.5100000000000001,-5.54549514685533,7.0,6.0,7.0,6.0,0.5384615384615384,0.5222400771576678,0.4663501248775599,0.652649965811253,,,,0.7368380883176002,0.00038132461081099596,11.6177888032804,0.85
6,2014-10-15,medium_016,medium,True,False,,,,,7.5,5.0,8.0,5.0,0.6153846153846154,0.6115875096733208,0.5278352328872398,0.8070094888408432,,,,0.8048972487629421,0.00047956957970767455,12.905037436024495,0.8
6,2014-10-15,medium_017,medium,False,True,False,,,,7.5,5.0,7.5,6.0,0.5555555555555556,0.39488202400457423,0.47303136122349154,0.21253357049376714,0.896551724137931,0.7215089616275773,0.0004341954104446673,0.7215091335403457,0.0004341954104446673,11.506704163447038,0.8
6,2014-10-15,medium_018,medium,True,False,,,,,6.0,5.0,6.5,5.0,0.5652173913043478,0.5509966531800218,0.49540926582433775,0.6807005570099512,,,,1.0389649982695166,0.0005325878431798204,16.124569878977173,0.85
6,2014-10-15,medium_019,medium,False,False,,failure,0.39000000000000007,-3.3652169038472266,6.5,6.0,6.5,6.0,0.52,0.5046121304644066,0.5153452741440195,0.47956812854530967,,,,0.5796535395621598,0.00045110094815450626,9.287013512702355,0.65
6,2014-10-15,medium_020,medium,False,True,False,,,,8.0,5.0,8.0,6.0,0.5714285714285714,0.4357953139228875,0.48339847748666087,0.3247212656074164,0.8275862068965517,0.8563140770459848,0.00046772533784523383,0.8563142975477812,0.00046772533784523383,13.549216237180824,0.9
6,2014-10-15,medium_021,medium,True,False,,,,,6.5,6.0,7.0,6.0,0.5384615384615384,0.5488414951556214,0.5373104165483984,0.575747345239142,,,,1.6379394843566912,0.0006710071006003207,25.7928787542848,0.9
6,2014-10-15,medium_022,medium,False,False,,success,0.8200000000000002,2.371580877139664,5.5,6.0,6.0,6.0,0.5,0.49064608630116446,0.4595503829366695,0.5632027274849863,,,,1.0812276952432447,0.0006358791914153654,17.17579879066111,0.8
6,2014-10-15,medium_023,medium,False,True,True,,,,6.0,6.0,7.0,6.0,0.5384615384615384,0.4688271005276693,0.5029471664429144,0.3892136133920977,0.3793103448275862,1.43830353174335,0.0005911686355842709,1.4383040256541586,0.0005911686355842709,22.7523013248439,0.95
6,2014-10-15,medium_024,medium,True,False,,,,,5.0,7.0,5.5,7.0,0.44,0.5285337144058058,0.563877089997975,0.44606583802407757,,,,2.1378237615581845,0.0009163055908073975,34.00930017187849,0.95
6,2014-10-15,medium_025,medium,False,False,,failure,0.4200000000000001,-0.41678071637119274,7.0,5.0,7.0,5.0,0.5833333333333334,0.48560068895597785,0.5365881822211189,0.36662987133731534,,,,1.559895397576111,0.0007353642594292131,24.4359427895008,0.95
6,2014-10-15,medium_026,medium,False,False,,failure,0.5100000000000001,-3.3337973652239867,6.5,6.0,6.5,6.0,0.52,0.35287905517168755,0.3460239902921648,0.3688742065572407,,,,0.43548833843506374,0.0003057807237718659,6.793019474630714,0.7
6,2014-10-15,medium_027,medium,True,False,,,,,5.0,5.0,5.0,5.0,0.5,0.5608315183683221,0.4793175517440246,0.7510307738250166,,,,1.0289092357651393,0.0005348230078695947,16.427755752289542,0.85
6,2014-10-15,medium_028,medium,False,False,,success,0.9700000000000001,1.1797426017469235,6.5,6.0,7.0,6.0,0.5384615384615384,0.47910103147279776,0.4754983776185864,0.4875072237992911,,,,1.1850125751918412,0.0005978418759526221,18.86969280287185,0.85
6,2014-10-15,medium_029,medium,True,True,False,,,,7.0,5.0,7.0,6.0,0.5384615384615384,0.5466761979696538,0.54337738389752,0.5543734308046329,0.6551724137931034,1.1717535509251134,0.0007047065947261219,1.1717538263958183,0.0007047065947261219,18.708965787301594,0.8
6,2014-10-15,bad_000,bad,False,False,,success,0.9700000000000001,6.767491261970136,3.0,8.0,3.5,8.0,0.30434782608695654,0.4667906804865369,0.5137110761177611,0.3573097573470137,,,,1.2940970639311378,0.000742675588252162,20.488092732209154,0.9
6,2014-10-15,bad_001,bad,False,False,,failure,0.5100000000000001,-3.0649047191984096,3.5,8.0,3.5,8.0,0.30434782608695654,0.28200641169536256,0.31922758573526466,0.19515700560225777,,,,0.34406081136699335,0.00023436396919034613,5.392144779289624,0.65
6,2014-10-15,bad_002,bad,False,False,,success,0.7900000000000001,0.5421086428752915,3.0,8.0,3.5,8.0,0.30434782608695654,0.3768882294232714,0.3743634354960887,0.3827794152533645,,,,0.4845405192118396,0.0002673418364535341,7.517814050163962,0.7
6,2014-10-15,bad_003,bad,False,False,,failure,0.39000000000000007,-3.8362200713805095,2.5,8.0,2.5,8.0,0.23809523809523808,0.31661092444426353,0.41061643213106114,0.09726473984173584,,,,0.6160141990479576,0.0003411520000764533,9.809476233670814,0.8
6,2014-10-15,bad_004,bad,False,False,,failure,0.5100000000000001,-3.4416675824562475,3.0,8.0,3.0,8.0,0.2727272727272727,0.37517948762584774,0.4260980242243022,0.25636956889612084,,,,0.6626608416744267,0.00044724348125207877,10.589585939180779,0.85
6,2014-10-15,bad_005,bad,False,False,,success,0.9400000000000001,0.1230664867367608,2.5,8.0,3.0,8.0,0.2727272727272727,0.3952376897959561,0.49019625621420204,0.17366770148671554,,,,0.7994156402936073,0.000414830387026021,12.531002715567583,0.85
6,2014-10-15,bad_006,bad,False,False,,neutral,0.5100000000000001,-0.09277443801757101,3.0,8.0,3.0,8.0,0.2727272727272727,0.3766549765931012,0.41292794950039846,0.29201803980940766,,,,0.34787289491917295,0.0002544745193242146,5.602305659046147,0.65
6,2014-10-15,bad_007,bad,False,False,,failure,0.39000000000000007,-2.1942258007221795,3.5,8.0,3.5,8.0,0.30434782608695654,0.42505671920338856,0.5560774809367588,0.11934160849219151,,,,1.1352491371276128,0.0008135069784649619,17.879641575856624,0.8
6,2014-10-15,bad_008,bad,False,False,,success,0.9400000000000001,6.092913210959466,3.5,9.0,4.0,9.0,0.3076923076923077,0.39299427012689275,0.44382086425069334,0.27439888383802474,,,,1.0646959893662395,0.0006778597742666106,16.94898325603107,0.8
6,2014-10-15,bad_009,bad,False,False,,success,0.8200000000000002,4.65181988910868,2.5,8.0,3.0,8.0,0.2727272727272727,0.40240997793331207,0.46815195195293235,0.24901203855419815,,,,0.994389321916361,0.0006089714954121846,15.702484246714809,0.85
6,2014-10-15,bad_010,bad,False,False,,success,0.8200000000000002,2.658946421509441,3.5,8.0,4.0,8.0,0.3333333333333333,0.3836438186158888,0.4576905648194045,0.21086807747435227,,,,0.7396198426303183,0.0005544265594005596,11.591015674170544,0.75
6,2014-10-15,bad_011,bad,False,False,,success,0.8200000000000002,1.7025935140062955,2.5,8.0,3.0,8.0,0.2727272727272727,0.35511253089149414,0.4350739370686597,0.16853591647810784,,,,0.8126640113817472,0.0003928027856948325,12.846264961284668,0.8
6,2014-10-15,bad_012,bad,False,False,,failure,0.39000000000000007,-5.2857312126755005,3.0,8.0,3.0,8.0,0.2727272727272727,0.3629881936668281,0.4671376494319992,0.11997279688142905,,,,0.46874386439518917,0.00031171700948130906,7.421059013319605,0.7
6,2014-10-15,bad_013,bad,False,False,,failure,0.39000000000000007,-7.303754908443821,2.5,8.0,2.5,8.0,0.23809523809523808,0.42497070963769973,0.456390034488271,0.3516589516530335,,,,0.638460357982541,0.0004514864464611131,10.103946276605816,0.75
6,2014-10-15,bad_014,bad,False,False,,failure,0.39000000000000007,-2.9003620221212145,2.5,8.0,2.5,8.0,0.23809523809523808,0.425104903743159,0.5564334231184099,0.11867169186757366,,,,1.5222595097540628,0.0008944259353441326,24.09172876608132,0.9
6,2014-10-15,bad_015,bad,False,False,,failure,0.36000000000000004,-0.7860623496451353,2.5,8.0,2.5,8.0,0.23809523809523808,0.41667470175794424,0.4203864152566803,0.4080140369275601,,,,0.7996490959860365,0.00048318816872285986,12.805192870486868,0.75
6,2014-10-15,bad_016,bad,True,False,,,,,3.0,8.0,3.5,8.0,0.30434782608695654,0.5486169049275883,0.5449330164147443,0.557212644790891,,,,1.7619697522874556,0.0007032415742943037,28.089614974633218,1.0
6,2014-10-15,bad_017,bad,False,False,,failure,0.5100000000000001,-1.9995311667776292,2.5,8.0,2.5,8.0,0.23809523809523808,0.3361286530416799,0.45163440096348717,0.06661524122412965,,,,0.8747470329207082,0.0005167896059867026,14.127766568032078,0.8
6,2014-10-15,bad_018,bad,False,False,,success,0.9700000000000001,2.192075802659332,2.5,8.0,3.0,8.0,0.2727272727272727,0.45946772073408104,0.4787184244591005,0.4145494120423691,,,,1.20278788235025,0.0006922408891349008,19.053388064754582,0.85
6,2014-10-15,bad_019,bad,False,False,,success,0.9400000000000001,0.14244929443684384,3.0,8.0,3.5,8.0,0.30434782608695654,0.3306128528532105,0.4231325035611199,0.11473366786808863,,,,0.8488939681330854,0.0004725752239187991,13.349931574431437,0.75
6,2014-10-15,bad_020,bad,False,False,,success,0.9700000000000001,0.38267897659284245,2.0,8.0,2.5,8.0,0.23809523809523808,0.47050625507826693,0.5335086228627093,0.32350073024790144,,,,1.1703065664346766,0.0005501002848569136,18.575458203943672,0.9
6,2014-10-15,bad_021,bad,False,False,,success,0.9400000000000001,1.0125530287211575,2.5,8.0,3.0,8.0,0.2727272727272727,0.3616469313579751,0.4158201136164361,0.23524283942156612,,,,0.7305769325744408,0.0005221656864061768,11.53953805001396,0.75
6,2014-10-15,bad_022,bad,False,False,,failure,0.5100000000000001,-2.4901428269627957,2.5,8.0,2.5,8.0,0.23809523809523808,0.36207772224103707,0.41595560421627253,0.23636266429882105,,,,0.5664142967719816,0.0004326970554838329,9.016072225249442,0.65
6,2014-10-15,bad_023,bad,False,False,,failure,0.5100000000000001,-0.7409444991912721,3.0,8.0,3.0,8.0,0.2727272727272727,0.4196295866755918,0.45142224026978445,0.34544672828914236,,,,0.4750677108967369,0.00033404735612787846,7.660711883974268,0.7
6,2014-10-15,bad_024,bad,False,False,,failure,0.5100000000000001,-5.187213200652181,2.5,8.0,2.5,8.0,0.23809523809523808,0.4250798508174123,0.5000351451689308,0.2501841639972026,,,,0.9834085072219224,0.0005668571512340131,15.63763699783728,0.9
6,2014-10-15,bad_025,bad,False,False,,failure,0.4200000000000001,-1.5814941086303094,3.0,8.0,3.0,8.0,0.2727272727272727,0.48532542693177055,0.5937974657069064,0.23222400312312041,,,,3.9236775516235496,0.0009399819210754281,61.98680673914344,1.0
6,2014-10-15,bad_026,bad,False,False,,failure,0.39000000000000007,-3.2928102880390213,4.5,8.0,4.5,8.0,0.36,0.3884169840638031,0.44867383652014486,0.24781766166567243,,,,0.4214124143731953,0.00025372635335823706,6.813443533745044,0.75
6,2014-10-15,bad_027,bad,False,False,,success,0.8200000000000002,1.2387310132400273,3.5,9.0,4.0,9.0,0.3076923076923077,0.38678213301026654,0.44020619964243896,0.26212597753519773,,,,1.1358071350536962,0.0005756994503404872,17.92038074269518,0.8
6,2014-10-15,bad_028,bad,False,False,,failure,0.5100000000000001,-2.2263852648398483,3.0,8.0,3.0,8.0,0.2727272727272727,0.4253608979856423,0.4231534450072949,0.43051162160178624,,,,0.35364279755171546,0.00019439319949101337,5.753770137859982,0.65
6,2014-10-15,bad_029,bad,False,False,,success,0.8200000000000002,1.3844963908072856,4.5,8.0,5.0,8.0,0.38461538461538464,0.44034172650285486,0.5101944690148738,0.27735199397481086,,,,1.2553011960376412,0.0005358937881251567,19.819330657044137,0.95
6,2014-10-15,bad_030,bad,False,False,,failure,0.39000000000000007,-3.029909644111882,3.0,8.0,3.0,8.0,0.2727272727272727,0.2748777610343346,0.3230582475639139,0.1624566257986497,,,,0.2645595723750456,0.00015904555391592487,4.203152505830197,0.5
6,2014-10-15,bad_031,bad,False,False,,failure,0.5100000000000001,-3.1592466874336367,3.0,8.0,3.0,8.0,0.2727272727272727,0.3433439144061226,0.4147699031806797,0.17668327393215605,,,,0.5030991992068643,0.00031363630156295235,7.97973625931244,0.75
6,2014-10-15,bad_032,bad,False,False,,success,0.91,0.24178015227930416,2.5,8.0,3.0,8.0,0.2727272727272727,0.29235339120321424,0.3299938331410539,0.20452569334825496,,,,0.28909303524602276,0.00012148937250226389,4.57468950458816,0.7
6,2014-10-15,bad_033,bad,False,False,,success,0.8500000000000002,2.9171956169373345,3.5,8.0,4.0,8.0,0.3333333333333333,0.43950693342197344,0.5069879634399599,0.28205119671333845,,,,1.8437743932909865,0.0006272165108476671,29.403138759501026,1.0
6,2014-10-15,bad_034,bad,False,False,,failure,0.39000000000000007,-6.0923724552968395,3.0,8.0,3.0,8.0,0.2727272727272727,0.3543204727973562,0.43217220624599767,0.17266642808385949,,,,0.22227900061292016,0.00016531717181015457,3.778808557426405,0.55
6,2014-10-15,bad_035,bad,False,False,,failure,0.5100000000000001,-3.0728385274393872,3.0,8.0,3.0,8.0,0.2727272727272727,0.44348614502093797,0.4360848089244237,0.46075592924613823,,,,0.7166712877765942,0.0004196661960055666,11.403686265876683,0.75
6,2014-10-15,bad_036,bad,False,False,,success,0.9400000000000001,5.858772866659905,4.0,8.0,4.5,8.0,0.36,0.45803282952908464,0.5955514335129908,0.13715608689997022,,,,3.1684311433173895,0.0010406058161579524,51.33248581841532,1.0
6,2014-10-15,bad_037,bad,False,False,,success,0.9400000000000001,5.060188306673908,2.5,8.0,3.0,8.0,0.2727272727272727,0.4421714625935591,0.42971074125461506,0.47124647905109535,,,,0.6069220831608949,0.0004358761420485,9.439672466445936,0.7
6,2014-10-15,bad_038,bad,False,False,,success,0.8200000000000002,0.6017924421545615,3.5,8.0,4.0,8.0,0.3333333333333333,0.4176465720270453,0.43570759774871093,0.37550417867649233,,,,0.7081400347663268,0.00040618449918534424,11.289198833849655,0.65
6,2014-10-15,bad_039,bad,False,False,,success,0.9400000000000001,0.5544708517629005,2.5,8.0,3.0,8.0,0.2727272727272727,0.4076612482796497,0.4891891303232838,0.21742952351117026,,,,1.1909493567853264,0.0006679169191729,18.931323192697715,0.9
6,2014-10-15,bad_040,bad,False,False,,success,0.8500000000000002,1.4194337364129979,2.0,8.0,2.5,8.0,0.23809523809523808,0.47300607814553575,0.553424679867999,0.2853626741264549,,,,1.5375056627177879,0.0008788751711621401,24.72359000594015,0.9
6,2014-10-15,bad_041,bad,False,False,,failure,0.5400000000000001,-1.412553341252078,3.0,8.0,3.0,8.0,0.2727272727272727,0.4092458455998006,0.48776501228520047,0.22603445666720084,,,,0.969050766637736,0.0004898687139006804,15.305968620991115,0.8
6,2014-10-15,bad_042,bad,False,False,,failure,0.39000000000000007,-3.018752532828856,2.0,8.0,2.0,8.0,0.2,0.3688268863405034,0.48704169641430656,0.09299232950162956,,,,0.866759446660949,0.0005176982246196326,13.714378149902096,0.7
6,2014-10-15,bad_043,bad,False,False,,failure,0.5100000000000001,-0.19118055632584685,2.5,8.0,2.5,8.0,0.23809523809523808,0.3993922218368186,0.4356895077546363,0.3146985546952441,,,,1.058048607368776,0.0006137477055053866,16.852206381011325,0.75
6,2014-10-15,bad_044,bad,False,False,,failure,0.39000000000000007,-3.2727910782475647,2.5,8.0,2.5,8.0,0.23809523809523808,0.375397007946612,0.4229305323887064,0.26448545091505843,,,,0.36329230283923486,0.00021874909950797558,5.873030091604938,0.5
6,2014-10-15,bad_045,bad,False,False,,success,0.9700000000000001,4.12398869954167,3.5,8.0,4.0,8.0,0.3333333333333333,0.45394403790919347,0.5452826962922197,0.24082050168213234,,,,1.7678244171534854,0.0010289831983573987,28.030198573836604,0.95
6,2014-10-15,bad_046,bad,False,False,,failure,0.36000000000000004,-5.623939163942609,2.5,8.0,2.5,8.0,0.23809523809523808,0.33638608821086385,0.346535755593484,0.3127035309847503,,,,0.12526505846824898,0.00010558400585470676,2.0976850358478396,0.45
6,2014-10-15,bad_047,bad,False,False,,failure,0.5100000000000001,-3.706528085516709,2.5,8.0,2.5,8.0,0.23809523809523808,0.34727662983717345,0.4049033710428803,0.21281423369052427,,,,1.023372498678794,0.0005606467785227206,16.022605469420345,0.85
6,2014-10-15,bad_048,bad,False,False,,success,0.8500000000000002,1.227077764264621,3.0,8.0,3.5,8.0,0.30434782608695654,0.3965922409699702,0.48616486415725746,0.18758945353296666,,,,0.8100143699457925,0.0006160290024878759,12.973845639067664,0.75
6,2014-10-15,bad_049,bad,False,False,,failure,0.5400000000000001,-2.997533654555397,3.0,8.0,3.0,8.0,0.2727272727272727,0.4317084118313203,0.48763840191475993,0.3012051016366279,,,,1.0650579611683058,0.0005708079316721786,17.119088068651365,0.85
